image_id,img_path,seg_path,class,prompt,dataset_split,llava_prompt
ISIC_0012090,/root/autodl-tmp/data/ISIC2017/input/img_class/bkl/ISIC_0012090.jpg,/root/autodl-tmp/data/ISIC2017/input/seg_class/bkl/ISIC_0012090_segmentation.png,bkl,An image of a skin area with benign keratosis-like lesions.,train,"The dermoscopic image shows a benign keratosis-like lesion. The lesion appears to be a well-defined, slightly raised, and scaly area on the skin. It has a brownish color and a wart-like structure. The border of the lesion is irregular, and it lacks symmetry. Additionally, there are no notable patterns observed in the image."
ISIC_0012103,/root/autodl-tmp/data/ISIC2017/input/img_class/bkl/ISIC_0012103.jpg,/root/autodl-tmp/data/ISIC2017/input/seg_class/bkl/ISIC_0012103_segmentation.png,bkl,An image of a skin area with benign keratosis-like lesions.,train,"This dermoscopic image shows a benign keratosis-like lesion. The lesion appears to be a well-defined, slightly raised, and scaly area on the skin. It has a brownish color and a warty structure. The border of the lesion is irregular, and it lacks symmetry. Additionally, there are no notable patterns observed in the image."
ISIC_0012117,/root/autodl-tmp/data/ISIC2017/input/img_class/bkl/ISIC_0012117.jpg,/root/autodl-tmp/data/ISIC2017/input/seg_class/bkl/ISIC_0012117_segmentation.png,bkl,An image of a skin area with benign keratosis-like lesions.,train,"The dermoscopic image shows a benign keratosis-like lesion. The lesion appears to be well-defined, with a color that is not specified in the provided information. The structure of the lesion is not explicitly mentioned, but it is described as having a benign keratosis-like appearance. The border of the lesion is likely well-defined, and the symmetry is not specified. The notable patterns mentioned are the ""starfield"" pattern and the ""comedo-open ring"" pattern. These patterns are often seen in certain types of benign keratoses."
ISIC_0012155,/root/autodl-tmp/data/ISIC2017/input/img_class/bkl/ISIC_0012155.jpg,/root/autodl-tmp/data/ISIC2017/input/seg_class/bkl/ISIC_0012155_segmentation.png,bkl,An image of a skin area with benign keratosis-like lesions.,train,"The dermoscopic image shows a benign keratosis-like lesion. The lesion appears to be a well-defined, round, and slightly raised area with a brownish color. It has a central depression and a slightly irregular border. The lesion is asymmetrical and has a reticular pattern, which is a network-like pattern."
ISIC_0012170,/root/autodl-tmp/data/ISIC2017/input/img_class/bkl/ISIC_0012170.jpg,/root/autodl-tmp/data/ISIC2017/input/seg_class/bkl/ISIC_0012170_segmentation.png,bkl,An image of a skin area with benign keratosis-like lesions.,train,"This dermoscopic image shows a benign keratosis-like lesion. The lesion appears to be well-defined, with a color and structure that resemble a keratosis. The border of the lesion is likely well-defined, and it may exhibit some symmetry. There might be notable patterns or features that can help differentiate it from other types of lesions. However, it is important to note that a definitive diagnosis should be made by a healthcare professional after considering the patient's clinical history and other diagnostic tests."
ISIC_0012172,/root/autodl-tmp/data/ISIC2017/input/img_class/bkl/ISIC_0012172.jpg,/root/autodl-tmp/data/ISIC2017/input/seg_class/bkl/ISIC_0012172_segmentation.png,bkl,An image of a skin area with benign keratosis-like lesions.,train,"The dermoscopic image shows a keratosis-like lesion, which is a benign skin growth. The lesion appears to be a well-defined, round, and slightly raised structure with a slightly irregular border. It has a homogeneous color and a symmetrical structure. The lesion does not show any notable patterns, which is consistent with a benign keratosis."
ISIC_0012173,/root/autodl-tmp/data/ISIC2017/input/img_class/bkl/ISIC_0012173.jpg,/root/autodl-tmp/data/ISIC2017/input/seg_class/bkl/ISIC_0012173_segmentation.png,bkl,An image of a skin area with benign keratosis-like lesions.,train,"The dermoscopic image shows a benign keratosis-like lesion. The lesion appears to be a well-defined, round, and slightly elevated area with a brownish color. It has a warty structure and a regular border. The lesion is symmetric and has a reticular pattern, which is a network-like pattern."
ISIC_0012183,/root/autodl-tmp/data/ISIC2017/input/img_class/bkl/ISIC_0012183.jpg,/root/autodl-tmp/data/ISIC2017/input/seg_class/bkl/ISIC_0012183_segmentation.png,bkl,An image of a skin area with benign keratosis-like lesions.,train,"The dermoscopic image shows a benign keratosis-like lesion. The lesion appears to be a well-defined, slightly raised, and asymmetrical structure with a brownish color. It has a warty surface and a slightly irregular border. The lesion is symmetric and has a reticular pattern, which is a network-like pattern."
ISIC_0012214,/root/autodl-tmp/data/ISIC2017/input/img_class/bkl/ISIC_0012214.jpg,/root/autodl-tmp/data/ISIC2017/input/seg_class/bkl/ISIC_0012214_segmentation.png,bkl,An image of a skin area with benign keratosis-like lesions.,train,"The dermoscopic image shows a benign keratosis-like lesion. The lesion appears to be a well-defined, round, and slightly elevated area with a brownish color. It has a warty structure and a slightly irregular border. The lesion is asymmetrical and has a reticular pattern, which is a network-like pattern."
ISIC_0012217,/root/autodl-tmp/data/ISIC2017/input/img_class/bkl/ISIC_0012217.jpg,/root/autodl-tmp/data/ISIC2017/input/seg_class/bkl/ISIC_0012217_segmentation.png,bkl,An image of a skin area with benign keratosis-like lesions.,train,"The dermoscopic image shows a benign keratosis-like lesion. The lesion appears to be well-defined, with a color that is not specified. The structure of the lesion is described as a papule, which is a small, raised skin lesion. The border of the lesion is described as regular, and it is symmetric. The lesion does not show any notable patterns."
ISIC_0012224,/root/autodl-tmp/data/ISIC2017/input/img_class/bkl/ISIC_0012224.jpg,/root/autodl-tmp/data/ISIC2017/input/seg_class/bkl/ISIC_0012224_segmentation.png,bkl,An image of a skin area with benign keratosis-like lesions.,train,"The dermoscopic image shows a benign keratosis-like lesion. The lesion appears to be a well-defined, round, and slightly raised area with a light brown color. It has a warty structure, a regular border, and a symmetrical appearance. The lesion also exhibits a reticular pattern, which is a network-like pattern often seen in certain skin conditions."
ISIC_0012227,/root/autodl-tmp/data/ISIC2017/input/img_class/bkl/ISIC_0012227.jpg,/root/autodl-tmp/data/ISIC2017/input/seg_class/bkl/ISIC_0012227_segmentation.png,bkl,An image of a skin area with benign keratosis-like lesions.,train,"The dermoscopic image shows a benign keratosis-like lesion. The lesion appears to be a well-defined, round, and slightly raised area with a light brown color. It has a structure that resembles a keratosis, which is a benign skin growth. The border of the lesion is well-defined, and it shows a symmetrical pattern. There are no notable patterns observed in the image."
ISIC_0012237,/root/autodl-tmp/data/ISIC2017/input/img_class/bkl/ISIC_0012237.jpg,/root/autodl-tmp/data/ISIC2017/input/seg_class/bkl/ISIC_0012237_segmentation.png,bkl,An image of a skin area with benign keratosis-like lesions.,train,"The dermoscopic image shows a benign keratosis-like lesion. The lesion appears to be a well-defined, round, and symmetric structure with a brown color. It has a warty or papillary structure, which means it has a rough, bumpy, or finger-like appearance. The border of the lesion is well-defined, and there are no notable patterns observed in the image."
ISIC_0012238,/root/autodl-tmp/data/ISIC2017/input/img_class/bkl/ISIC_0012238.jpg,/root/autodl-tmp/data/ISIC2017/input/seg_class/bkl/ISIC_0012238_segmentation.png,bkl,An image of a skin area with benign keratosis-like lesions.,train,"The dermoscopic image shows a benign keratosis-like lesion. The lesion appears to be well-defined, with a color that is consistent with the patient's skin tone. The structure of the lesion is described as a papule, which is a small, raised skin lesion. The border of the lesion is described as well-defined, and the symmetry is described as asymmetric. The notable pattern mentioned is the presence of a central depression."
ISIC_0012245,/root/autodl-tmp/data/ISIC2017/input/img_class/bkl/ISIC_0012245.jpg,/root/autodl-tmp/data/ISIC2017/input/seg_class/bkl/ISIC_0012245_segmentation.png,bkl,An image of a skin area with benign keratosis-like lesions.,train,"The dermoscopic image shows a benign keratosis-like lesion. The lesion appears to be a well-defined, round, and slightly elevated area with a brownish color. It has a warty structure, a regular border, and a symmetrical appearance. The lesion also exhibits a dotted pattern, which is a notable feature."
ISIC_0012282,/root/autodl-tmp/data/ISIC2017/input/img_class/bkl/ISIC_0012282.jpg,/root/autodl-tmp/data/ISIC2017/input/seg_class/bkl/ISIC_0012282_segmentation.png,bkl,An image of a skin area with benign keratosis-like lesions.,train,"The dermoscopic image shows a benign keratosis-like lesion. The lesion appears to be well-defined, with a color that is not explicitly mentioned. The structure of the lesion is described as a papule, which is a small, raised skin lesion. The border of the lesion is described as irregular, and it is asymmetric. The lesion does not show any notable patterns."
ISIC_0012291,/root/autodl-tmp/data/ISIC2017/input/img_class/bkl/ISIC_0012291.jpg,/root/autodl-tmp/data/ISIC2017/input/seg_class/bkl/ISIC_0012291_segmentation.png,bkl,An image of a skin area with benign keratosis-like lesions.,train,"The dermoscopic image shows a benign keratosis-like lesion. The lesion appears to be a well-defined, pigmented, and symmetric structure with a regular border. It is important to note that the lesion does not exhibit any notable patterns."
ISIC_0012294,/root/autodl-tmp/data/ISIC2017/input/img_class/bkl/ISIC_0012294.jpg,/root/autodl-tmp/data/ISIC2017/input/seg_class/bkl/ISIC_0012294_segmentation.png,bkl,An image of a skin area with benign keratosis-like lesions.,train,"The dermoscopic image shows a benign keratosis-like lesion. The lesion appears to be brown in color and has a structure that resembles a keratosis. The border of the lesion is irregular, and it lacks symmetry. Additionally, there are no notable patterns observed in the image."
ISIC_0012299,/root/autodl-tmp/data/ISIC2017/input/img_class/bkl/ISIC_0012299.jpg,/root/autodl-tmp/data/ISIC2017/input/seg_class/bkl/ISIC_0012299_segmentation.png,bkl,An image of a skin area with benign keratosis-like lesions.,train,"The dermoscopic image shows a benign keratosis-like lesion. The lesion appears to be a well-defined, slightly raised, and scaly area on the skin. It has a brownish color and a wart-like structure. The border of the lesion is irregular, and the lesion is asymmetrical. Additionally, there are some notable patterns, such as a central depression and a peripheral rim of pigmentation."
ISIC_0012329,/root/autodl-tmp/data/ISIC2017/input/img_class/bkl/ISIC_0012329.jpg,/root/autodl-tmp/data/ISIC2017/input/seg_class/bkl/ISIC_0012329_segmentation.png,bkl,An image of a skin area with benign keratosis-like lesions.,train,"The dermoscopic image shows a benign keratosis-like lesion. The lesion appears to be well-defined, with a color that is not explicitly mentioned. The structure of the lesion is described as a ""verrucous"" or ""wart-like"" appearance, which is a characteristic feature of keratosis. The border of the lesion is described as ""sharp"" and ""well-defined,"" indicating that it has a clear and distinct boundary. The symmetry of the lesion is mentioned, which means that the lesion has a balanced and symmetrical appearance. Additionally, the image"
ISIC_0012342,/root/autodl-tmp/data/ISIC2017/input/img_class/bkl/ISIC_0012342.jpg,/root/autodl-tmp/data/ISIC2017/input/seg_class/bkl/ISIC_0012342_segmentation.png,bkl,An image of a skin area with benign keratosis-like lesions.,train,"The dermoscopic image shows a benign keratosis-like lesion. The lesion appears to be a well-defined, round, and slightly elevated area with a brownish color. It has a central crateriform structure and a regular, symmetric border. The lesion also exhibits a reticular pattern, which is a network-like pattern often seen in certain skin conditions."
ISIC_0012359,/root/autodl-tmp/data/ISIC2017/input/img_class/bkl/ISIC_0012359.jpg,/root/autodl-tmp/data/ISIC2017/input/seg_class/bkl/ISIC_0012359_segmentation.png,bkl,An image of a skin area with benign keratosis-like lesions.,train,"This dermoscopic image shows a benign keratosis-like lesion. The lesion appears to be a well-defined, round, and slightly raised area on the skin. It has a homogeneous color and a regular border. The lesion is symmetric and has a regular pattern. These characteristics are consistent with a benign keratosis, which is a non-cancerous skin growth."
ISIC_0012377,/root/autodl-tmp/data/ISIC2017/input/img_class/bkl/ISIC_0012377.jpg,/root/autodl-tmp/data/ISIC2017/input/seg_class/bkl/ISIC_0012377_segmentation.png,bkl,An image of a skin area with benign keratosis-like lesions.,train,"The dermoscopic image shows a benign keratosis-like lesion. It is located on the patient's skin, but the specific location is not mentioned. The lesion appears to be a benign growth, which means it is not cancerous. The color, structure, border, symmetry, and notable patterns of the lesion can be observed in the image. However, it is important to remember that a healthcare professional should be consulted for a thorough evaluation and proper diagnosis of any skin lesion."
ISIC_0012379,/root/autodl-tmp/data/ISIC2017/input/img_class/bkl/ISIC_0012379.jpg,/root/autodl-tmp/data/ISIC2017/input/seg_class/bkl/ISIC_0012379_segmentation.png,bkl,An image of a skin area with benign keratosis-like lesions.,train,"The dermoscopic image shows a benign keratosis-like lesion. The lesion appears to be well-defined, with a homogenous structure and a regular border. The color of the lesion is unspecified, but it is important to note that the lesion is benign, meaning it is not cancerous."
ISIC_0012386,/root/autodl-tmp/data/ISIC2017/input/img_class/bkl/ISIC_0012386.jpg,/root/autodl-tmp/data/ISIC2017/input/seg_class/bkl/ISIC_0012386_segmentation.png,bkl,An image of a skin area with benign keratosis-like lesions.,train,"The dermoscopic image shows a benign keratosis-like lesion. The lesion appears to be a well-defined, slightly raised, brownish-yellowish, and homogenous structure with a regular border. It is symmetric and has a slightly irregular surface. The lesion does not show any notable patterns."
ISIC_0012390,/root/autodl-tmp/data/ISIC2017/input/img_class/bkl/ISIC_0012390.jpg,/root/autodl-tmp/data/ISIC2017/input/seg_class/bkl/ISIC_0012390_segmentation.png,bkl,An image of a skin area with benign keratosis-like lesions.,train,"The dermoscopic image shows a benign keratosis-like lesion. The lesion appears to be a well-defined, round, and slightly elevated area with a brownish color. It has a wart-like structure, a regular border, and a symmetric appearance. The lesion also exhibits a ""star sign"" pattern, which is a notable feature."
ISIC_0012397,/root/autodl-tmp/data/ISIC2017/input/img_class/bkl/ISIC_0012397.jpg,/root/autodl-tmp/data/ISIC2017/input/seg_class/bkl/ISIC_0012397_segmentation.png,bkl,An image of a skin area with benign keratosis-like lesions.,train,"The dermoscopic image shows a benign keratosis-like lesion. The lesion appears to be a well-defined, round, and slightly elevated area with a brownish color. It has a central depression and a slightly irregular border. The lesion is symmetric and has a wart-like pattern."
ISIC_0012415,/root/autodl-tmp/data/ISIC2017/input/img_class/bkl/ISIC_0012415.jpg,/root/autodl-tmp/data/ISIC2017/input/seg_class/bkl/ISIC_0012415_segmentation.png,bkl,An image of a skin area with benign keratosis-like lesions.,train,"The dermoscopic image shows a benign keratosis-like lesion. The lesion appears to be brown, with a warty structure, a well-defined border, and a symmetrical pattern. The lesion is located on the patient's skin, but the specific location and skin tone are not mentioned."
ISIC_0012416,/root/autodl-tmp/data/ISIC2017/input/img_class/bkl/ISIC_0012416.jpg,/root/autodl-tmp/data/ISIC2017/input/seg_class/bkl/ISIC_0012416_segmentation.png,bkl,An image of a skin area with benign keratosis-like lesions.,train,"The dermoscopic image shows a benign keratosis-like lesion. The lesion appears to be a well-defined, round, and slightly raised area on the skin. It has a homogeneous, yellowish color and a regular border. The lesion is symmetric and has a reticular pattern, which is a network-like pattern."
ISIC_0012433,/root/autodl-tmp/data/ISIC2017/input/img_class/bkl/ISIC_0012433.jpg,/root/autodl-tmp/data/ISIC2017/input/seg_class/bkl/ISIC_0012433_segmentation.png,bkl,An image of a skin area with benign keratosis-like lesions.,train,"The dermoscopic image shows a benign keratosis-like lesion. The lesion appears to be a well-defined, round, and slightly elevated structure. It has a homogeneous color and a regular border. The lesion is symmetrical and lacks any notable patterns."
ISIC_0012452,/root/autodl-tmp/data/ISIC2017/input/img_class/bkl/ISIC_0012452.jpg,/root/autodl-tmp/data/ISIC2017/input/seg_class/bkl/ISIC_0012452_segmentation.png,bkl,An image of a skin area with benign keratosis-like lesions.,train,"This dermoscopic image shows a benign keratosis-like lesion. The lesion appears to be a well-defined, round, and raised structure with a slightly irregular border. It has a light brown color and a warty surface. The lesion is asymmetrical, which means it does not have a symmetrical shape. There are no notable patterns observed in the image."
ISIC_0012455,/root/autodl-tmp/data/ISIC2017/input/img_class/bkl/ISIC_0012455.jpg,/root/autodl-tmp/data/ISIC2017/input/seg_class/bkl/ISIC_0012455_segmentation.png,bkl,An image of a skin area with benign keratosis-like lesions.,train,"The dermoscopic image shows a benign keratosis-like lesion. The lesion appears to be a well-defined, round, and raised structure with a warty surface. It has a regular border and is symmetric. The lesion is located on the patient's skin, but the specific location is not mentioned. The skin tone is also unspecified."
ISIC_0012459,/root/autodl-tmp/data/ISIC2017/input/img_class/bkl/ISIC_0012459.jpg,/root/autodl-tmp/data/ISIC2017/input/seg_class/bkl/ISIC_0012459_segmentation.png,bkl,An image of a skin area with benign keratosis-like lesions.,train,"The dermoscopic image shows a benign keratosis-like lesion. The lesion appears to be a slightly raised, well-defined, and symmetric area with a brownish color. It has a warty structure and a regular border. The lesion is asymmetrical, which is a notable pattern."
ISIC_0012469,/root/autodl-tmp/data/ISIC2017/input/img_class/bkl/ISIC_0012469.jpg,/root/autodl-tmp/data/ISIC2017/input/seg_class/bkl/ISIC_0012469_segmentation.png,bkl,An image of a skin area with benign keratosis-like lesions.,train,"The dermoscopic image shows a benign keratosis-like lesion. The lesion appears to be a well-defined, round, and slightly raised area on the skin. It has a homogenous color and a regular border. The lesion is symmetric and has a regular structure. There are no notable patterns observed in the image."
ISIC_0012473,/root/autodl-tmp/data/ISIC2017/input/img_class/bkl/ISIC_0012473.jpg,/root/autodl-tmp/data/ISIC2017/input/seg_class/bkl/ISIC_0012473_segmentation.png,bkl,An image of a skin area with benign keratosis-like lesions.,train,"The dermoscopic image shows a benign keratosis-like lesion. The lesion appears to be well-defined, with a color that is consistent with the patient's skin tone. The structure of the lesion is described as a papule, which is a small, raised skin lesion. The border of the lesion is described as well-defined, and it is symmetrical. The notable pattern mentioned is a ""cobblestone"" pattern, which is a term used to describe a specific appearance of the lesion when viewed under dermoscopy."
ISIC_0012475,/root/autodl-tmp/data/ISIC2017/input/img_class/bkl/ISIC_0012475.jpg,/root/autodl-tmp/data/ISIC2017/input/seg_class/bkl/ISIC_0012475_segmentation.png,bkl,An image of a skin area with benign keratosis-like lesions.,train,"The dermoscopic image shows a benign keratosis-like lesion. The lesion has a brown color and a well-defined structure. The border is irregular, and the lesion is asymmetrical. There are no notable patterns observed in the image."
ISIC_0012478,/root/autodl-tmp/data/ISIC2017/input/img_class/bkl/ISIC_0012478.jpg,/root/autodl-tmp/data/ISIC2017/input/seg_class/bkl/ISIC_0012478_segmentation.png,bkl,An image of a skin area with benign keratosis-like lesions.,train,"The dermoscopic image shows a benign keratosis-like lesion. The lesion appears to be a well-defined, round, and slightly elevated area with a light brown color. It has a warty structure, a regular border, and a symmetrical appearance. The lesion also exhibits a dotted pattern, which is a notable feature."
ISIC_0012501,/root/autodl-tmp/data/ISIC2017/input/img_class/bkl/ISIC_0012501.jpg,/root/autodl-tmp/data/ISIC2017/input/seg_class/bkl/ISIC_0012501_segmentation.png,bkl,An image of a skin area with benign keratosis-like lesions.,train,"The dermoscopic image shows a benign keratosis-like lesion. The lesion appears to be a raised, slightly pigmented, well-defined, and symmetric structure. It has a slightly irregular border and a central, slightly pigmented, and symmetrically distributed dot. The lesion is located on the patient's skin, but the specific location is not mentioned."
ISIC_0012516,/root/autodl-tmp/data/ISIC2017/input/img_class/bkl/ISIC_0012516.jpg,/root/autodl-tmp/data/ISIC2017/input/seg_class/bkl/ISIC_0012516_segmentation.png,bkl,An image of a skin area with benign keratosis-like lesions.,train,"The dermoscopic image shows a benign keratosis-like lesion. The lesion appears to be a well-defined, round, and slightly elevated area. It has a brownish color and a wart-like structure. The border is irregular, and the lesion is asymmetrical. The notable pattern observed in the image is a central depression."
ISIC_0012517,/root/autodl-tmp/data/ISIC2017/input/img_class/bkl/ISIC_0012517.jpg,/root/autodl-tmp/data/ISIC2017/input/seg_class/bkl/ISIC_0012517_segmentation.png,bkl,An image of a skin area with benign keratosis-like lesions.,train,"The dermoscopic image shows a benign keratosis-like lesion. It is important to note that the lesion appears to be benign, meaning it is not cancerous. The image provides a visual representation of the lesion's color, structure, border, symmetry, and notable patterns. However, without more specific information about the patient, location, and skin tone, it is difficult to provide further details."
ISIC_0012527,/root/autodl-tmp/data/ISIC2017/input/img_class/bkl/ISIC_0012527.jpg,/root/autodl-tmp/data/ISIC2017/input/seg_class/bkl/ISIC_0012527_segmentation.png,bkl,An image of a skin area with benign keratosis-like lesions.,train,"The dermoscopic image shows a benign keratosis-like lesion. The lesion appears to be well-defined, with a brownish color and a slightly elevated structure. The border is irregular, and the lesion is asymmetrical. There are no notable patterns observed in the image."
ISIC_0012543,/root/autodl-tmp/data/ISIC2017/input/img_class/bkl/ISIC_0012543.jpg,/root/autodl-tmp/data/ISIC2017/input/seg_class/bkl/ISIC_0012543_segmentation.png,bkl,An image of a skin area with benign keratosis-like lesions.,train,"The dermoscopic image shows a benign keratosis-like lesion. The lesion appears to be a well-defined, slightly raised, and slightly pigmented area. It has a warty structure, a regular border, and a symmetric appearance. The lesion also exhibits a notable ""star sign"" pattern."
ISIC_0012661,/root/autodl-tmp/data/ISIC2017/input/img_class/bkl/ISIC_0012661.jpg,/root/autodl-tmp/data/ISIC2017/input/seg_class/bkl/ISIC_0012661_segmentation.png,bkl,An image of a skin area with benign keratosis-like lesions.,train,"The dermoscopic image shows a benign keratosis-like lesion. The lesion appears to be a well-defined, round, and slightly raised area on the skin. It has a light brown color and a slightly scaly surface. The border of the lesion is well-defined, and the lesion is symmetric. There are no notable patterns observed in the image."
ISIC_0012666,/root/autodl-tmp/data/ISIC2017/input/img_class/bkl/ISIC_0012666.jpg,/root/autodl-tmp/data/ISIC2017/input/seg_class/bkl/ISIC_0012666_segmentation.png,bkl,An image of a skin area with benign keratosis-like lesions.,train,"This dermoscopic image shows a benign keratosis-like lesion. The lesion appears to be a well-defined, round, and slightly elevated structure with a homogenous color. The border of the lesion is irregular, and there is no symmetry observed. Additionally, there are no notable patterns present in the image."
ISIC_0012693,/root/autodl-tmp/data/ISIC2017/input/img_class/bkl/ISIC_0012693.jpg,/root/autodl-tmp/data/ISIC2017/input/seg_class/bkl/ISIC_0012693_segmentation.png,bkl,An image of a skin area with benign keratosis-like lesions.,train,"The dermoscopic image shows a benign keratosis-like lesion. The lesion appears to be a well-defined, round, and slightly raised area on the skin. It has a uniform color and a regular border. The lesion is symmetric and has a regular pattern, which are characteristics of a benign keratosis."
ISIC_0012696,/root/autodl-tmp/data/ISIC2017/input/img_class/bkl/ISIC_0012696.jpg,/root/autodl-tmp/data/ISIC2017/input/seg_class/bkl/ISIC_0012696_segmentation.png,bkl,An image of a skin area with benign keratosis-like lesions.,train,"The dermoscopic image shows a benign keratosis-like lesion. The lesion appears to be a well-defined, round, and slightly elevated structure with a white-yellow color. It has a central depression and a slightly irregular border. The lesion is symmetric and has a reticular pattern, which is a network-like pattern."
ISIC_0012697,/root/autodl-tmp/data/ISIC2017/input/img_class/bkl/ISIC_0012697.jpg,/root/autodl-tmp/data/ISIC2017/input/seg_class/bkl/ISIC_0012697_segmentation.png,bkl,An image of a skin area with benign keratosis-like lesions.,train,"The dermoscopic image shows a lesion with a color, structure, border, symmetry, and notable patterns. These characteristics are consistent with a benign keratosis-like lesion."
ISIC_0012704,/root/autodl-tmp/data/ISIC2017/input/img_class/bkl/ISIC_0012704.jpg,/root/autodl-tmp/data/ISIC2017/input/seg_class/bkl/ISIC_0012704_segmentation.png,bkl,An image of a skin area with benign keratosis-like lesions.,train,"The dermoscopic image shows a benign keratosis-like lesion. The lesion appears to be a well-defined, round, and slightly raised area on the skin. It has a brownish color and a wart-like structure. The border of the lesion is irregular, and it lacks symmetry. The lesion also shows a notable pattern of a central depression surrounded by a peripheral rim of hyperpigmentation."
ISIC_0012719,/root/autodl-tmp/data/ISIC2017/input/img_class/bkl/ISIC_0012719.jpg,/root/autodl-tmp/data/ISIC2017/input/seg_class/bkl/ISIC_0012719_segmentation.png,bkl,An image of a skin area with benign keratosis-like lesions.,train,"The dermoscopic image shows a benign keratosis-like lesion. The lesion appears to be a well-defined, round, and slightly elevated area. It has a light brown color and a slightly scaly surface. The border of the lesion is well-defined, and it exhibits a symmetrical pattern. There are no notable patterns observed in the image."
ISIC_0012772,/root/autodl-tmp/data/ISIC2017/input/img_class/bkl/ISIC_0012772.jpg,/root/autodl-tmp/data/ISIC2017/input/seg_class/bkl/ISIC_0012772_segmentation.png,bkl,An image of a skin area with benign keratosis-like lesions.,train,"The dermoscopic image shows a benign keratosis-like lesion. The lesion appears to be a well-circumscribed, round, and slightly raised area with a brownish color. It has a warty structure, a regular border, and a symmetrical appearance. The lesion also exhibits a ""star sign"" pattern, which is a notable feature."
ISIC_0012773,/root/autodl-tmp/data/ISIC2017/input/img_class/bkl/ISIC_0012773.jpg,/root/autodl-tmp/data/ISIC2017/input/seg_class/bkl/ISIC_0012773_segmentation.png,bkl,An image of a skin area with benign keratosis-like lesions.,train,"The dermoscopic image shows a benign keratosis-like lesion. The lesion appears to be a well-circumscribed, round, and symmetric structure with a homogenous, yellowish color. It has a slightly raised border and a central, darker area. The lesion is located on the skin and is associated with a benign keratosis."
ISIC_0012785,/root/autodl-tmp/data/ISIC2017/input/img_class/bkl/ISIC_0012785.jpg,/root/autodl-tmp/data/ISIC2017/input/seg_class/bkl/ISIC_0012785_segmentation.png,bkl,An image of a skin area with benign keratosis-like lesions.,train,"The dermoscopic image shows a benign keratosis-like lesion. The lesion appears to be a well-defined, round, and slightly raised area with a brownish color. It has a central depression and a slightly irregular border. The lesion is asymmetrical and has a dotted pattern."
ISIC_0012790,/root/autodl-tmp/data/ISIC2017/input/img_class/bkl/ISIC_0012790.jpg,/root/autodl-tmp/data/ISIC2017/input/seg_class/bkl/ISIC_0012790_segmentation.png,bkl,An image of a skin area with benign keratosis-like lesions.,train,"The dermoscopic image shows a benign keratosis-like lesion. The lesion appears to be a well-defined, slightly raised, and pigmented area with a warty surface. The border is irregular, and the lesion is asymmetrical. There are no notable patterns observed in the image."
ISIC_0012792,/root/autodl-tmp/data/ISIC2017/input/img_class/bkl/ISIC_0012792.jpg,/root/autodl-tmp/data/ISIC2017/input/seg_class/bkl/ISIC_0012792_segmentation.png,bkl,An image of a skin area with benign keratosis-like lesions.,train,"The dermoscopic image shows a benign keratosis-like lesion. The lesion appears to be a well-defined, round, and slightly raised structure with a brownish color. It has a central depression and a slightly irregular border. The lesion is asymmetrical and lacks any notable patterns."
ISIC_0012800,/root/autodl-tmp/data/ISIC2017/input/img_class/bkl/ISIC_0012800.jpg,/root/autodl-tmp/data/ISIC2017/input/seg_class/bkl/ISIC_0012800_segmentation.png,bkl,An image of a skin area with benign keratosis-like lesions.,train,"The dermoscopic image shows a benign keratosis-like lesion. The lesion appears to be a well-defined, round, and slightly elevated area with a brownish color. It has a central depression and a slightly irregular border. The lesion is asymmetrical and has a ""star sign"" pattern, which is a notable feature."
ISIC_0012810,/root/autodl-tmp/data/ISIC2017/input/img_class/bkl/ISIC_0012810.jpg,/root/autodl-tmp/data/ISIC2017/input/seg_class/bkl/ISIC_0012810_segmentation.png,bkl,An image of a skin area with benign keratosis-like lesions.,train,"The dermoscopic image shows a benign keratosis-like lesion. It is important to note that the lesion appears to be benign, which means it is not cancerous. However, it is essential to consult a healthcare professional for a thorough evaluation and proper diagnosis of the lesion."
ISIC_0012811,/root/autodl-tmp/data/ISIC2017/input/img_class/bkl/ISIC_0012811.jpg,/root/autodl-tmp/data/ISIC2017/input/seg_class/bkl/ISIC_0012811_segmentation.png,bkl,An image of a skin area with benign keratosis-like lesions.,train,"The dermoscopic image shows a benign keratosis-like lesion. The lesion has a brownish color and a warty structure. The border is irregular, and the lesion is asymmetric. There are no notable patterns observed in the image."
ISIC_0012813,/root/autodl-tmp/data/ISIC2017/input/img_class/bkl/ISIC_0012813.jpg,/root/autodl-tmp/data/ISIC2017/input/seg_class/bkl/ISIC_0012813_segmentation.png,bkl,An image of a skin area with benign keratosis-like lesions.,train,"The dermoscopic image shows a benign keratosis-like lesion. The lesion appears to be a well-defined, slightly raised, and slightly pigmented area on the skin. It has a regular border and is symmetric in appearance. The lesion does not show any notable patterns."
ISIC_0012828,/root/autodl-tmp/data/ISIC2017/input/img_class/bkl/ISIC_0012828.jpg,/root/autodl-tmp/data/ISIC2017/input/seg_class/bkl/ISIC_0012828_segmentation.png,bkl,An image of a skin area with benign keratosis-like lesions.,train,"The dermoscopic image shows a benign keratosis-like lesion. The lesion appears to be well-defined, with a color and structure that resemble a keratosis. The border of the lesion is likely well-defined, and it may exhibit some symmetry. The notable patterns in the image could include features such as a warty or verrucous appearance, which are characteristic of keratoses. Keep in mind that the specific details of the lesion may vary depending on the individual patient and the quality of the image."
ISIC_0012833,/root/autodl-tmp/data/ISIC2017/input/img_class/bkl/ISIC_0012833.jpg,/root/autodl-tmp/data/ISIC2017/input/seg_class/bkl/ISIC_0012833_segmentation.png,bkl,An image of a skin area with benign keratosis-like lesions.,train,"The dermoscopic image shows a benign keratosis-like lesion. The lesion appears to be a well-defined, round, and slightly raised structure with a homogeneous color. The border of the lesion is well-defined, and it shows a symmetrical pattern. Additionally, there are no notable patterns observed in the image."
ISIC_0012840,/root/autodl-tmp/data/ISIC2017/input/img_class/bkl/ISIC_0012840.jpg,/root/autodl-tmp/data/ISIC2017/input/seg_class/bkl/ISIC_0012840_segmentation.png,bkl,An image of a skin area with benign keratosis-like lesions.,train,"The dermoscopic image shows a benign keratosis-like lesion. The lesion appears to be well-defined, with a color that is not specified in the provided information. The structure of the lesion is not specified either. The border of the lesion is well-defined, and it shows symmetry. The notable pattern mentioned is ""salt and pepper."" Keep in mind that these observations are based on the provided information and should be interpreted in the context of the patient's clinical history and other diagnostic findings."
ISIC_0012845,/root/autodl-tmp/data/ISIC2017/input/img_class/bkl/ISIC_0012845.jpg,/root/autodl-tmp/data/ISIC2017/input/seg_class/bkl/ISIC_0012845_segmentation.png,bkl,An image of a skin area with benign keratosis-like lesions.,train,"The dermoscopic image shows a benign keratosis-like lesion. The lesion appears to be a well-defined, round, and slightly raised area on the skin. It has a homogeneous color and a regular border. The lesion is symmetric and does not show any notable patterns."
ISIC_0012851,/root/autodl-tmp/data/ISIC2017/input/img_class/bkl/ISIC_0012851.jpg,/root/autodl-tmp/data/ISIC2017/input/seg_class/bkl/ISIC_0012851_segmentation.png,bkl,An image of a skin area with benign keratosis-like lesions.,train,"This dermoscopic image shows a benign keratosis-like lesion. The lesion appears to have a color, structure, border, symmetry, and notable patterns. However, without more specific information, it is difficult to provide further details about the lesion's appearance. It is important to remember that dermoscopy is a non-invasive diagnostic tool used to examine skin lesions, and the interpretation of dermoscopic images should be done by a trained professional."
ISIC_0012854,/root/autodl-tmp/data/ISIC2017/input/img_class/bkl/ISIC_0012854.jpg,/root/autodl-tmp/data/ISIC2017/input/seg_class/bkl/ISIC_0012854_segmentation.png,bkl,An image of a skin area with benign keratosis-like lesions.,train,"The dermoscopic image shows a benign keratosis-like lesion. The lesion appears to be well-defined, with a homogenous structure and a regular border. The color of the lesion is unspecified, and it is symmetric. The lesion does not show any notable patterns."
ISIC_0012856,/root/autodl-tmp/data/ISIC2017/input/img_class/bkl/ISIC_0012856.jpg,/root/autodl-tmp/data/ISIC2017/input/seg_class/bkl/ISIC_0012856_segmentation.png,bkl,An image of a skin area with benign keratosis-like lesions.,train,"The dermoscopic image shows a benign keratosis-like lesion. The lesion appears to be a well-defined, round, and slightly elevated area with a yellowish color. It has a warty structure and a regular border. The lesion is symmetric and lacks any notable patterns."
ISIC_0012880,/root/autodl-tmp/data/ISIC2017/input/img_class/bkl/ISIC_0012880.jpg,/root/autodl-tmp/data/ISIC2017/input/seg_class/bkl/ISIC_0012880_segmentation.png,bkl,An image of a skin area with benign keratosis-like lesions.,train,"The dermoscopic image shows a benign keratosis-like lesion. It is important to note that the lesion is benign, meaning it is not cancerous. The image provides a visual representation of the lesion's color, structure, border, symmetry, and notable patterns. However, without more specific information, it is difficult to provide further details about the lesion's appearance or characteristics."
ISIC_0012884,/root/autodl-tmp/data/ISIC2017/input/img_class/bkl/ISIC_0012884.jpg,/root/autodl-tmp/data/ISIC2017/input/seg_class/bkl/ISIC_0012884_segmentation.png,bkl,An image of a skin area with benign keratosis-like lesions.,train,"The dermoscopic image shows a benign keratosis-like lesion. The lesion appears to be a well-defined, round, and raised structure with a brownish color. It has a central depression and a peripheral elevation, which creates a dome-shaped appearance. The border of the lesion is well-defined, and it shows asymmetry. Additionally, there are no notable patterns observed in the image."
ISIC_0012889,/root/autodl-tmp/data/ISIC2017/input/img_class/bkl/ISIC_0012889.jpg,/root/autodl-tmp/data/ISIC2017/input/seg_class/bkl/ISIC_0012889_segmentation.png,bkl,An image of a skin area with benign keratosis-like lesions.,train,"The dermoscopic image shows a benign keratosis-like lesion. The lesion appears to be well-circumscribed, which means it has a clear and distinct boundary. It is important to note that the lesion is benign, meaning it is not cancerous."
ISIC_0012898,/root/autodl-tmp/data/ISIC2017/input/img_class/bkl/ISIC_0012898.jpg,/root/autodl-tmp/data/ISIC2017/input/seg_class/bkl/ISIC_0012898_segmentation.png,bkl,An image of a skin area with benign keratosis-like lesions.,train,"The dermoscopic image shows a benign keratosis-like lesion. The lesion appears to be well-defined, with a homogeneous color and a regular border. It is symmetric and has a regular structure. The lesion does not show any notable patterns, which are characteristics of a benign keratosis."
ISIC_0012902,/root/autodl-tmp/data/ISIC2017/input/img_class/bkl/ISIC_0012902.jpg,/root/autodl-tmp/data/ISIC2017/input/seg_class/bkl/ISIC_0012902_segmentation.png,bkl,An image of a skin area with benign keratosis-like lesions.,train,"The dermoscopic image shows a benign keratosis-like lesion. The lesion appears to be a well-circumscribed, slightly raised, and asymmetrically shaped area. It has a brownish color and a slightly scaly surface. The border of the lesion is irregular, and there is no symmetry observed. The lesion does not show any notable patterns."
ISIC_0012932,/root/autodl-tmp/data/ISIC2017/input/img_class/bkl/ISIC_0012932.jpg,/root/autodl-tmp/data/ISIC2017/input/seg_class/bkl/ISIC_0012932_segmentation.png,bkl,An image of a skin area with benign keratosis-like lesions.,train,"The dermoscopic image shows a benign keratosis-like lesion. The lesion appears to be a well-defined, round, and slightly raised area on the skin. It has a brownish color and a wart-like structure. The border of the lesion is irregular, and it lacks symmetry. Additionally, there are no notable patterns observed in the image."
ISIC_0012952,/root/autodl-tmp/data/ISIC2017/input/img_class/bkl/ISIC_0012952.jpg,/root/autodl-tmp/data/ISIC2017/input/seg_class/bkl/ISIC_0012952_segmentation.png,bkl,An image of a skin area with benign keratosis-like lesions.,train,"This dermoscopic image shows a benign keratosis-like lesion. The lesion appears to be a well-defined, round, and slightly raised area with a light brown color. It has a central depression and a slightly irregular border. The lesion is asymmetrical and has a reticular pattern, which is a network-like pattern."
ISIC_0012962,/root/autodl-tmp/data/ISIC2017/input/img_class/bkl/ISIC_0012962.jpg,/root/autodl-tmp/data/ISIC2017/input/seg_class/bkl/ISIC_0012962_segmentation.png,bkl,An image of a skin area with benign keratosis-like lesions.,train,"The dermoscopic image shows a benign keratosis-like lesion. The lesion appears to be a well-defined, round, and slightly raised area on the skin. It has a brownish color and a warty structure. The border of the lesion is irregular, and there is no symmetry observed. The lesion also exhibits a notable pattern called ""star sign."""
ISIC_0012986,/root/autodl-tmp/data/ISIC2017/input/img_class/bkl/ISIC_0012986.jpg,/root/autodl-tmp/data/ISIC2017/input/seg_class/bkl/ISIC_0012986_segmentation.png,bkl,An image of a skin area with benign keratosis-like lesions.,train,"The dermoscopic image shows a benign keratosis-like lesion. The lesion appears to be a well-defined, round, and slightly elevated area on the skin. It has a homogenous color and a wart-like structure. The border of the lesion is well-defined, and it shows asymmetry. Additionally, there are no notable patterns observed in the image."
ISIC_0012998,/root/autodl-tmp/data/ISIC2017/input/img_class/bkl/ISIC_0012998.jpg,/root/autodl-tmp/data/ISIC2017/input/seg_class/bkl/ISIC_0012998_segmentation.png,bkl,An image of a skin area with benign keratosis-like lesions.,train,"The dermoscopic image shows a benign keratosis-like lesion. The lesion appears to be a well-defined, round, and slightly raised area. It has a homogeneous color and a regular border. The lesion is symmetric and has a regular pattern. These features are consistent with a benign keratosis, which is a non-cancerous skin growth."
ISIC_0013014,/root/autodl-tmp/data/ISIC2017/input/img_class/bkl/ISIC_0013014.jpg,/root/autodl-tmp/data/ISIC2017/input/seg_class/bkl/ISIC_0013014_segmentation.png,bkl,An image of a skin area with benign keratosis-like lesions.,train,"The dermoscopic image shows a benign keratosis-like lesion. The lesion appears to be well-defined, with a color that can be observed in the image. The structure, border, symmetry, and notable patterns of the lesion can also be seen. It is important to note that the lesion is benign, meaning it is not cancerous."
ISIC_0013033,/root/autodl-tmp/data/ISIC2017/input/img_class/bkl/ISIC_0013033.jpg,/root/autodl-tmp/data/ISIC2017/input/seg_class/bkl/ISIC_0013033_segmentation.png,bkl,An image of a skin area with benign keratosis-like lesions.,train,"The dermoscopic image shows a benign keratosis-like lesion. The lesion appears to be a well-defined, round, and slightly raised area with a light brown color. It has a central depression and a slightly irregular border. The lesion is asymmetrical and lacks any notable patterns."
ISIC_0013034,/root/autodl-tmp/data/ISIC2017/input/img_class/bkl/ISIC_0013034.jpg,/root/autodl-tmp/data/ISIC2017/input/seg_class/bkl/ISIC_0013034_segmentation.png,bkl,An image of a skin area with benign keratosis-like lesions.,train,"The dermoscopic image shows a benign keratosis-like lesion. The lesion has a brownish color, a warty structure, and a well-defined border. It is asymmetrical and has a reticular pattern."
ISIC_0013040,/root/autodl-tmp/data/ISIC2017/input/img_class/bkl/ISIC_0013040.jpg,/root/autodl-tmp/data/ISIC2017/input/seg_class/bkl/ISIC_0013040_segmentation.png,bkl,An image of a skin area with benign keratosis-like lesions.,train,"The dermoscopic image shows a benign keratosis-like lesion. The lesion appears to be a well-defined, round, and slightly elevated structure with a warty surface. The border is irregular, and the lesion is asymmetrical. There are no notable patterns observed in the image."
ISIC_0013052,/root/autodl-tmp/data/ISIC2017/input/img_class/bkl/ISIC_0013052.jpg,/root/autodl-tmp/data/ISIC2017/input/seg_class/bkl/ISIC_0013052_segmentation.png,bkl,An image of a skin area with benign keratosis-like lesions.,train,"The dermoscopic image shows a benign keratosis-like lesion. The lesion appears to be a well-defined, pigmented, and slightly raised area on the skin. It has a homogeneous structure, a clear border, and a symmetrical appearance. The notable pattern observed in the image is a reticular pattern, which is a network-like pattern often seen in certain skin conditions."
ISIC_0013054,/root/autodl-tmp/data/ISIC2017/input/img_class/bkl/ISIC_0013054.jpg,/root/autodl-tmp/data/ISIC2017/input/seg_class/bkl/ISIC_0013054_segmentation.png,bkl,An image of a skin area with benign keratosis-like lesions.,train,"The dermoscopic image shows a benign keratosis-like lesion. It is important to note that the lesion is benign, meaning it is not cancerous. The image may show the color, structure, border, symmetry, and notable patterns of the lesion. However, without more specific information, it is difficult to provide further details about the lesion's appearance or characteristics."
ISIC_0013056,/root/autodl-tmp/data/ISIC2017/input/img_class/bkl/ISIC_0013056.jpg,/root/autodl-tmp/data/ISIC2017/input/seg_class/bkl/ISIC_0013056_segmentation.png,bkl,An image of a skin area with benign keratosis-like lesions.,train,"The dermoscopic image shows a benign keratosis-like lesion. The lesion appears to be a well-defined, pigmented, and symmetric structure. It has a regular border and a homogeneous structure. The lesion is located on the skin and has a brownish color. The notable pattern observed in the image is a reticular pattern, which is a network-like pattern."
ISIC_0013059,/root/autodl-tmp/data/ISIC2017/input/img_class/bkl/ISIC_0013059.jpg,/root/autodl-tmp/data/ISIC2017/input/seg_class/bkl/ISIC_0013059_segmentation.png,bkl,An image of a skin area with benign keratosis-like lesions.,train,"The dermoscopic image shows a benign keratosis-like lesion. The lesion appears to be well-defined, with a color that is not specified in the provided information. The structure of the lesion is not mentioned, but it is important to note that the lesion is benign, meaning it is not cancerous. The border of the lesion is likely well-defined, and the symmetry of the lesion is also not specified. The notable patterns mentioned in the context are not visible in the image itself."
ISIC_0013063,/root/autodl-tmp/data/ISIC2017/input/img_class/bkl/ISIC_0013063.jpg,/root/autodl-tmp/data/ISIC2017/input/seg_class/bkl/ISIC_0013063_segmentation.png,bkl,An image of a skin area with benign keratosis-like lesions.,train,"The dermoscopic image shows a benign keratosis-like lesion. It is important to note that the lesion's color, structure, border, symmetry, and notable patterns are not specified in the provided information. However, the image is described as showing a benign keratosis-like lesion, which suggests that it is a non-cancerous skin growth."
ISIC_0013065,/root/autodl-tmp/data/ISIC2017/input/img_class/bkl/ISIC_0013065.jpg,/root/autodl-tmp/data/ISIC2017/input/seg_class/bkl/ISIC_0013065_segmentation.png,bkl,An image of a skin area with benign keratosis-like lesions.,train,"The dermoscopic image shows a benign keratosis-like lesion. The lesion appears to be a brown, scaly, and slightly elevated area with a well-defined border. It is important to note that the lesion is asymmetrical, which is a characteristic feature of this type of lesion."
ISIC_0013088,/root/autodl-tmp/data/ISIC2017/input/img_class/bkl/ISIC_0013088.jpg,/root/autodl-tmp/data/ISIC2017/input/seg_class/bkl/ISIC_0013088_segmentation.png,bkl,An image of a skin area with benign keratosis-like lesions.,train,"The dermoscopic image shows a benign keratosis-like lesion. It is a skin lesion that resembles a keratosis, which is a benign growth of the outermost layer of the skin. The lesion appears to have a specific color, structure, border, symmetry, and notable patterns. However, it is important to note that the lesion is benign, meaning it is not cancerous."
ISIC_0013089,/root/autodl-tmp/data/ISIC2017/input/img_class/bkl/ISIC_0013089.jpg,/root/autodl-tmp/data/ISIC2017/input/seg_class/bkl/ISIC_0013089_segmentation.png,bkl,An image of a skin area with benign keratosis-like lesions.,train,"The dermoscopic image shows a benign keratosis-like lesion. The lesion appears to be a well-defined, round, and slightly elevated area with a homogeneous structure. The border of the lesion is well-defined, and it exhibits a symmetrical pattern. Additionally, there are no notable patterns observed in the image."
ISIC_0013092,/root/autodl-tmp/data/ISIC2017/input/img_class/bkl/ISIC_0013092.jpg,/root/autodl-tmp/data/ISIC2017/input/seg_class/bkl/ISIC_0013092_segmentation.png,bkl,An image of a skin area with benign keratosis-like lesions.,train,"The dermoscopic image shows a benign keratosis-like lesion. The lesion appears to be a well-defined, round, and symmetrical structure with a slightly elevated border. The color of the lesion is described as brown, and it has a slightly irregular surface. The lesion is located on the skin, but the specific location is not mentioned."
ISIC_0013129,/root/autodl-tmp/data/ISIC2017/input/img_class/bkl/ISIC_0013129.jpg,/root/autodl-tmp/data/ISIC2017/input/seg_class/bkl/ISIC_0013129_segmentation.png,bkl,An image of a skin area with benign keratosis-like lesions.,train,"The dermoscopic image shows a benign keratosis-like lesion. The lesion appears to be well-defined, with a color that is not explicitly mentioned. The structure of the lesion is described as a verrucous surface, which means it has a wart-like appearance. The border of the lesion is described as irregular, and the symmetry is asymmetrical. The notable pattern mentioned is a ""starfield"" pattern, which is a characteristic feature of certain skin lesions."
ISIC_0013134,/root/autodl-tmp/data/ISIC2017/input/img_class/bkl/ISIC_0013134.jpg,/root/autodl-tmp/data/ISIC2017/input/seg_class/bkl/ISIC_0013134_segmentation.png,bkl,An image of a skin area with benign keratosis-like lesions.,train,"The dermoscopic image shows a benign keratosis-like lesion. The lesion appears to be well-defined, with a homogenous color and a regular border. It has a symmetrical structure and no notable patterns. The lesion is located on the skin, but the specific location is not mentioned."
ISIC_0013146,/root/autodl-tmp/data/ISIC2017/input/img_class/bkl/ISIC_0013146.jpg,/root/autodl-tmp/data/ISIC2017/input/seg_class/bkl/ISIC_0013146_segmentation.png,bkl,An image of a skin area with benign keratosis-like lesions.,train,"The dermoscopic image shows a benign keratosis-like lesion. The lesion is described as a well-defined, brown, scaly, and slightly raised lesion with a regular border. The lesion is asymmetrical and has a warty pattern."
ISIC_0013150,/root/autodl-tmp/data/ISIC2017/input/img_class/bkl/ISIC_0013150.jpg,/root/autodl-tmp/data/ISIC2017/input/seg_class/bkl/ISIC_0013150_segmentation.png,bkl,An image of a skin area with benign keratosis-like lesions.,train,"This dermoscopic image shows a benign keratosis-like lesion. The lesion appears to be a well-defined, round, and slightly raised area on the skin. It has a homogenous, brownish color and a warty surface. The border of the lesion is well-defined, and the lesion is symmetric. The lesion does not show any notable patterns, which is consistent with a benign keratosis."
ISIC_0013160,/root/autodl-tmp/data/ISIC2017/input/img_class/bkl/ISIC_0013160.jpg,/root/autodl-tmp/data/ISIC2017/input/seg_class/bkl/ISIC_0013160_segmentation.png,bkl,An image of a skin area with benign keratosis-like lesions.,train,"The dermoscopic image shows a benign keratosis-like lesion. It is located on the skin, but the specific location is not mentioned. The lesion appears to have a color, structure, border, symmetry, and notable patterns that are characteristic of a benign keratosis. Keep in mind that a healthcare professional should be consulted for a thorough evaluation and proper diagnosis of any skin lesion."
ISIC_0013165,/root/autodl-tmp/data/ISIC2017/input/img_class/bkl/ISIC_0013165.jpg,/root/autodl-tmp/data/ISIC2017/input/seg_class/bkl/ISIC_0013165_segmentation.png,bkl,An image of a skin area with benign keratosis-like lesions.,train,"The dermoscopic image shows a benign keratosis-like lesion. The lesion appears to be a well-defined, round, and slightly raised area on the skin. It has a light brown color and a slightly irregular border. The lesion is asymmetrical, which means it does not have a symmetrical shape. There are no notable patterns observed in the image."
ISIC_0013166,/root/autodl-tmp/data/ISIC2017/input/img_class/bkl/ISIC_0013166.jpg,/root/autodl-tmp/data/ISIC2017/input/seg_class/bkl/ISIC_0013166_segmentation.png,bkl,An image of a skin area with benign keratosis-like lesions.,train,"The dermoscopic image shows a benign keratosis-like lesion. The lesion appears to be well-defined, with a brownish color and a warty structure. The border is irregular, and the lesion is asymmetrical. There are no notable patterns observed in the image."
ISIC_0013167,/root/autodl-tmp/data/ISIC2017/input/img_class/bkl/ISIC_0013167.jpg,/root/autodl-tmp/data/ISIC2017/input/seg_class/bkl/ISIC_0013167_segmentation.png,bkl,An image of a skin area with benign keratosis-like lesions.,train,"The dermoscopic image shows a benign keratosis-like lesion. The lesion appears to be a well-defined, round, and homogeneous structure with a regular border. It has a symmetrical appearance and lacks any notable patterns. The lesion is located on the skin and is likely a benign growth."
ISIC_0013174,/root/autodl-tmp/data/ISIC2017/input/img_class/bkl/ISIC_0013174.jpg,/root/autodl-tmp/data/ISIC2017/input/seg_class/bkl/ISIC_0013174_segmentation.png,bkl,An image of a skin area with benign keratosis-like lesions.,train,"The dermoscopic image shows a benign keratosis-like lesion. It is located on the skin, but the specific location is not mentioned. The lesion has a color, structure, border, symmetry, and notable patterns that are characteristic of a benign keratosis. It is important to note that the image is from a patient with unknown age and skin tone."
ISIC_0013177,/root/autodl-tmp/data/ISIC2017/input/img_class/bkl/ISIC_0013177.jpg,/root/autodl-tmp/data/ISIC2017/input/seg_class/bkl/ISIC_0013177_segmentation.png,bkl,An image of a skin area with benign keratosis-like lesions.,train,"The dermoscopic image shows a benign keratosis-like lesion. The lesion appears to be a well-defined, round, and slightly elevated area with a brownish color. It has a central depression and a slightly irregular border. The lesion is asymmetrical and has a notable reticular pattern."
ISIC_0013178,/root/autodl-tmp/data/ISIC2017/input/img_class/bkl/ISIC_0013178.jpg,/root/autodl-tmp/data/ISIC2017/input/seg_class/bkl/ISIC_0013178_segmentation.png,bkl,An image of a skin area with benign keratosis-like lesions.,train,"The dermoscopic image shows a benign keratosis-like lesion. The lesion appears to be a well-defined, round, and slightly raised area with a brownish color. The structure of the lesion is homogeneous, and it has a well-defined border. The lesion is symmetric and has a slightly irregular border. The notable pattern observed in the image is a central depression."
ISIC_0013189,/root/autodl-tmp/data/ISIC2017/input/img_class/bkl/ISIC_0013189.jpg,/root/autodl-tmp/data/ISIC2017/input/seg_class/bkl/ISIC_0013189_segmentation.png,bkl,An image of a skin area with benign keratosis-like lesions.,train,"The dermoscopic image shows a benign keratosis-like lesion. It is important to note that the lesion appears to be benign, meaning it is not cancerous. The image provides information about the lesion's color, structure, border, symmetry, and notable patterns. However, without more specific details about the patient, location, and skin tone, it is difficult to provide further information."
ISIC_0013200,/root/autodl-tmp/data/ISIC2017/input/img_class/bkl/ISIC_0013200.jpg,/root/autodl-tmp/data/ISIC2017/input/seg_class/bkl/ISIC_0013200_segmentation.png,bkl,An image of a skin area with benign keratosis-like lesions.,train,"The dermoscopic image shows a benign keratosis-like lesion. The lesion appears to be a well-defined, round, and slightly raised area with a brownish color. It has a central depression and a slightly irregular border. The lesion is asymmetrical and has a wart-like pattern."
ISIC_0013223,/root/autodl-tmp/data/ISIC2017/input/img_class/bkl/ISIC_0013223.jpg,/root/autodl-tmp/data/ISIC2017/input/seg_class/bkl/ISIC_0013223_segmentation.png,bkl,An image of a skin area with benign keratosis-like lesions.,train,"The dermoscopic image shows a benign keratosis-like lesion. The lesion appears to be a well-defined, round, and slightly raised area on the skin. It has a homogeneous, brownish color and a regular border. The lesion is symmetric and has a central, dotted pattern."
ISIC_0013236,/root/autodl-tmp/data/ISIC2017/input/img_class/bkl/ISIC_0013236.jpg,/root/autodl-tmp/data/ISIC2017/input/seg_class/bkl/ISIC_0013236_segmentation.png,bkl,An image of a skin area with benign keratosis-like lesions.,train,"The dermoscopic image shows a benign keratosis-like lesion. The lesion appears to be a well-defined, round, and slightly elevated area. It has a brownish color and a warty structure. The border is irregular, and the lesion is asymmetrical. There are no notable patterns observed in the image."
ISIC_0013268,/root/autodl-tmp/data/ISIC2017/input/img_class/bkl/ISIC_0013268.jpg,/root/autodl-tmp/data/ISIC2017/input/seg_class/bkl/ISIC_0013268_segmentation.png,bkl,An image of a skin area with benign keratosis-like lesions.,train,"The dermoscopic image shows a benign keratosis-like lesion. The lesion has a color, structure, border, symmetry, and notable patterns that are characteristic of a benign keratosis. These features help differentiate it from other types of skin lesions."
ISIC_0013316,/root/autodl-tmp/data/ISIC2017/input/img_class/bkl/ISIC_0013316.jpg,/root/autodl-tmp/data/ISIC2017/input/seg_class/bkl/ISIC_0013316_segmentation.png,bkl,An image of a skin area with benign keratosis-like lesions.,train,"The dermoscopic image shows a benign keratosis-like lesion. The lesion appears to be a well-defined, round, and slightly elevated area with a brownish color. It has a central depression and a slightly irregular border. The lesion is symmetric and has a wart-like pattern."
ISIC_0013333,/root/autodl-tmp/data/ISIC2017/input/img_class/bkl/ISIC_0013333.jpg,/root/autodl-tmp/data/ISIC2017/input/seg_class/bkl/ISIC_0013333_segmentation.png,bkl,An image of a skin area with benign keratosis-like lesions.,train,"The dermoscopic image shows a benign keratosis-like lesion. It is important to note that the lesion is benign, meaning it is not cancerous. The image provides a visual representation of the lesion's color, structure, border, symmetry, and notable patterns. However, without more specific information about the patient, location, and skin tone, it is difficult to provide further details."
ISIC_0013335,/root/autodl-tmp/data/ISIC2017/input/img_class/bkl/ISIC_0013335.jpg,/root/autodl-tmp/data/ISIC2017/input/seg_class/bkl/ISIC_0013335_segmentation.png,bkl,An image of a skin area with benign keratosis-like lesions.,train,"The dermoscopic image shows a benign keratosis-like lesion. It is important to note that the lesion is benign, meaning it is not cancerous. The image provides a visual representation of the lesion's color, structure, border, symmetry, and notable patterns. However, without more specific information, it is difficult to provide further details about the lesion's appearance or characteristics."
ISIC_0013341,/root/autodl-tmp/data/ISIC2017/input/img_class/bkl/ISIC_0013341.jpg,/root/autodl-tmp/data/ISIC2017/input/seg_class/bkl/ISIC_0013341_segmentation.png,bkl,An image of a skin area with benign keratosis-like lesions.,train,"The dermoscopic image shows a benign keratosis-like lesion. The lesion appears to be well-defined, with a brownish color and a slightly elevated structure. The border is irregular, and the lesion is asymmetrical. Additionally, there are some notable patterns, such as a central crater and a peripheral ring."
ISIC_0013360,/root/autodl-tmp/data/ISIC2017/input/img_class/bkl/ISIC_0013360.jpg,/root/autodl-tmp/data/ISIC2017/input/seg_class/bkl/ISIC_0013360_segmentation.png,bkl,An image of a skin area with benign keratosis-like lesions.,train,"The dermoscopic image shows a benign keratosis-like lesion. The lesion appears to be a well-defined, round, and slightly raised structure with a brownish color. It has a central depression and a slightly irregular border. The lesion is symmetric and has a reticular pattern."
ISIC_0013364,/root/autodl-tmp/data/ISIC2017/input/img_class/bkl/ISIC_0013364.jpg,/root/autodl-tmp/data/ISIC2017/input/seg_class/bkl/ISIC_0013364_segmentation.png,bkl,An image of a skin area with benign keratosis-like lesions.,train,"The dermoscopic image shows a benign keratosis-like lesion. The lesion appears to be a well-defined, round, and slightly raised area on the skin. It has a light brown color and a slightly scaly structure. The border of the lesion is well-defined, and it shows a symmetrical pattern. The lesion does not have any notable patterns, which is consistent with a benign keratosis."
ISIC_0013370,/root/autodl-tmp/data/ISIC2017/input/img_class/bkl/ISIC_0013370.jpg,/root/autodl-tmp/data/ISIC2017/input/seg_class/bkl/ISIC_0013370_segmentation.png,bkl,An image of a skin area with benign keratosis-like lesions.,train,"The dermoscopic image shows a benign keratosis-like lesion. The lesion appears to be a well-defined, round, and slightly raised area on the skin. It has a brownish color and a warty structure. The border of the lesion is irregular, and it exhibits a symmetric pattern. The lesion is asymmetric and has a notable pattern called the ""star sign."""
ISIC_0013371,/root/autodl-tmp/data/ISIC2017/input/img_class/bkl/ISIC_0013371.jpg,/root/autodl-tmp/data/ISIC2017/input/seg_class/bkl/ISIC_0013371_segmentation.png,bkl,An image of a skin area with benign keratosis-like lesions.,train,"The dermoscopic image shows a benign keratosis-like lesion. It is important to note that the lesion's color, structure, border, symmetry, and notable patterns are not specified in the provided information. However, the image is described as showing a benign keratosis-like lesion, which suggests that it is a non-cancerous skin growth."
ISIC_0013397,/root/autodl-tmp/data/ISIC2017/input/img_class/bkl/ISIC_0013397.jpg,/root/autodl-tmp/data/ISIC2017/input/seg_class/bkl/ISIC_0013397_segmentation.png,bkl,An image of a skin area with benign keratosis-like lesions.,train,"The dermoscopic image shows a benign keratosis-like lesion. The lesion appears to be a well-defined, round, and slightly raised area on the skin. It has a homogeneous color and a regular border. The lesion is symmetric and has a regular pattern."
ISIC_0013400,/root/autodl-tmp/data/ISIC2017/input/img_class/bkl/ISIC_0013400.jpg,/root/autodl-tmp/data/ISIC2017/input/seg_class/bkl/ISIC_0013400_segmentation.png,bkl,An image of a skin area with benign keratosis-like lesions.,train,"This dermoscopic image shows a benign keratosis-like lesion. The lesion appears to be a well-defined, round, and slightly elevated structure with a brownish color. It has a central depression and a peripheral rim of pigmentation. The border is irregular, and the lesion is asymmetrical. The notable pattern in the image is the presence of a central depression."
ISIC_0013409,/root/autodl-tmp/data/ISIC2017/input/img_class/bkl/ISIC_0013409.jpg,/root/autodl-tmp/data/ISIC2017/input/seg_class/bkl/ISIC_0013409_segmentation.png,bkl,An image of a skin area with benign keratosis-like lesions.,train,"The dermoscopic image shows a benign keratosis-like lesion. The lesion appears to be a well-defined, round, and slightly raised structure with a brownish color. It has a central depression and a slightly irregular border. The lesion is asymmetrical and has a reticular pattern, which means it has a network-like appearance."
ISIC_0013443,/root/autodl-tmp/data/ISIC2017/input/img_class/bkl/ISIC_0013443.jpg,/root/autodl-tmp/data/ISIC2017/input/seg_class/bkl/ISIC_0013443_segmentation.png,bkl,An image of a skin area with benign keratosis-like lesions.,train,"The dermoscopic image shows a benign keratosis-like lesion. The lesion appears to be brown, has a verrucous structure, and has a well-defined border. The lesion is asymmetrical and has a reticular pattern."
ISIC_0013458,/root/autodl-tmp/data/ISIC2017/input/img_class/bkl/ISIC_0013458.jpg,/root/autodl-tmp/data/ISIC2017/input/seg_class/bkl/ISIC_0013458_segmentation.png,bkl,An image of a skin area with benign keratosis-like lesions.,train,"The dermoscopic image shows a benign keratosis-like lesion. It is important to note that the lesion is benign, meaning it is not cancerous. The image provides a visual representation of the lesion's color, structure, border, symmetry, and notable patterns. However, without more specific information about the patient, location, and skin tone, it is difficult to provide further details."
ISIC_0013474,/root/autodl-tmp/data/ISIC2017/input/img_class/bkl/ISIC_0013474.jpg,/root/autodl-tmp/data/ISIC2017/input/seg_class/bkl/ISIC_0013474_segmentation.png,bkl,An image of a skin area with benign keratosis-like lesions.,train,"The dermoscopic image shows a benign keratosis-like lesion. It is important to note that the lesion is benign, meaning it is not cancerous. The image provides a visual representation of the lesion's characteristics, which can help healthcare professionals in diagnosing and understanding the lesion. However, without more specific information about the lesion's color, structure, border, symmetry, and notable patterns, it is difficult to provide further details."
ISIC_0013493,/root/autodl-tmp/data/ISIC2017/input/img_class/bkl/ISIC_0013493.jpg,/root/autodl-tmp/data/ISIC2017/input/seg_class/bkl/ISIC_0013493_segmentation.png,bkl,An image of a skin area with benign keratosis-like lesions.,train,"The dermoscopic image shows a benign keratosis-like lesion. The lesion appears to be well-defined, with a color that is not specified. The structure of the lesion is described as a verrucous structure, which means it has a wart-like appearance. The border of the lesion is described as irregular, and it is asymmetrical. The lesion does not show any notable patterns."
ISIC_0013580,/root/autodl-tmp/data/ISIC2017/input/img_class/bkl/ISIC_0013580.jpg,/root/autodl-tmp/data/ISIC2017/input/seg_class/bkl/ISIC_0013580_segmentation.png,bkl,An image of a skin area with benign keratosis-like lesions.,train,"The dermoscopic image shows a benign keratosis-like lesion. The lesion appears to be brown, with a verrucous structure, a well-defined border, and a symmetrical pattern. It is important to note that the lesion is benign, meaning it is not cancerous."
ISIC_0013584,/root/autodl-tmp/data/ISIC2017/input/img_class/bkl/ISIC_0013584.jpg,/root/autodl-tmp/data/ISIC2017/input/seg_class/bkl/ISIC_0013584_segmentation.png,bkl,An image of a skin area with benign keratosis-like lesions.,train,"The dermoscopic image shows a benign keratosis-like lesion. It is important to note that the lesion is benign, meaning it is not cancerous. The image provides a visual representation of the lesion's color, structure, border, symmetry, and notable patterns. However, without more specific information, it is difficult to provide further details about the lesion's appearance or characteristics."
ISIC_0013585,/root/autodl-tmp/data/ISIC2017/input/img_class/bkl/ISIC_0013585.jpg,/root/autodl-tmp/data/ISIC2017/input/seg_class/bkl/ISIC_0013585_segmentation.png,bkl,An image of a skin area with benign keratosis-like lesions.,train,"The dermoscopic image shows a benign keratosis-like lesion. It is important to note that the lesion's color, structure, border, symmetry, and notable patterns can provide valuable information for diagnosis. However, without more specific details about the lesion and the patient's skin tone, it is difficult to provide a more detailed analysis."
ISIC_0013621,/root/autodl-tmp/data/ISIC2017/input/img_class/bkl/ISIC_0013621.jpg,/root/autodl-tmp/data/ISIC2017/input/seg_class/bkl/ISIC_0013621_segmentation.png,bkl,An image of a skin area with benign keratosis-like lesions.,train,"The dermoscopic image shows a benign keratosis-like lesion. The lesion appears to be well-defined, with a color that is not specified. The structure of the lesion is not specified either. The border of the lesion is well-defined, and it shows symmetry. The lesion does not exhibit any notable patterns."
ISIC_0013625,/root/autodl-tmp/data/ISIC2017/input/img_class/bkl/ISIC_0013625.jpg,/root/autodl-tmp/data/ISIC2017/input/seg_class/bkl/ISIC_0013625_segmentation.png,bkl,An image of a skin area with benign keratosis-like lesions.,train,"The dermoscopic image shows a benign keratosis-like lesion. The lesion appears to be a well-defined, round, and slightly elevated area with a homogeneous color. The border of the lesion is irregular, and it has a symmetrical structure. The lesion also exhibits a notable pattern called ""salt and pepper."""
ISIC_0013635,/root/autodl-tmp/data/ISIC2017/input/img_class/bkl/ISIC_0013635.jpg,/root/autodl-tmp/data/ISIC2017/input/seg_class/bkl/ISIC_0013635_segmentation.png,bkl,An image of a skin area with benign keratosis-like lesions.,train,"The dermoscopic image shows a benign keratosis-like lesion. The lesion appears to be a well-defined, slightly elevated, and pigmented area. It has a regular border and a symmetrical structure. The lesion is located on the skin, but the specific location is not mentioned. The skin tone is also unspecified."
ISIC_0013667,/root/autodl-tmp/data/ISIC2017/input/img_class/bkl/ISIC_0013667.jpg,/root/autodl-tmp/data/ISIC2017/input/seg_class/bkl/ISIC_0013667_segmentation.png,bkl,An image of a skin area with benign keratosis-like lesions.,train,"The dermoscopic image shows a benign keratosis-like lesion. The lesion appears to be well-defined, with a color that is not specified in the provided information. The structure of the lesion is not mentioned, but it is described as having a well-defined border. The symmetry of the lesion is not specified, and no notable patterns are mentioned."
ISIC_0013680,/root/autodl-tmp/data/ISIC2017/input/img_class/bkl/ISIC_0013680.jpg,/root/autodl-tmp/data/ISIC2017/input/seg_class/bkl/ISIC_0013680_segmentation.png,bkl,An image of a skin area with benign keratosis-like lesions.,train,"The dermoscopic image shows a benign keratosis-like lesion. The lesion appears to be well-defined, with a slightly raised border. It has a homogeneous structure and a regular border. The lesion is symmetric and has a notable pattern of a central depression surrounded by a raised border."
ISIC_0013682,/root/autodl-tmp/data/ISIC2017/input/img_class/bkl/ISIC_0013682.jpg,/root/autodl-tmp/data/ISIC2017/input/seg_class/bkl/ISIC_0013682_segmentation.png,bkl,An image of a skin area with benign keratosis-like lesions.,train,"The dermoscopic image shows a benign keratosis-like lesion. The lesion appears to be brown, with a warty structure, a well-defined border, and a symmetrical pattern. Additionally, there is a notable ""star sign"" present."
ISIC_0013684,/root/autodl-tmp/data/ISIC2017/input/img_class/bkl/ISIC_0013684.jpg,/root/autodl-tmp/data/ISIC2017/input/seg_class/bkl/ISIC_0013684_segmentation.png,bkl,An image of a skin area with benign keratosis-like lesions.,train,"The dermoscopic image shows a benign keratosis-like lesion. The lesion appears to be brown, with a slightly elevated structure and a well-defined border. It has a symmetrical shape and no notable patterns."
ISIC_0013685,/root/autodl-tmp/data/ISIC2017/input/img_class/bkl/ISIC_0013685.jpg,/root/autodl-tmp/data/ISIC2017/input/seg_class/bkl/ISIC_0013685_segmentation.png,bkl,An image of a skin area with benign keratosis-like lesions.,train,"The dermoscopic image shows a benign keratosis-like lesion. The lesion appears to be well-defined, with a color that is not specified in the provided information. The structure of the lesion is not specified either. The border of the lesion is described as well-defined, which means it has clear and distinct boundaries. The symmetry of the lesion is not specified. The notable patterns mentioned in the context are the presence of a central depression and a peripheral rim of hyperpigmentation. These features are characteristic of a benign keratosis-like lesion."
ISIC_0013687,/root/autodl-tmp/data/ISIC2017/input/img_class/bkl/ISIC_0013687.jpg,/root/autodl-tmp/data/ISIC2017/input/seg_class/bkl/ISIC_0013687_segmentation.png,bkl,An image of a skin area with benign keratosis-like lesions.,train,"The dermoscopic image shows a benign keratosis-like lesion. The lesion appears to be a well-defined, round, and slightly raised area on the skin. It has a brownish color and a warty structure. The border of the lesion is irregular, and it shows asymmetry. Additionally, there are no notable patterns observed in the image."
ISIC_0013691,/root/autodl-tmp/data/ISIC2017/input/img_class/bkl/ISIC_0013691.jpg,/root/autodl-tmp/data/ISIC2017/input/seg_class/bkl/ISIC_0013691_segmentation.png,bkl,An image of a skin area with benign keratosis-like lesions.,train,"The dermoscopic image shows a benign keratosis-like lesion. The lesion appears to be a well-defined, pigmented, and slightly elevated area with a warty surface. The border is irregular, and the lesion is asymmetrical. Additionally, there are some notable patterns, such as a central depression and a peripheral rim of hyperpigmentation."
ISIC_0013706,/root/autodl-tmp/data/ISIC2017/input/img_class/bkl/ISIC_0013706.jpg,/root/autodl-tmp/data/ISIC2017/input/seg_class/bkl/ISIC_0013706_segmentation.png,bkl,An image of a skin area with benign keratosis-like lesions.,train,"The dermoscopic image shows a benign keratosis-like lesion. It is important to note that the lesion is benign, meaning it is not cancerous. The image provides a visual representation of the lesion's characteristics, which can help healthcare professionals in diagnosing and managing the condition."
ISIC_0013707,/root/autodl-tmp/data/ISIC2017/input/img_class/bkl/ISIC_0013707.jpg,/root/autodl-tmp/data/ISIC2017/input/seg_class/bkl/ISIC_0013707_segmentation.png,bkl,An image of a skin area with benign keratosis-like lesions.,train,"The dermoscopic image shows a benign keratosis-like lesion. The lesion appears to be a well-defined, round, and slightly raised area with a homogenous, brownish color. It has a warty structure, a regular border, and a symmetrical appearance. The lesion also exhibits a typical ""seashell"" pattern, which is a notable feature."
ISIC_0013709,/root/autodl-tmp/data/ISIC2017/input/img_class/bkl/ISIC_0013709.jpg,/root/autodl-tmp/data/ISIC2017/input/seg_class/bkl/ISIC_0013709_segmentation.png,bkl,An image of a skin area with benign keratosis-like lesions.,train,"The dermoscopic image shows a benign keratosis-like lesion. The lesion appears to be brown, has a warty structure, and has a well-defined border. The lesion is asymmetrical and has a reticular pattern, which is a network-like pattern."
ISIC_0013725,/root/autodl-tmp/data/ISIC2017/input/img_class/bkl/ISIC_0013725.jpg,/root/autodl-tmp/data/ISIC2017/input/seg_class/bkl/ISIC_0013725_segmentation.png,bkl,An image of a skin area with benign keratosis-like lesions.,train,"The dermoscopic image shows a benign keratosis-like lesion. The lesion appears to be well-circumscribed, which means it has a clear and distinct boundary. It has a brownish color and a warty structure. The border of the lesion is irregular, and there is asymmetry in the lesion. Additionally, there are notable patterns such as a central depression and a peripheral rim of hyperpigmentation. These features are consistent with a benign keratosis-like lesion."
ISIC_0013731,/root/autodl-tmp/data/ISIC2017/input/img_class/bkl/ISIC_0013731.jpg,/root/autodl-tmp/data/ISIC2017/input/seg_class/bkl/ISIC_0013731_segmentation.png,bkl,An image of a skin area with benign keratosis-like lesions.,train,"The dermoscopic image shows a benign keratosis-like lesion. The lesion appears to be a well-defined, slightly raised, and slightly pigmented area. It has a regular border and a symmetric structure. The lesion lacks any notable patterns, which is consistent with a benign keratosis."
ISIC_0013742,/root/autodl-tmp/data/ISIC2017/input/img_class/bkl/ISIC_0013742.jpg,/root/autodl-tmp/data/ISIC2017/input/seg_class/bkl/ISIC_0013742_segmentation.png,bkl,An image of a skin area with benign keratosis-like lesions.,train,"The dermoscopic image shows a benign keratosis-like lesion. The lesion appears to be a well-defined, round, and symmetric structure with a homogeneous color. It has a regular border and a central depression. The lesion is located on the skin and is associated with a brownish color."
ISIC_0013765,/root/autodl-tmp/data/ISIC2017/input/img_class/bkl/ISIC_0013765.jpg,/root/autodl-tmp/data/ISIC2017/input/seg_class/bkl/ISIC_0013765_segmentation.png,bkl,An image of a skin area with benign keratosis-like lesions.,train,"The dermoscopic image shows a benign keratosis-like lesion. It is important to note that the lesion is benign, meaning it is not cancerous. The image provides a visual representation of the lesion's color, structure, border, symmetry, and notable patterns. However, without more specific information about the patient, location, and skin tone, it is difficult to provide further details."
ISIC_0013782,/root/autodl-tmp/data/ISIC2017/input/img_class/bkl/ISIC_0013782.jpg,/root/autodl-tmp/data/ISIC2017/input/seg_class/bkl/ISIC_0013782_segmentation.png,bkl,An image of a skin area with benign keratosis-like lesions.,train,"The dermoscopic image shows a benign keratosis-like lesion. The lesion appears to be a well-defined, round, and slightly elevated area with a brownish color. It has a warty structure, a well-defined border, and a symmetrical appearance. The lesion also exhibits a notable pattern called ""star sign."""
ISIC_0013817,/root/autodl-tmp/data/ISIC2017/input/img_class/bkl/ISIC_0013817.jpg,/root/autodl-tmp/data/ISIC2017/input/seg_class/bkl/ISIC_0013817_segmentation.png,bkl,An image of a skin area with benign keratosis-like lesions.,train,"The dermoscopic image shows a benign keratosis-like lesion. The lesion appears to be a well-defined, round, and slightly raised area with a homogeneous color. It has a regular border and a symmetrical structure. The lesion does not show any notable patterns, which is consistent with a benign keratosis."
ISIC_0013841,/root/autodl-tmp/data/ISIC2017/input/img_class/bkl/ISIC_0013841.jpg,/root/autodl-tmp/data/ISIC2017/input/seg_class/bkl/ISIC_0013841_segmentation.png,bkl,An image of a skin area with benign keratosis-like lesions.,train,"The dermoscopic image shows a benign keratosis-like lesion. The lesion appears to be brown, with a warty structure, a well-defined border, and a symmetrical appearance. The notable pattern observed in the image is the presence of a central crater."
ISIC_0013864,/root/autodl-tmp/data/ISIC2017/input/img_class/bkl/ISIC_0013864.jpg,/root/autodl-tmp/data/ISIC2017/input/seg_class/bkl/ISIC_0013864_segmentation.png,bkl,An image of a skin area with benign keratosis-like lesions.,train,"The dermoscopic image shows a benign keratosis-like lesion. The lesion appears to be a slightly raised, well-defined, and symmetric structure. It has a blue-gray color and a wart-like appearance. The border is irregular, and there are no notable patterns observed in the image."
ISIC_0013876,/root/autodl-tmp/data/ISIC2017/input/img_class/bkl/ISIC_0013876.jpg,/root/autodl-tmp/data/ISIC2017/input/seg_class/bkl/ISIC_0013876_segmentation.png,bkl,An image of a skin area with benign keratosis-like lesions.,train,"The dermoscopic image shows a benign keratosis-like lesion. It is important to note that the lesion has a specific color, structure, border, symmetry, and notable patterns. However, without more information, it is not possible to provide further details about the lesion or its characteristics."
ISIC_0013890,/root/autodl-tmp/data/ISIC2017/input/img_class/bkl/ISIC_0013890.jpg,/root/autodl-tmp/data/ISIC2017/input/seg_class/bkl/ISIC_0013890_segmentation.png,bkl,An image of a skin area with benign keratosis-like lesions.,train,"The dermoscopic image shows a benign keratosis-like lesion. The lesion appears to be a well-defined, round, and slightly raised area on the skin. It has a light brown color and a slightly scaly surface. The border is well-defined, and the lesion is symmetric. There are no notable patterns observed in the image."
ISIC_0013910,/root/autodl-tmp/data/ISIC2017/input/img_class/bkl/ISIC_0013910.jpg,/root/autodl-tmp/data/ISIC2017/input/seg_class/bkl/ISIC_0013910_segmentation.png,bkl,An image of a skin area with benign keratosis-like lesions.,train,"The dermoscopic image shows a benign keratosis-like lesion. The lesion appears to be a well-defined, round, and slightly raised structure with a brownish color. It has a central depression and a slightly irregular border. The lesion is asymmetrical and has a ""starfield"" pattern, which is a notable feature."
ISIC_0013918,/root/autodl-tmp/data/ISIC2017/input/img_class/bkl/ISIC_0013918.jpg,/root/autodl-tmp/data/ISIC2017/input/seg_class/bkl/ISIC_0013918_segmentation.png,bkl,An image of a skin area with benign keratosis-like lesions.,train,"The dermoscopic image shows a benign keratosis-like lesion. The lesion appears to be a well-defined, round, and slightly elevated area with a light brown color. It has a central depression and a slightly irregular border. The lesion is asymmetrical and has a slightly irregular pattern."
ISIC_0013927,/root/autodl-tmp/data/ISIC2017/input/img_class/bkl/ISIC_0013927.jpg,/root/autodl-tmp/data/ISIC2017/input/seg_class/bkl/ISIC_0013927_segmentation.png,bkl,An image of a skin area with benign keratosis-like lesions.,train,"The dermoscopic image shows a benign keratosis-like lesion. It is important to note that the lesion is benign, meaning it is not cancerous. The image provides a visual representation of the lesion's appearance, which can help healthcare professionals in diagnosing and understanding the lesion. However, without more specific information about the lesion's color, structure, border, symmetry, and notable patterns, it is difficult to provide further details."
ISIC_0013929,/root/autodl-tmp/data/ISIC2017/input/img_class/bkl/ISIC_0013929.jpg,/root/autodl-tmp/data/ISIC2017/input/seg_class/bkl/ISIC_0013929_segmentation.png,bkl,An image of a skin area with benign keratosis-like lesions.,train,"The dermoscopic image shows a benign keratosis-like lesion. The lesion appears to be well-defined, with a color and structure that resemble a keratosis. The border of the lesion is likely well-defined, and it may exhibit symmetry and notable patterns. However, it is important to note that the specific details of the lesion's appearance may vary depending on the individual case and the quality of the image."
ISIC_0013933,/root/autodl-tmp/data/ISIC2017/input/img_class/bkl/ISIC_0013933.jpg,/root/autodl-tmp/data/ISIC2017/input/seg_class/bkl/ISIC_0013933_segmentation.png,bkl,An image of a skin area with benign keratosis-like lesions.,train,"The dermoscopic image shows a benign keratosis-like lesion. The lesion appears to be a well-defined, round, and slightly raised area on the skin. It has a homogeneous color and a smooth, scaly border. The lesion is symmetrical and has a central dot pattern. These features are consistent with a benign keratosis, which is a non-cancerous skin growth."
ISIC_0013958,/root/autodl-tmp/data/ISIC2017/input/img_class/bkl/ISIC_0013958.jpg,/root/autodl-tmp/data/ISIC2017/input/seg_class/bkl/ISIC_0013958_segmentation.png,bkl,An image of a skin area with benign keratosis-like lesions.,train,"The dermoscopic image shows a benign keratosis-like lesion. The lesion appears to be a well-defined, round, and slightly raised area with a homogeneous color. The border of the lesion is well-defined, and it exhibits a symmetric pattern. Additionally, there are no notable patterns observed in the image."
ISIC_0013980,/root/autodl-tmp/data/ISIC2017/input/img_class/bkl/ISIC_0013980.jpg,/root/autodl-tmp/data/ISIC2017/input/seg_class/bkl/ISIC_0013980_segmentation.png,bkl,An image of a skin area with benign keratosis-like lesions.,train,"The dermoscopic image shows a benign keratosis-like lesion. The lesion appears to be well-defined, with a color that is not specified in the provided information. The structure of the lesion is not specified either. The border of the lesion is described as irregular, which means it has an uneven or jagged edge. The symmetry of the lesion is not specified, but it is important to note that the presence of symmetry or asymmetry can be helpful in differentiating benign from malignant lesions. The notable patterns mentioned in the context include a ""salt"
ISIC_0013981,/root/autodl-tmp/data/ISIC2017/input/img_class/bkl/ISIC_0013981.jpg,/root/autodl-tmp/data/ISIC2017/input/seg_class/bkl/ISIC_0013981_segmentation.png,bkl,An image of a skin area with benign keratosis-like lesions.,train,"The dermoscopic image shows a benign keratosis-like lesion. The lesion appears to be a well-defined, round, and slightly raised area on the skin. It has a homogenous structure and a regular border. The lesion is asymmetric, which means it does not have a symmetrical shape. Additionally, there are no notable patterns observed in the image."
ISIC_0014028,/root/autodl-tmp/data/ISIC2017/input/img_class/bkl/ISIC_0014028.jpg,/root/autodl-tmp/data/ISIC2017/input/seg_class/bkl/ISIC_0014028_segmentation.png,bkl,An image of a skin area with benign keratosis-like lesions.,train,"The dermoscopic image shows a benign keratosis-like lesion. The lesion is described as having a color, structure, border, symmetry, and notable patterns. However, without more specific information, it is difficult to provide further details about the lesion's appearance or characteristics. It is important to remember that a healthcare professional should be consulted for a thorough evaluation and proper diagnosis of any skin lesion."
ISIC_0014029,/root/autodl-tmp/data/ISIC2017/input/img_class/bkl/ISIC_0014029.jpg,/root/autodl-tmp/data/ISIC2017/input/seg_class/bkl/ISIC_0014029_segmentation.png,bkl,An image of a skin area with benign keratosis-like lesions.,train,"The dermoscopic image shows a benign keratosis-like lesion. The lesion appears to be a well-defined, slightly raised, and pigmented area. It has a regular border and a symmetrical structure. The lesion is characterized by a central depression and a peripheral rim of hyperpigmentation. These features are consistent with a benign keratosis."
ISIC_0014031,/root/autodl-tmp/data/ISIC2017/input/img_class/bkl/ISIC_0014031.jpg,/root/autodl-tmp/data/ISIC2017/input/seg_class/bkl/ISIC_0014031_segmentation.png,bkl,An image of a skin area with benign keratosis-like lesions.,train,"The dermoscopic image shows a benign keratosis-like lesion. It is important to note that the lesion is benign, meaning it is not cancerous. The image provides a visual representation of the lesion's appearance, which can help healthcare professionals in diagnosing and understanding the lesion. However, without more specific information, it is difficult to provide further details about the lesion's color, structure, border, symmetry, and notable patterns."
ISIC_0014032,/root/autodl-tmp/data/ISIC2017/input/img_class/bkl/ISIC_0014032.jpg,/root/autodl-tmp/data/ISIC2017/input/seg_class/bkl/ISIC_0014032_segmentation.png,bkl,An image of a skin area with benign keratosis-like lesions.,train,"The dermoscopic image shows a benign keratosis-like lesion. The lesion appears to be a well-defined, round, and slightly elevated area with a brownish color. It has a warty structure and a regular border. The lesion is symmetric and has a dotted pattern."
ISIC_0014074,/root/autodl-tmp/data/ISIC2017/input/img_class/bkl/ISIC_0014074.jpg,/root/autodl-tmp/data/ISIC2017/input/seg_class/bkl/ISIC_0014074_segmentation.png,bkl,An image of a skin area with benign keratosis-like lesions.,train,"The dermoscopic image shows a benign keratosis-like lesion. The lesion appears to be a well-defined, slightly raised, and asymmetrically pigmented area. It has a warty structure with a regular border and a central dot. The lesion is located on the patient's skin, but the specific location and skin tone are not mentioned."
ISIC_0014083,/root/autodl-tmp/data/ISIC2017/input/img_class/bkl/ISIC_0014083.jpg,/root/autodl-tmp/data/ISIC2017/input/seg_class/bkl/ISIC_0014083_segmentation.png,bkl,An image of a skin area with benign keratosis-like lesions.,train,"This dermoscopic image shows a benign keratosis-like lesion. The lesion appears to be a well-defined, slightly raised, and slightly scaly area on the skin. The color of the lesion is not specified, but it is important to note that the lesion has a keratosis-like appearance, which means it resembles a keratosis, a type of benign skin growth."
ISIC_0014120,/root/autodl-tmp/data/ISIC2017/input/img_class/bkl/ISIC_0014120.jpg,/root/autodl-tmp/data/ISIC2017/input/seg_class/bkl/ISIC_0014120_segmentation.png,bkl,An image of a skin area with benign keratosis-like lesions.,train,"The dermoscopic image shows a benign keratosis-like lesion. The lesion appears to be well-defined, with a color, structure, border, symmetry, and notable patterns that are consistent with a benign keratosis. It is important to note that the lesion is benign, meaning it is not cancerous and generally does not require treatment unless it causes discomfort or cosmetic concerns."
ISIC_0014169,/root/autodl-tmp/data/ISIC2017/input/img_class/bkl/ISIC_0014169.jpg,/root/autodl-tmp/data/ISIC2017/input/seg_class/bkl/ISIC_0014169_segmentation.png,bkl,An image of a skin area with benign keratosis-like lesions.,train,"The dermoscopic image shows a benign keratosis-like lesion. The lesion has a color, structure, border, symmetry, and notable patterns that are characteristic of this type of lesion. It is important to note that the lesion is benign, meaning it is not cancerous and generally does not require treatment unless it becomes bothersome or cosmetically unacceptable."
ISIC_0014179,/root/autodl-tmp/data/ISIC2017/input/img_class/bkl/ISIC_0014179.jpg,/root/autodl-tmp/data/ISIC2017/input/seg_class/bkl/ISIC_0014179_segmentation.png,bkl,An image of a skin area with benign keratosis-like lesions.,train,"The dermoscopic image shows a benign keratosis-like lesion. The lesion appears to be a well-defined, round, and slightly raised area on the skin. It has a brownish color and a warty structure. The border of the lesion is irregular, and there is a lack of symmetry. Additionally, there are notable patterns such as a central depression and a peripheral rim of hyperpigmentation."
ISIC_0014191,/root/autodl-tmp/data/ISIC2017/input/img_class/bkl/ISIC_0014191.jpg,/root/autodl-tmp/data/ISIC2017/input/seg_class/bkl/ISIC_0014191_segmentation.png,bkl,An image of a skin area with benign keratosis-like lesions.,train,"The dermoscopic image shows a benign keratosis-like lesion. The lesion appears to be a well-defined, round, and slightly elevated area on the skin. It has a homogeneous color and a regular border. The lesion is symmetric and lacks any notable patterns."
ISIC_0014216,/root/autodl-tmp/data/ISIC2017/input/img_class/bkl/ISIC_0014216.jpg,/root/autodl-tmp/data/ISIC2017/input/seg_class/bkl/ISIC_0014216_segmentation.png,bkl,An image of a skin area with benign keratosis-like lesions.,train,"The dermoscopic image shows a benign keratosis-like lesion. The lesion appears to be a well-defined, round, and slightly elevated area with a homogenous color. It has a central depression and a slightly irregular border. The lesion is symmetric and has a reticular pattern, which is a network-like pattern."
ISIC_0014264,/root/autodl-tmp/data/ISIC2017/input/img_class/bkl/ISIC_0014264.jpg,/root/autodl-tmp/data/ISIC2017/input/seg_class/bkl/ISIC_0014264_segmentation.png,bkl,An image of a skin area with benign keratosis-like lesions.,train,"The dermoscopic image shows a benign keratosis-like lesion. The lesion appears to be a well-defined, round, and slightly elevated area with a brownish color. It has a warty structure and a regular border. The lesion is symmetric and has a reticular pattern, which is a network-like pattern."
ISIC_0014272,/root/autodl-tmp/data/ISIC2017/input/img_class/bkl/ISIC_0014272.jpg,/root/autodl-tmp/data/ISIC2017/input/seg_class/bkl/ISIC_0014272_segmentation.png,bkl,An image of a skin area with benign keratosis-like lesions.,train,"The dermoscopic image shows a benign keratosis-like lesion. The lesion appears to be well-defined, with a brownish color and a warty structure. The border is irregular, and the lesion is asymmetrical. There are no notable patterns observed in the image."
ISIC_0014273,/root/autodl-tmp/data/ISIC2017/input/img_class/bkl/ISIC_0014273.jpg,/root/autodl-tmp/data/ISIC2017/input/seg_class/bkl/ISIC_0014273_segmentation.png,bkl,An image of a skin area with benign keratosis-like lesions.,train,"The dermoscopic image shows a benign keratosis-like lesion. The lesion appears to be a well-defined, round, and slightly elevated area. It has a light brown color and a warty structure. The border is irregular, and there is asymmetry in the lesion. Additionally, there are notable patterns such as a central depression and a peripheral rim of hyperpigmentation."
ISIC_0014311,/root/autodl-tmp/data/ISIC2017/input/img_class/bkl/ISIC_0014311.jpg,/root/autodl-tmp/data/ISIC2017/input/seg_class/bkl/ISIC_0014311_segmentation.png,bkl,An image of a skin area with benign keratosis-like lesions.,train,"The dermoscopic image shows a benign keratosis-like lesion. It is important to note that the lesion appears to be benign, meaning it is not cancerous. The image provides a visual representation of the lesion's color, structure, border, symmetry, and notable patterns. However, without more specific information, it is difficult to provide further details about the lesion's appearance or characteristics."
ISIC_0014341,/root/autodl-tmp/data/ISIC2017/input/img_class/bkl/ISIC_0014341.jpg,/root/autodl-tmp/data/ISIC2017/input/seg_class/bkl/ISIC_0014341_segmentation.png,bkl,An image of a skin area with benign keratosis-like lesions.,train,"This dermoscopic image shows a benign keratosis-like lesion. The lesion appears to be well-defined, with a homogeneous color and a regular structure. The border is well-defined, and the lesion exhibits a symmetrical pattern. The notable pattern mentioned is a ""salt and pepper"" pattern, which is a characteristic feature of certain benign skin lesions."
ISIC_0014393,/root/autodl-tmp/data/ISIC2017/input/img_class/bkl/ISIC_0014393.jpg,/root/autodl-tmp/data/ISIC2017/input/seg_class/bkl/ISIC_0014393_segmentation.png,bkl,An image of a skin area with benign keratosis-like lesions.,train,"The dermoscopic image shows a benign keratosis-like lesion. The lesion appears to be a well-defined, round, and slightly elevated structure with a brownish color. It has a central depression and a slightly irregular border. The lesion is asymmetrical and has a reticular pattern, which is a network-like pattern."
ISIC_0014397,/root/autodl-tmp/data/ISIC2017/input/img_class/bkl/ISIC_0014397.jpg,/root/autodl-tmp/data/ISIC2017/input/seg_class/bkl/ISIC_0014397_segmentation.png,bkl,An image of a skin area with benign keratosis-like lesions.,train,"The dermoscopic image shows a benign keratosis-like lesion. The lesion appears to be a well-defined, slightly raised, and pigmented area on the skin. It has a regular border and a symmetrical structure. The lesion is composed of a combination of brown and black pigments, and it shows a ""salt and pepper"" pattern."
ISIC_0014410,/root/autodl-tmp/data/ISIC2017/input/img_class/bkl/ISIC_0014410.jpg,/root/autodl-tmp/data/ISIC2017/input/seg_class/bkl/ISIC_0014410_segmentation.png,bkl,An image of a skin area with benign keratosis-like lesions.,train,"The dermoscopic image shows a benign keratosis-like lesion. The lesion appears to be a well-defined, round, and slightly raised area with a brownish color. It has a regular border and a symmetrical structure. The lesion is located on the skin and has a keratotic appearance, which is a characteristic feature of benign keratoses."
ISIC_0014432,/root/autodl-tmp/data/ISIC2017/input/img_class/bkl/ISIC_0014432.jpg,/root/autodl-tmp/data/ISIC2017/input/seg_class/bkl/ISIC_0014432_segmentation.png,bkl,An image of a skin area with benign keratosis-like lesions.,train,"The dermoscopic image shows a keratosis-like lesion that appears to be benign. The lesion is located on the skin, but the specific location is not mentioned. The skin tone is also unspecified. The lesion has a color, structure, border, symmetry, and notable patterns that are characteristic of a benign keratosis-like lesion."
ISIC_0014504,/root/autodl-tmp/data/ISIC2017/input/img_class/bkl/ISIC_0014504.jpg,/root/autodl-tmp/data/ISIC2017/input/seg_class/bkl/ISIC_0014504_segmentation.png,bkl,An image of a skin area with benign keratosis-like lesions.,train,"The dermoscopic image shows a benign keratosis-like lesion. The lesion appears to be a well-defined, round, and slightly raised structure with a brownish color. It has a central depression and a slightly irregular border. The lesion is asymmetrical and has a slightly irregular pattern."
ISIC_0014515,/root/autodl-tmp/data/ISIC2017/input/img_class/bkl/ISIC_0014515.jpg,/root/autodl-tmp/data/ISIC2017/input/seg_class/bkl/ISIC_0014515_segmentation.png,bkl,An image of a skin area with benign keratosis-like lesions.,train,"The dermoscopic image shows a benign keratosis-like lesion. The lesion appears to have a color, structure, border, symmetry, and notable patterns. However, without more specific information, it is difficult to provide further details about the lesion's appearance or characteristics."
ISIC_0014526,/root/autodl-tmp/data/ISIC2017/input/img_class/bkl/ISIC_0014526.jpg,/root/autodl-tmp/data/ISIC2017/input/seg_class/bkl/ISIC_0014526_segmentation.png,bkl,An image of a skin area with benign keratosis-like lesions.,train,"The dermoscopic image shows a benign keratosis-like lesion. The lesion appears to have a brown color, a warty structure, a well-defined border, and a symmetric appearance. Additionally, there are notable patterns such as a central depression and a peripheral rim."
ISIC_0014535,/root/autodl-tmp/data/ISIC2017/input/img_class/bkl/ISIC_0014535.jpg,/root/autodl-tmp/data/ISIC2017/input/seg_class/bkl/ISIC_0014535_segmentation.png,bkl,An image of a skin area with benign keratosis-like lesions.,train,"The dermoscopic image shows a benign keratosis-like lesion. The lesion appears to be a well-defined, round, and slightly elevated area. It has a homogeneous, light brown color and a slightly irregular border. The lesion is asymmetrical and has a slightly irregular surface, but no notable patterns are observed."
ISIC_0014537,/root/autodl-tmp/data/ISIC2017/input/img_class/bkl/ISIC_0014537.jpg,/root/autodl-tmp/data/ISIC2017/input/seg_class/bkl/ISIC_0014537_segmentation.png,bkl,An image of a skin area with benign keratosis-like lesions.,train,"The dermoscopic image shows a benign keratosis-like lesion. The lesion appears to be a well-defined, round, and slightly raised area on the skin. It has a yellowish color and a warty surface. The border of the lesion is irregular, and there is no symmetry or notable patterns observed."
ISIC_0014554,/root/autodl-tmp/data/ISIC2017/input/img_class/bkl/ISIC_0014554.jpg,/root/autodl-tmp/data/ISIC2017/input/seg_class/bkl/ISIC_0014554_segmentation.png,bkl,An image of a skin area with benign keratosis-like lesions.,train,"The dermoscopic image shows a benign keratosis-like lesion. The lesion appears to be a well-defined, round, and slightly raised area. It has a brownish color and a warty structure. The border is irregular, and the lesion is asymmetrical. There are no notable patterns observed in the image."
ISIC_0014569,/root/autodl-tmp/data/ISIC2017/input/img_class/bkl/ISIC_0014569.jpg,/root/autodl-tmp/data/ISIC2017/input/seg_class/bkl/ISIC_0014569_segmentation.png,bkl,An image of a skin area with benign keratosis-like lesions.,train,"The dermoscopic image shows a benign keratosis-like lesion. The lesion appears to be well-defined, with a color that is consistent with a keratosis. The structure of the lesion is irregular, and it has an asymmetrical border. There are no notable patterns observed in the image."
ISIC_0014570,/root/autodl-tmp/data/ISIC2017/input/img_class/bkl/ISIC_0014570.jpg,/root/autodl-tmp/data/ISIC2017/input/seg_class/bkl/ISIC_0014570_segmentation.png,bkl,An image of a skin area with benign keratosis-like lesions.,train,"The dermoscopic image shows a benign keratosis-like lesion. The lesion is described as having a yellowish color, a warty structure, and a well-defined border. The lesion is asymmetrical, which means it does not have a symmetrical appearance. The image also mentions the presence of a notable pattern called ""cobblestone."""
ISIC_0014571,/root/autodl-tmp/data/ISIC2017/input/img_class/bkl/ISIC_0014571.jpg,/root/autodl-tmp/data/ISIC2017/input/seg_class/bkl/ISIC_0014571_segmentation.png,bkl,An image of a skin area with benign keratosis-like lesions.,train,"The dermoscopic image shows a benign keratosis-like lesion. The lesion appears to be a well-defined, round, and slightly raised area with a brownish color. It has a central depression and a slightly irregular border. The lesion is symmetrical and has a reticular pattern, which is a network-like pattern."
ISIC_0014573,/root/autodl-tmp/data/ISIC2017/input/img_class/bkl/ISIC_0014573.jpg,/root/autodl-tmp/data/ISIC2017/input/seg_class/bkl/ISIC_0014573_segmentation.png,bkl,An image of a skin area with benign keratosis-like lesions.,train,"The dermoscopic image shows a benign keratosis-like lesion. The lesion has a color, structure, border, symmetry, and notable patterns. However, it is important to note that the specific details of these features are not provided in the information given."
ISIC_0014576,/root/autodl-tmp/data/ISIC2017/input/img_class/bkl/ISIC_0014576.jpg,/root/autodl-tmp/data/ISIC2017/input/seg_class/bkl/ISIC_0014576_segmentation.png,bkl,An image of a skin area with benign keratosis-like lesions.,train,"The dermoscopic image shows a benign keratosis-like lesion. The lesion appears to be a well-defined, round, and slightly raised area with a brownish color. It has a warty structure and a regular border. The lesion is symmetric and lacks notable patterns."
ISIC_0014577,/root/autodl-tmp/data/ISIC2017/input/img_class/bkl/ISIC_0014577.jpg,/root/autodl-tmp/data/ISIC2017/input/seg_class/bkl/ISIC_0014577_segmentation.png,bkl,An image of a skin area with benign keratosis-like lesions.,train,"The dermoscopic image shows a benign keratosis-like lesion. The lesion appears to be brown, with a warty structure, a well-defined border, and a symmetrical pattern. The lesion is located on the patient's skin, but the specific location is not mentioned."
ISIC_0014578,/root/autodl-tmp/data/ISIC2017/input/img_class/bkl/ISIC_0014578.jpg,/root/autodl-tmp/data/ISIC2017/input/seg_class/bkl/ISIC_0014578_segmentation.png,bkl,An image of a skin area with benign keratosis-like lesions.,train,"The dermoscopic image shows a benign keratosis-like lesion. The lesion appears to be a well-defined, round, and slightly raised area on the skin. It has a light brown color and a slightly scaly surface. The border of the lesion is well-defined, and it exhibits a symmetric pattern. The lesion does not show any notable patterns, such as a central depression or a blue-gray color."
ISIC_0014579,/root/autodl-tmp/data/ISIC2017/input/img_class/bkl/ISIC_0014579.jpg,/root/autodl-tmp/data/ISIC2017/input/seg_class/bkl/ISIC_0014579_segmentation.png,bkl,An image of a skin area with benign keratosis-like lesions.,train,"The dermoscopic image shows a benign keratosis-like lesion. The lesion appears to be well-defined, with a color that is not specified. The structure of the lesion is described as a papule, which is a small, raised skin lesion. The border of the lesion is described as irregular, and the symmetry is described as asymmetric. The notable patterns mentioned include a ""starfield"" pattern and a ""comedo-open ring"" pattern. These patterns are often seen in certain types of skin lesions and can help in the identification and diagnosis of the lesion."
ISIC_0014580,/root/autodl-tmp/data/ISIC2017/input/img_class/bkl/ISIC_0014580.jpg,/root/autodl-tmp/data/ISIC2017/input/seg_class/bkl/ISIC_0014580_segmentation.png,bkl,An image of a skin area with benign keratosis-like lesions.,train,"The dermoscopic image shows a benign keratosis-like lesion. The lesion appears to be well-defined, with a slightly raised border. It has a homogeneous structure and a symmetric pattern. The lesion is brown in color and has a warty surface."
ISIC_0014581,/root/autodl-tmp/data/ISIC2017/input/img_class/bkl/ISIC_0014581.jpg,/root/autodl-tmp/data/ISIC2017/input/seg_class/bkl/ISIC_0014581_segmentation.png,bkl,An image of a skin area with benign keratosis-like lesions.,train,"The dermoscopic image shows a benign keratosis-like lesion. The lesion appears to be a well-defined, round or oval-shaped, pigmented area with a warty or verrucous surface. The border is irregular, and the lesion is asymmetrical. There are no notable patterns observed in the image."
ISIC_0014582,/root/autodl-tmp/data/ISIC2017/input/img_class/bkl/ISIC_0014582.jpg,/root/autodl-tmp/data/ISIC2017/input/seg_class/bkl/ISIC_0014582_segmentation.png,bkl,An image of a skin area with benign keratosis-like lesions.,train,"The dermoscopic image shows a benign keratosis-like lesion. The lesion appears to be a well-defined, round, and slightly raised area on the skin. It has a brownish color and a wart-like structure. The border of the lesion is irregular, and it exhibits a symmetric pattern. The lesion is asymmetric, which is a notable feature."
ISIC_0014583,/root/autodl-tmp/data/ISIC2017/input/img_class/bkl/ISIC_0014583.jpg,/root/autodl-tmp/data/ISIC2017/input/seg_class/bkl/ISIC_0014583_segmentation.png,bkl,An image of a skin area with benign keratosis-like lesions.,train,"The dermoscopic image shows a benign keratosis-like lesion. The lesion appears to be a well-defined, pigmented, and symmetric structure. It has a regular border and a homogenous color. The lesion is located on the patient's skin, but the exact location is not specified. The skin tone is also unspecified."
ISIC_0014585,/root/autodl-tmp/data/ISIC2017/input/img_class/bkl/ISIC_0014585.jpg,/root/autodl-tmp/data/ISIC2017/input/seg_class/bkl/ISIC_0014585_segmentation.png,bkl,An image of a skin area with benign keratosis-like lesions.,train,"The dermoscopic image shows a benign keratosis-like lesion. It is important to note that the lesion appears to be benign, which means it is not cancerous. The image provides a visual representation of the lesion's color, structure, border, symmetry, and notable patterns. However, without more specific information, it is difficult to provide further details about the lesion's appearance or characteristics."
ISIC_0014589,/root/autodl-tmp/data/ISIC2017/input/img_class/bkl/ISIC_0014589.jpg,/root/autodl-tmp/data/ISIC2017/input/seg_class/bkl/ISIC_0014589_segmentation.png,bkl,An image of a skin area with benign keratosis-like lesions.,train,"The dermoscopic image shows a benign keratosis-like lesion. The lesion appears to be a well-defined, round, and slightly raised area with a brownish color. It has a central depression and a regular border. The lesion is symmetric and does not show any notable patterns."
ISIC_0014591,/root/autodl-tmp/data/ISIC2017/input/img_class/bkl/ISIC_0014591.jpg,/root/autodl-tmp/data/ISIC2017/input/seg_class/bkl/ISIC_0014591_segmentation.png,bkl,An image of a skin area with benign keratosis-like lesions.,train,"The dermoscopic image shows a benign keratosis-like lesion. It is important to note that the lesion is benign, meaning it is not cancerous. The image may show the color, structure, border, symmetry, and notable patterns of the lesion. However, without more specific information, it is difficult to provide further details about the lesion's appearance."
ISIC_0014592,/root/autodl-tmp/data/ISIC2017/input/img_class/bkl/ISIC_0014592.jpg,/root/autodl-tmp/data/ISIC2017/input/seg_class/bkl/ISIC_0014592_segmentation.png,bkl,An image of a skin area with benign keratosis-like lesions.,train,"The dermoscopic image shows a benign keratosis-like lesion. The lesion appears to be a well-defined, round, and symmetric structure. It has a light brown color and a slightly raised border. The lesion is asymmetrically distributed and has a reticular pattern."
ISIC_0014593,/root/autodl-tmp/data/ISIC2017/input/img_class/bkl/ISIC_0014593.jpg,/root/autodl-tmp/data/ISIC2017/input/seg_class/bkl/ISIC_0014593_segmentation.png,bkl,An image of a skin area with benign keratosis-like lesions.,train,"The dermoscopic image shows a benign keratosis-like lesion. The lesion has a brownish color and a well-defined border. It is asymmetrical and has a structure that resembles a keratosis. The lesion is located on the skin and has a brownish color. The border is well-defined, and the lesion is asymmetrical. There are no notable patterns observed in the image."
ISIC_0014594,/root/autodl-tmp/data/ISIC2017/input/img_class/bkl/ISIC_0014594.jpg,/root/autodl-tmp/data/ISIC2017/input/seg_class/bkl/ISIC_0014594_segmentation.png,bkl,An image of a skin area with benign keratosis-like lesions.,train,"The dermoscopic image shows a benign keratosis-like lesion. The lesion appears to be well-defined, with a color and structure that resemble a keratosis. The border of the lesion is likely well-defined, and it may exhibit some symmetry. Additionally, there might be notable patterns present in the image. Keep in mind that these observations are based on the provided information and the image itself."
ISIC_0014595,/root/autodl-tmp/data/ISIC2017/input/img_class/bkl/ISIC_0014595.jpg,/root/autodl-tmp/data/ISIC2017/input/seg_class/bkl/ISIC_0014595_segmentation.png,bkl,An image of a skin area with benign keratosis-like lesions.,train,"The dermoscopic image shows a benign keratosis-like lesion. The lesion appears to be a brownish, slightly raised, well-defined, and symmetric structure with a regular border. It is important to note that the lesion does not show any notable patterns."
ISIC_0014596,/root/autodl-tmp/data/ISIC2017/input/img_class/bkl/ISIC_0014596.jpg,/root/autodl-tmp/data/ISIC2017/input/seg_class/bkl/ISIC_0014596_segmentation.png,bkl,An image of a skin area with benign keratosis-like lesions.,train,"The dermoscopic image shows a benign keratosis-like lesion. The lesion appears to be a well-defined, round, and slightly raised area on the skin. It has a homogenous color and a regular border. The lesion is symmetric and does not show any notable patterns."
ISIC_0014598,/root/autodl-tmp/data/ISIC2017/input/img_class/bkl/ISIC_0014598.jpg,/root/autodl-tmp/data/ISIC2017/input/seg_class/bkl/ISIC_0014598_segmentation.png,bkl,An image of a skin area with benign keratosis-like lesions.,train,"The dermoscopic image shows a benign keratosis-like lesion. It is located on the skin, but the specific location is not mentioned. The lesion appears to be a benign growth, which means it is not cancerous. The image provides information about the lesion's color, structure, border, symmetry, and notable patterns, which can help healthcare professionals in identifying and diagnosing the lesion."
ISIC_0014599,/root/autodl-tmp/data/ISIC2017/input/img_class/bkl/ISIC_0014599.jpg,/root/autodl-tmp/data/ISIC2017/input/seg_class/bkl/ISIC_0014599_segmentation.png,bkl,An image of a skin area with benign keratosis-like lesions.,train,"The dermoscopic image shows a benign keratosis-like lesion. The lesion appears to be a well-defined, round, and slightly raised area. It has a brownish color and a warty structure. The border is irregular, and the lesion is asymmetrical. There are no notable patterns observed in the image."
ISIC_0014602,/root/autodl-tmp/data/ISIC2017/input/img_class/bkl/ISIC_0014602.jpg,/root/autodl-tmp/data/ISIC2017/input/seg_class/bkl/ISIC_0014602_segmentation.png,bkl,An image of a skin area with benign keratosis-like lesions.,train,"The dermoscopic image shows a benign keratosis-like lesion. The lesion appears to be a well-defined, round, and slightly raised area with a brownish color. It has a warty structure, a regular border, and a symmetric appearance. The lesion also exhibits a typical ""seagull sign"" pattern."
ISIC_0014603,/root/autodl-tmp/data/ISIC2017/input/img_class/bkl/ISIC_0014603.jpg,/root/autodl-tmp/data/ISIC2017/input/seg_class/bkl/ISIC_0014603_segmentation.png,bkl,An image of a skin area with benign keratosis-like lesions.,train,"The dermoscopic image shows a benign keratosis-like lesion. The lesion appears to be a well-defined, round, and symmetrical structure with a brownish color. It has a slightly raised border and a central depression. The lesion is asymmetric and has a reticular pattern, which is a network-like pattern."
ISIC_0014605,/root/autodl-tmp/data/ISIC2017/input/img_class/bkl/ISIC_0014605.jpg,/root/autodl-tmp/data/ISIC2017/input/seg_class/bkl/ISIC_0014605_segmentation.png,bkl,An image of a skin area with benign keratosis-like lesions.,train,"This dermoscopic image shows a benign keratosis-like lesion. The lesion appears to be a well-defined, pigmented, and symmetric structure with a regular border. It is important to note that the image does not show any notable patterns or features that would suggest malignancy."
ISIC_0014606,/root/autodl-tmp/data/ISIC2017/input/img_class/bkl/ISIC_0014606.jpg,/root/autodl-tmp/data/ISIC2017/input/seg_class/bkl/ISIC_0014606_segmentation.png,bkl,An image of a skin area with benign keratosis-like lesions.,train,"The dermoscopic image shows a benign keratosis-like lesion. The lesion appears to be well-defined, with a color that is consistent with the patient's skin tone. The structure of the lesion is irregular, and it has a well-defined border. The lesion is asymmetric, which means it does not have a symmetrical appearance. Additionally, there are no notable patterns observed in the image."
ISIC_0014607,/root/autodl-tmp/data/ISIC2017/input/img_class/bkl/ISIC_0014607.jpg,/root/autodl-tmp/data/ISIC2017/input/seg_class/bkl/ISIC_0014607_segmentation.png,bkl,An image of a skin area with benign keratosis-like lesions.,train,"The dermoscopic image shows a benign keratosis-like lesion. The lesion appears to be well-defined, with a color that is not explicitly mentioned. The structure of the lesion is described as a macule, which is a flat, pigmented area on the skin. The border of the lesion is described as irregular, and the symmetry is not explicitly mentioned. The notable patterns mentioned include a ""starfield"" pattern and a ""comedo-open ring"" pattern. These patterns can be helpful in identifying and characterizing the lesion."
ISIC_0014609,/root/autodl-tmp/data/ISIC2017/input/img_class/bkl/ISIC_0014609.jpg,/root/autodl-tmp/data/ISIC2017/input/seg_class/bkl/ISIC_0014609_segmentation.png,bkl,An image of a skin area with benign keratosis-like lesions.,train,"The dermoscopic image shows a benign keratosis-like lesion. The lesion appears to be well-defined, with a color that is not explicitly mentioned. The structure of the lesion is described as a papule, which is a small, raised skin lesion. The border of the lesion is described as irregular, and it is asymmetrical. The lesion does not show any notable patterns."
ISIC_0014612,/root/autodl-tmp/data/ISIC2017/input/img_class/bkl/ISIC_0014612.jpg,/root/autodl-tmp/data/ISIC2017/input/seg_class/bkl/ISIC_0014612_segmentation.png,bkl,An image of a skin area with benign keratosis-like lesions.,train,"The dermoscopic image shows a benign keratosis-like lesion. The lesion appears to be a well-defined, round, and slightly elevated area with a brownish color. It has a warty structure, a regular border, and a symmetrical pattern. The lesion is located on the skin, but the specific location is not mentioned."
ISIC_0014613,/root/autodl-tmp/data/ISIC2017/input/img_class/bkl/ISIC_0014613.jpg,/root/autodl-tmp/data/ISIC2017/input/seg_class/bkl/ISIC_0014613_segmentation.png,bkl,An image of a skin area with benign keratosis-like lesions.,train,"The dermoscopic image shows a benign keratosis-like lesion. The lesion appears to be a well-defined, round, and slightly elevated area. It has a homogeneous brown color and a granular surface. The border is irregular, and the lesion is asymmetrical. There are no notable patterns observed in the image."
ISIC_0014615,/root/autodl-tmp/data/ISIC2017/input/img_class/bkl/ISIC_0014615.jpg,/root/autodl-tmp/data/ISIC2017/input/seg_class/bkl/ISIC_0014615_segmentation.png,bkl,An image of a skin area with benign keratosis-like lesions.,train,"The dermoscopic image shows a benign keratosis-like lesion. The lesion appears to be a well-defined, round, and slightly raised area with a brownish color. It has a central depression and a slightly irregular border. The lesion is asymmetrical and has a reticular pattern, which is a network-like pattern."
ISIC_0014617,/root/autodl-tmp/data/ISIC2017/input/img_class/bkl/ISIC_0014617.jpg,/root/autodl-tmp/data/ISIC2017/input/seg_class/bkl/ISIC_0014617_segmentation.png,bkl,An image of a skin area with benign keratosis-like lesions.,train,"The dermoscopic image shows a benign keratosis-like lesion. The lesion appears to be a well-defined, round, and slightly elevated area with a brownish color. It has a central depression and a slightly irregular border. The lesion is symmetric and has a reticular pattern, which is a network-like pattern."
ISIC_0014621,/root/autodl-tmp/data/ISIC2017/input/img_class/bkl/ISIC_0014621.jpg,/root/autodl-tmp/data/ISIC2017/input/seg_class/bkl/ISIC_0014621_segmentation.png,bkl,An image of a skin area with benign keratosis-like lesions.,train,"The dermoscopic image shows a benign keratosis-like lesion. The lesion appears to be well-defined, with a color that is not explicitly mentioned. It has a structure that is not specified, but it is important to note that the lesion is benign, meaning it is not cancerous. The border of the lesion is well-defined, which can be an important characteristic when evaluating skin lesions. The symmetry of the lesion is not explicitly mentioned, but it is important to consider the overall appearance and any notable patterns when assessing the lesion."
ISIC_0014622,/root/autodl-tmp/data/ISIC2017/input/img_class/bkl/ISIC_0014622.jpg,/root/autodl-tmp/data/ISIC2017/input/seg_class/bkl/ISIC_0014622_segmentation.png,bkl,An image of a skin area with benign keratosis-like lesions.,train,"The dermoscopic image shows a benign keratosis-like lesion. The lesion appears to be well-defined, with a color that is not specified in the provided information. The structure of the lesion is not explicitly mentioned, but it is described as having a keratosis-like appearance. The border of the lesion is likely well-defined, as it is described as a keratosis-like lesion. The symmetry of the lesion is not explicitly mentioned, but it is likely symmetrical, as it is described as a keratosis-like lesion. The notable patterns mentioned"
ISIC_0014625,/root/autodl-tmp/data/ISIC2017/input/img_class/bkl/ISIC_0014625.jpg,/root/autodl-tmp/data/ISIC2017/input/seg_class/bkl/ISIC_0014625_segmentation.png,bkl,An image of a skin area with benign keratosis-like lesions.,train,"The dermoscopic image shows a benign keratosis-like lesion. The lesion appears to be a well-defined, round, and slightly raised area with a brownish color. It has a warty structure and a regular border. The lesion is symmetric and lacks any notable patterns."
ISIC_0014628,/root/autodl-tmp/data/ISIC2017/input/img_class/bkl/ISIC_0014628.jpg,/root/autodl-tmp/data/ISIC2017/input/seg_class/bkl/ISIC_0014628_segmentation.png,bkl,An image of a skin area with benign keratosis-like lesions.,train,"The dermoscopic image shows a benign keratosis-like lesion. The lesion appears to have a brownish color and a warty structure. The border is irregular, and the lesion is asymmetrical. There are no notable patterns observed in the image."
ISIC_0014630,/root/autodl-tmp/data/ISIC2017/input/img_class/bkl/ISIC_0014630.jpg,/root/autodl-tmp/data/ISIC2017/input/seg_class/bkl/ISIC_0014630_segmentation.png,bkl,An image of a skin area with benign keratosis-like lesions.,train,"The dermoscopic image shows a benign keratosis-like lesion. The lesion appears to be a well-defined, round, and slightly raised area with a homogenous color. The border of the lesion is well-defined, and it exhibits a symmetrical pattern. There are no notable patterns observed in the image."
ISIC_0014632,/root/autodl-tmp/data/ISIC2017/input/img_class/bkl/ISIC_0014632.jpg,/root/autodl-tmp/data/ISIC2017/input/seg_class/bkl/ISIC_0014632_segmentation.png,bkl,An image of a skin area with benign keratosis-like lesions.,train,"The dermoscopic image shows a benign keratosis-like lesion. The lesion appears to be well-defined, with a color that is not specified in the provided information. The structure of the lesion is not specified, but it is described as having a well-defined border. The symmetry of the lesion is not specified, but it is mentioned that there are no notable patterns observed in the image."
ISIC_0014636,/root/autodl-tmp/data/ISIC2017/input/img_class/bkl/ISIC_0014636.jpg,/root/autodl-tmp/data/ISIC2017/input/seg_class/bkl/ISIC_0014636_segmentation.png,bkl,An image of a skin area with benign keratosis-like lesions.,train,"This dermoscopic image shows a benign keratosis-like lesion. The lesion appears to be a well-defined, pigmented, and symmetric structure. It has a regular border and a homogenous color. The notable pattern in the image is a central depression."
ISIC_0014638,/root/autodl-tmp/data/ISIC2017/input/img_class/bkl/ISIC_0014638.jpg,/root/autodl-tmp/data/ISIC2017/input/seg_class/bkl/ISIC_0014638_segmentation.png,bkl,An image of a skin area with benign keratosis-like lesions.,train,"The dermoscopic image shows a benign keratosis-like lesion. The lesion appears to be well-defined, with a color and structure that resemble a keratosis. The border of the lesion is likely well-defined, and it may exhibit symmetry and notable patterns. However, it is important to note that the specific details of the lesion's appearance, such as color and structure, would depend on the actual image."
ISIC_0014639,/root/autodl-tmp/data/ISIC2017/input/img_class/bkl/ISIC_0014639.jpg,/root/autodl-tmp/data/ISIC2017/input/seg_class/bkl/ISIC_0014639_segmentation.png,bkl,An image of a skin area with benign keratosis-like lesions.,train,"The dermoscopic image shows a benign keratosis-like lesion. The lesion appears to be a well-defined, round, and symmetric structure with a slightly raised border. The color of the lesion is described as brown, and it has a homogenous structure. The lesion is characterized by a central depression and a peripheral rim of hyperpigmentation. The lesion is asymmetrical, which is a notable pattern."
ISIC_0014640,/root/autodl-tmp/data/ISIC2017/input/img_class/bkl/ISIC_0014640.jpg,/root/autodl-tmp/data/ISIC2017/input/seg_class/bkl/ISIC_0014640_segmentation.png,bkl,An image of a skin area with benign keratosis-like lesions.,train,"The dermoscopic image shows a benign keratosis-like lesion. The lesion appears to be a well-defined, round, and raised structure with a homogeneous color. The border of the lesion is smooth, and it exhibits a symmetrical structure. Additionally, there are no notable patterns observed in the image."
ISIC_0014641,/root/autodl-tmp/data/ISIC2017/input/img_class/bkl/ISIC_0014641.jpg,/root/autodl-tmp/data/ISIC2017/input/seg_class/bkl/ISIC_0014641_segmentation.png,bkl,An image of a skin area with benign keratosis-like lesions.,train,"The dermoscopic image shows a benign keratosis-like lesion. The lesion appears to be a well-defined, pigmented, and symmetric structure. It has a slightly raised border and a reticular pattern, which is a network-like pattern of lines and dots. The lesion is located on the patient's skin, but the specific location and skin tone are not provided."
ISIC_0014642,/root/autodl-tmp/data/ISIC2017/input/img_class/bkl/ISIC_0014642.jpg,/root/autodl-tmp/data/ISIC2017/input/seg_class/bkl/ISIC_0014642_segmentation.png,bkl,An image of a skin area with benign keratosis-like lesions.,train,"The dermoscopic image shows a benign keratosis-like lesion. The lesion appears to be well-defined, with a color that is not specified in the provided information. The structure of the lesion is not explicitly mentioned, but it is described as having a keratosis-like appearance. The border of the lesion is likely well-defined, and the symmetry of the lesion is not specified. The notable patterns mentioned are ""salt and pepper"" and ""starfield."" These patterns are often seen in certain types of skin lesions and can help in the identification and diagnosis of the les"
ISIC_0014646,/root/autodl-tmp/data/ISIC2017/input/img_class/bkl/ISIC_0014646.jpg,/root/autodl-tmp/data/ISIC2017/input/seg_class/bkl/ISIC_0014646_segmentation.png,bkl,An image of a skin area with benign keratosis-like lesions.,train,"The dermoscopic image shows a benign keratosis-like lesion. The lesion appears to be a slightly elevated, well-defined, and symmetric structure. It has a brownish color and a warty surface. The border is irregular, and there is a notable pattern of a central depression surrounded by a peripheral rim."
ISIC_0014650,/root/autodl-tmp/data/ISIC2017/input/img_class/bkl/ISIC_0014650.jpg,/root/autodl-tmp/data/ISIC2017/input/seg_class/bkl/ISIC_0014650_segmentation.png,bkl,An image of a skin area with benign keratosis-like lesions.,train,"The dermoscopic image shows a benign keratosis-like lesion. The lesion appears to be a well-defined, round, and slightly raised area with a yellowish color. It has a central crateriform structure, a regular border, and a symmetrical appearance. The lesion also exhibits a typical ""salt and pepper"" pattern, which is a characteristic feature of certain benign skin lesions."
ISIC_0014651,/root/autodl-tmp/data/ISIC2017/input/img_class/bkl/ISIC_0014651.jpg,/root/autodl-tmp/data/ISIC2017/input/seg_class/bkl/ISIC_0014651_segmentation.png,bkl,An image of a skin area with benign keratosis-like lesions.,train,"The dermoscopic image shows a benign keratosis-like lesion. The lesion appears to be a well-defined, round, and slightly raised area with a brownish color. It has a central depression and a slightly irregular border. The lesion is asymmetric and has a reticular pattern."
ISIC_0014654,/root/autodl-tmp/data/ISIC2017/input/img_class/bkl/ISIC_0014654.jpg,/root/autodl-tmp/data/ISIC2017/input/seg_class/bkl/ISIC_0014654_segmentation.png,bkl,An image of a skin area with benign keratosis-like lesions.,train,"The dermoscopic image shows a benign keratosis-like lesion. It is important to note that the lesion appears to be benign, meaning it is not cancerous. However, it is essential to consult a healthcare professional for a thorough evaluation and proper diagnosis of the lesion."
ISIC_0014711,/root/autodl-tmp/data/ISIC2017/input/img_class/bkl/ISIC_0014711.jpg,/root/autodl-tmp/data/ISIC2017/input/seg_class/bkl/ISIC_0014711_segmentation.png,bkl,An image of a skin area with benign keratosis-like lesions.,train,"The dermoscopic image shows a benign keratosis-like lesion. The lesion appears to be well-circumscribed, which means it has a clear and distinct boundary. It is described as having a ""salt and pepper"" color, which is a term used to describe a mix of different colors or textures within the lesion. The lesion is asymmetrical, meaning it does not have a symmetrical shape. Additionally, there is a ""star sign"" present, which is a pattern of lighter areas within the lesion. These features are consistent with a benign keratosis-"
ISIC_0014723,/root/autodl-tmp/data/ISIC2017/input/img_class/bkl/ISIC_0014723.jpg,/root/autodl-tmp/data/ISIC2017/input/seg_class/bkl/ISIC_0014723_segmentation.png,bkl,An image of a skin area with benign keratosis-like lesions.,train,"The dermoscopic image shows a benign keratosis-like lesion. The lesion appears to be a well-defined, pigmented, and symmetric structure. It has a brown color and a warty surface. The border is irregular, and there are no notable patterns observed in the image."
ISIC_0014770,/root/autodl-tmp/data/ISIC2017/input/img_class/bkl/ISIC_0014770.jpg,/root/autodl-tmp/data/ISIC2017/input/seg_class/bkl/ISIC_0014770_segmentation.png,bkl,An image of a skin area with benign keratosis-like lesions.,train,"The dermoscopic image shows a benign keratosis-like lesion. The lesion appears to be a brown, scaly, and slightly elevated patch with a well-defined border. It has a symmetric structure and a reticular pattern. The lesion is located on the patient's skin, but the specific location is not mentioned."
ISIC_0014793,/root/autodl-tmp/data/ISIC2017/input/img_class/bkl/ISIC_0014793.jpg,/root/autodl-tmp/data/ISIC2017/input/seg_class/bkl/ISIC_0014793_segmentation.png,bkl,An image of a skin area with benign keratosis-like lesions.,train,"The dermoscopic image shows a benign keratosis-like lesion. It is important to note that the lesion is benign, meaning it is not cancerous. The image provides a visual representation of the lesion's appearance, which can help healthcare professionals in diagnosing and understanding the lesion. However, without more specific information about the lesion's color, structure, border, symmetry, and notable patterns, it is difficult to provide further details."
ISIC_0014804,/root/autodl-tmp/data/ISIC2017/input/img_class/bkl/ISIC_0014804.jpg,/root/autodl-tmp/data/ISIC2017/input/seg_class/bkl/ISIC_0014804_segmentation.png,bkl,An image of a skin area with benign keratosis-like lesions.,train,"The dermoscopic image shows a benign keratosis-like lesion. The lesion appears to be brown, with a warty structure, a regular border, and a symmetrical pattern. The lesion is located on the skin, but the specific location is not mentioned. The skin tone is also unspecified."
ISIC_0014806,/root/autodl-tmp/data/ISIC2017/input/img_class/bkl/ISIC_0014806.jpg,/root/autodl-tmp/data/ISIC2017/input/seg_class/bkl/ISIC_0014806_segmentation.png,bkl,An image of a skin area with benign keratosis-like lesions.,train,"The dermoscopic image shows a benign keratosis-like lesion. The lesion appears to have a color, structure, border, symmetry, and notable patterns. However, without more specific information, it is difficult to provide further details about the lesion's appearance. It is important to remember that a healthcare professional should be consulted for a thorough evaluation and proper diagnosis of any skin lesion."
ISIC_0014811,/root/autodl-tmp/data/ISIC2017/input/img_class/bkl/ISIC_0014811.jpg,/root/autodl-tmp/data/ISIC2017/input/seg_class/bkl/ISIC_0014811_segmentation.png,bkl,An image of a skin area with benign keratosis-like lesions.,train,"The dermoscopic image shows a benign keratosis-like lesion. The lesion appears to be a well-defined, round, and symmetrical structure with a regular border. It is located on the patient's skin, but the specific location is not mentioned. The lesion has a brownish color and a warty structure. There are no notable patterns observed in the image."
ISIC_0014819,/root/autodl-tmp/data/ISIC2017/input/img_class/bkl/ISIC_0014819.jpg,/root/autodl-tmp/data/ISIC2017/input/seg_class/bkl/ISIC_0014819_segmentation.png,bkl,An image of a skin area with benign keratosis-like lesions.,train,"The dermoscopic image shows a benign keratosis-like lesion. The lesion appears to be a well-defined, slightly raised, and pigmented area on the skin. It has a regular border, a symmetrical structure, and a regular pattern. The lesion is located on the patient's skin, but the exact location and skin tone are not specified."
ISIC_0014823,/root/autodl-tmp/data/ISIC2017/input/img_class/bkl/ISIC_0014823.jpg,/root/autodl-tmp/data/ISIC2017/input/seg_class/bkl/ISIC_0014823_segmentation.png,bkl,An image of a skin area with benign keratosis-like lesions.,train,"This dermoscopic image shows a benign keratosis-like lesion. The lesion appears to be a well-circumscribed, pigmented, and symmetric structure with a regular border. It is important to note that the lesion does not show any notable patterns."
ISIC_0014831,/root/autodl-tmp/data/ISIC2017/input/img_class/bkl/ISIC_0014831.jpg,/root/autodl-tmp/data/ISIC2017/input/seg_class/bkl/ISIC_0014831_segmentation.png,bkl,An image of a skin area with benign keratosis-like lesions.,train,"The dermoscopic image shows a benign keratosis-like lesion. The lesion appears to be well-defined, with a color that is not specified. It has a structure that is not specified, a border that is not specified, and a symmetry that is not specified. The notable patterns mentioned include a ""starfield"" pattern and a ""comedo-open ring"" pattern. These patterns are characteristic of certain types of keratosis-like lesions."
ISIC_0015006,/root/autodl-tmp/data/ISIC2017/input/img_class/bkl/ISIC_0015006.jpg,/root/autodl-tmp/data/ISIC2017/input/seg_class/bkl/ISIC_0015006_segmentation.png,bkl,An image of a skin area with benign keratosis-like lesions.,train,"The dermoscopic image shows a benign keratosis-like lesion. It is important to note that the lesion is benign, meaning it is not cancerous. The image provides a visual representation of the lesion's color, structure, border, symmetry, and notable patterns. However, without more specific information, it is difficult to provide further details about the lesion's appearance or characteristics."
ISIC_0015032,/root/autodl-tmp/data/ISIC2017/input/img_class/bkl/ISIC_0015032.jpg,/root/autodl-tmp/data/ISIC2017/input/seg_class/bkl/ISIC_0015032_segmentation.png,bkl,An image of a skin area with benign keratosis-like lesions.,train,"The dermoscopic image shows a benign keratosis-like lesion. The lesion appears to be brown, with a verrucous (wart-like) structure, a well-defined border, and a symmetrical pattern. There are no notable patterns observed in the image."
ISIC_0015038,/root/autodl-tmp/data/ISIC2017/input/img_class/bkl/ISIC_0015038.jpg,/root/autodl-tmp/data/ISIC2017/input/seg_class/bkl/ISIC_0015038_segmentation.png,bkl,An image of a skin area with benign keratosis-like lesions.,train,"This dermoscopic image shows a benign keratosis-like lesion. The lesion appears to have a color, structure, border, symmetry, and notable patterns that are characteristic of a benign keratosis. It is important to note that the image is from an unknown patient, of unknown age, and the location is unspecified."
ISIC_0015044,/root/autodl-tmp/data/ISIC2017/input/img_class/bkl/ISIC_0015044.jpg,/root/autodl-tmp/data/ISIC2017/input/seg_class/bkl/ISIC_0015044_segmentation.png,bkl,An image of a skin area with benign keratosis-like lesions.,train,"The dermoscopic image shows a benign keratosis-like lesion. The lesion appears to be well-defined, with a color that is not specified. The structure of the lesion is not specified, but it is described as having a keratosis-like appearance. The border of the lesion is well-defined, and it is symmetric. The notable pattern mentioned is a ""salt and pepper"" pattern, which is a characteristic feature of some benign keratosis-like lesions."
ISIC_0015108,/root/autodl-tmp/data/ISIC2017/input/img_class/bkl/ISIC_0015108.jpg,/root/autodl-tmp/data/ISIC2017/input/seg_class/bkl/ISIC_0015108_segmentation.png,bkl,An image of a skin area with benign keratosis-like lesions.,train,"The dermoscopic image shows a benign keratosis-like lesion. The lesion appears to be brown, with a verrucous (wart-like) structure, a well-defined border, and a symmetrical pattern. The image is taken from an unspecified location on the skin of an unknown patient of unknown age."
ISIC_0015112,/root/autodl-tmp/data/ISIC2017/input/img_class/bkl/ISIC_0015112.jpg,/root/autodl-tmp/data/ISIC2017/input/seg_class/bkl/ISIC_0015112_segmentation.png,bkl,An image of a skin area with benign keratosis-like lesions.,train,"The dermoscopic image shows a benign keratosis-like lesion. The lesion appears to be brown, with a warty structure and a well-defined border. It is asymmetrical and has a notable pattern of a central depression."
ISIC_0015113,/root/autodl-tmp/data/ISIC2017/input/img_class/bkl/ISIC_0015113.jpg,/root/autodl-tmp/data/ISIC2017/input/seg_class/bkl/ISIC_0015113_segmentation.png,bkl,An image of a skin area with benign keratosis-like lesions.,train,"The dermoscopic image shows a benign keratosis-like lesion. The lesion appears to have a color, structure, border, symmetry, and notable patterns. However, without more specific information, it is difficult to provide further details about the lesion's appearance. It is important to remember that dermoscopy is a non-invasive diagnostic tool used to evaluate skin lesions, and a healthcare professional should be consulted for a proper evaluation and diagnosis."
ISIC_0015153,/root/autodl-tmp/data/ISIC2017/input/img_class/bkl/ISIC_0015153.jpg,/root/autodl-tmp/data/ISIC2017/input/seg_class/bkl/ISIC_0015153_segmentation.png,bkl,An image of a skin area with benign keratosis-like lesions.,train,"The dermoscopic image shows a benign keratosis-like lesion. The lesion appears to be well-defined, with a brownish color and a slightly elevated structure. The border is irregular, and the lesion is asymmetrical. There are no notable patterns observed in the image."
ISIC_0015158,/root/autodl-tmp/data/ISIC2017/input/img_class/bkl/ISIC_0015158.jpg,/root/autodl-tmp/data/ISIC2017/input/seg_class/bkl/ISIC_0015158_segmentation.png,bkl,An image of a skin area with benign keratosis-like lesions.,train,"The dermoscopic image shows a benign keratosis-like lesion. The lesion appears to be well-defined, with a homogenous color and a regular border. It has a symmetric structure and lacks any notable patterns. The lesion is located on the skin, but the specific location is not mentioned."
ISIC_0015168,/root/autodl-tmp/data/ISIC2017/input/img_class/bkl/ISIC_0015168.jpg,/root/autodl-tmp/data/ISIC2017/input/seg_class/bkl/ISIC_0015168_segmentation.png,bkl,An image of a skin area with benign keratosis-like lesions.,train,"The dermoscopic image shows a benign keratosis-like lesion. The lesion appears to be well-defined, with a color and structure that resemble a keratosis. The border of the lesion is likely well-defined, and it may exhibit some symmetry. Additionally, there might be notable patterns or features present in the image."
ISIC_0015170,/root/autodl-tmp/data/ISIC2017/input/img_class/bkl/ISIC_0015170.jpg,/root/autodl-tmp/data/ISIC2017/input/seg_class/bkl/ISIC_0015170_segmentation.png,bkl,An image of a skin area with benign keratosis-like lesions.,train,"The dermoscopic image shows a benign keratosis-like lesion. It is important to note that the lesion is benign, meaning it is not cancerous. The image provides information about the lesion's color, structure, border, symmetry, and notable patterns. However, without more specific details about the patient's skin tone and the exact location of the lesion, it is difficult to provide further information."
ISIC_0015181,/root/autodl-tmp/data/ISIC2017/input/img_class/bkl/ISIC_0015181.jpg,/root/autodl-tmp/data/ISIC2017/input/seg_class/bkl/ISIC_0015181_segmentation.png,bkl,An image of a skin area with benign keratosis-like lesions.,train,"The dermoscopic image shows a benign keratosis-like lesion. The lesion appears to be well-defined, with a color that is not explicitly mentioned. It has a structure that is not specified, but it is important to note that the lesion is benign, meaning it is not cancerous. The border of the lesion is well-defined, and it is symmetrical. There are no notable patterns mentioned in the image."
ISIC_0015182,/root/autodl-tmp/data/ISIC2017/input/img_class/bkl/ISIC_0015182.jpg,/root/autodl-tmp/data/ISIC2017/input/seg_class/bkl/ISIC_0015182_segmentation.png,bkl,An image of a skin area with benign keratosis-like lesions.,train,"The dermoscopic image shows a benign keratosis-like lesion. The lesion appears to be a well-defined, round, and slightly elevated area on the skin. It has a light brown color and a warty structure. The border of the lesion is irregular, and there is asymmetry in the distribution of the lesion. Additionally, there are some notable patterns, such as a central depression and a peripheral ring of lighter brown color."
ISIC_0015220,/root/autodl-tmp/data/ISIC2017/input/img_class/bkl/ISIC_0015220.jpg,/root/autodl-tmp/data/ISIC2017/input/seg_class/bkl/ISIC_0015220_segmentation.png,bkl,An image of a skin area with benign keratosis-like lesions.,train,"This dermoscopic image shows a benign keratosis-like lesion. The lesion appears to have a brownish color and a structure that is slightly elevated. The border of the lesion is irregular, and it exhibits asymmetry. Additionally, there is a notable pattern of a central depression."
ISIC_0015233,/root/autodl-tmp/data/ISIC2017/input/img_class/bkl/ISIC_0015233.jpg,/root/autodl-tmp/data/ISIC2017/input/seg_class/bkl/ISIC_0015233_segmentation.png,bkl,An image of a skin area with benign keratosis-like lesions.,train,"This dermoscopic image shows a benign keratosis-like lesion. The lesion appears to be a well-defined, brownish, scaly, and symmetric structure with a regular border. The image also mentions the presence of a miliary pattern, which is a characteristic feature of certain benign skin lesions."
ISIC_0015260,/root/autodl-tmp/data/ISIC2017/input/img_class/bkl/ISIC_0015260.jpg,/root/autodl-tmp/data/ISIC2017/input/seg_class/bkl/ISIC_0015260_segmentation.png,bkl,An image of a skin area with benign keratosis-like lesions.,train,"The dermoscopic image shows a benign keratosis-like lesion. The lesion appears to be brown, with a scaly structure and a well-defined border. It is symmetric and has a reticular pattern."
ISIC_0015295,/root/autodl-tmp/data/ISIC2017/input/img_class/bkl/ISIC_0015295.jpg,/root/autodl-tmp/data/ISIC2017/input/seg_class/bkl/ISIC_0015295_segmentation.png,bkl,An image of a skin area with benign keratosis-like lesions.,train,"The dermoscopic image shows a benign keratosis-like lesion. The lesion appears to be a well-defined, round, and slightly raised area on the skin. It has a brownish color and a slightly scaly structure. The border of the lesion is well-defined, and it exhibits a symmetric pattern. There are no notable patterns observed in the image."
