image_id,img_path,seg_path,class,prompt,dataset_split,llava_prompt
ISIC_0000002,/root/autodl-tmp/data/ISIC2017/input/img_class/mel/ISIC_0000002.jpg,/root/autodl-tmp/data/ISIC2017/input/seg_class/mel/ISIC_0000002_segmentation.png,mel,An image of a skin area with melanoma.,train,"The dermoscopic image shows a melanoma, which is a type of skin cancer. The lesion appears to be asymmetrical, with an irregular border and a non-uniform structure. The color of the lesion is not specified, but it is important to note that melanomas can have various colors and patterns. The image is taken from a patient with unknown age and skin tone, and the lesion is located at an unspecified location."
ISIC_0000004,/root/autodl-tmp/data/ISIC2017/input/img_class/mel/ISIC_0000004.jpg,/root/autodl-tmp/data/ISIC2017/input/seg_class/mel/ISIC_0000004_segmentation.png,mel,An image of a skin area with melanoma.,train,"The dermoscopic image shows a melanoma, which is a type of skin cancer. The lesion appears to be asymmetrical, with an irregular border and a variegated color. The structure of the lesion is described as a globular structure with a central depression. The border is described as poorly defined, and the lesion shows a lack of symmetry. Additionally, there are notable patterns such as a ""star sign"" and ""blue-gray dots."" These features are characteristic of melanoma and can help healthcare professionals in diagnosing the condition."
ISIC_0000013,/root/autodl-tmp/data/ISIC2017/input/img_class/mel/ISIC_0000013.jpg,/root/autodl-tmp/data/ISIC2017/input/seg_class/mel/ISIC_0000013_segmentation.png,mel,An image of a skin area with melanoma.,train,"The dermoscopic image shows a melanoma, which is a type of skin cancer. The lesion appears to be asymmetrical, with an irregular border and a mixed color pattern. The image also mentions the presence of a ""dot in a circle"" pattern, which is a notable feature in this case."
ISIC_0000022,/root/autodl-tmp/data/ISIC2017/input/img_class/mel/ISIC_0000022.jpg,/root/autodl-tmp/data/ISIC2017/input/seg_class/mel/ISIC_0000022_segmentation.png,mel,An image of a skin area with melanoma.,train,"The dermoscopic image shows a melanoma, which is a malignant skin lesion. The lesion appears to have a color, structure, border, symmetry, and notable patterns that are characteristic of melanoma. However, without more specific information about the patient's skin tone and the exact location of the lesion, it is difficult to provide further details."
ISIC_0000026,/root/autodl-tmp/data/ISIC2017/input/img_class/mel/ISIC_0000026.jpg,/root/autodl-tmp/data/ISIC2017/input/seg_class/mel/ISIC_0000026_segmentation.png,mel,An image of a skin area with melanoma.,train,"The dermoscopic image shows a melanoma, which is a malignant skin lesion. The image is taken from an unknown patient, of unknown age, and the location is unspecified. The lesion appears to have a color, structure, border, symmetry, and notable patterns that are characteristic of melanoma. It is important to note that the image is for educational purposes and should not be used for diagnosis or treatment."
ISIC_0000029,/root/autodl-tmp/data/ISIC2017/input/img_class/mel/ISIC_0000029.jpg,/root/autodl-tmp/data/ISIC2017/input/seg_class/mel/ISIC_0000029_segmentation.png,mel,An image of a skin area with melanoma.,train,"The dermoscopic image shows a lesion with a color, structure, border, symmetry, and notable patterns that are consistent with a diagnosis of melanoma. Melanoma is a type of skin cancer that develops from the pigment-producing cells called melanocytes. It is important to consult a healthcare professional for further evaluation and appropriate treatment."
ISIC_0000030,/root/autodl-tmp/data/ISIC2017/input/img_class/mel/ISIC_0000030.jpg,/root/autodl-tmp/data/ISIC2017/input/seg_class/mel/ISIC_0000030_segmentation.png,mel,An image of a skin area with melanoma.,train,"The dermoscopic image shows a melanoma, which is a type of skin cancer. The lesion appears to have a color, structure, border, symmetry, and notable patterns. However, without more specific information, it is difficult to provide further details about the lesion's appearance."
ISIC_0000031,/root/autodl-tmp/data/ISIC2017/input/img_class/mel/ISIC_0000031.jpg,/root/autodl-tmp/data/ISIC2017/input/seg_class/mel/ISIC_0000031_segmentation.png,mel,An image of a skin area with melanoma.,train,"The dermoscopic image shows a melanoma, which is a malignant skin lesion. The lesion appears to have a color, structure, border, symmetry, and notable patterns. However, without more specific information about the lesion's appearance and the patient's skin tone, it is difficult to provide further details."
ISIC_0000035,/root/autodl-tmp/data/ISIC2017/input/img_class/mel/ISIC_0000035.jpg,/root/autodl-tmp/data/ISIC2017/input/seg_class/mel/ISIC_0000035_segmentation.png,mel,An image of a skin area with melanoma.,train,"The dermoscopic image shows a melanoma, which is a type of skin cancer. The lesion appears to be asymmetrical, with an irregular border and a mixed color pattern. The image also mentions the presence of a ""dot in a circle"" pattern, which is a notable feature often seen in melanomas."
ISIC_0000036,/root/autodl-tmp/data/ISIC2017/input/img_class/mel/ISIC_0000036.jpg,/root/autodl-tmp/data/ISIC2017/input/seg_class/mel/ISIC_0000036_segmentation.png,mel,An image of a skin area with melanoma.,train,"The dermoscopic image shows a lesion with a color, structure, border, symmetry, and notable patterns that are consistent with melanoma. Melanoma is a type of skin cancer that develops from the pigment-producing cells called melanocytes. It is important to note that a healthcare professional should be consulted for a proper diagnosis and treatment plan."
ISIC_0000040,/root/autodl-tmp/data/ISIC2017/input/img_class/mel/ISIC_0000040.jpg,/root/autodl-tmp/data/ISIC2017/input/seg_class/mel/ISIC_0000040_segmentation.png,mel,An image of a skin area with melanoma.,train,"The dermoscopic image shows a melanoma, which is a malignant skin lesion. The lesion appears to have a color, structure, border, symmetry, and notable patterns. However, without more specific information, it is difficult to provide further details about the lesion's appearance."
ISIC_0000043,/root/autodl-tmp/data/ISIC2017/input/img_class/mel/ISIC_0000043.jpg,/root/autodl-tmp/data/ISIC2017/input/seg_class/mel/ISIC_0000043_segmentation.png,mel,An image of a skin area with melanoma.,train,"The dermoscopic image shows a melanoma, which is a type of skin cancer. The lesion appears to be asymmetrical, with an irregular border. It is described as having a ""globular"" structure, which means it has a rounded or spherical shape. The lesion is also described as having a ""variegated"" color, which means it has a mix of different colors. The image also mentions the presence of ""blue-gray dots"" and ""pseudonetting,"" which are notable patterns often seen in melanoma."
ISIC_0000046,/root/autodl-tmp/data/ISIC2017/input/img_class/mel/ISIC_0000046.jpg,/root/autodl-tmp/data/ISIC2017/input/seg_class/mel/ISIC_0000046_segmentation.png,mel,An image of a skin area with melanoma.,train,"The dermoscopic image shows a melanoma, which is a type of skin cancer. The lesion appears to be asymmetrical, with an irregular border. It has a mixed color, including shades of brown and black, and a globular structure. The lesion also exhibits a ""salt and pepper"" pattern, which is a notable feature often seen in melanomas."
ISIC_0000049,/root/autodl-tmp/data/ISIC2017/input/img_class/mel/ISIC_0000049.jpg,/root/autodl-tmp/data/ISIC2017/input/seg_class/mel/ISIC_0000049_segmentation.png,mel,An image of a skin area with melanoma.,train,"The dermoscopic image shows a melanoma, which is a type of skin cancer. The lesion appears to have a mixed color, including shades of brown, black, and red. The structure of the lesion is irregular, and it has an asymmetrical border. The lesion also shows a lack of symmetry and has a notable pattern called ""pigmented network."" These features are characteristic of melanoma and can help healthcare professionals in diagnosing the condition."
ISIC_0000054,/root/autodl-tmp/data/ISIC2017/input/img_class/mel/ISIC_0000054.jpg,/root/autodl-tmp/data/ISIC2017/input/seg_class/mel/ISIC_0000054_segmentation.png,mel,An image of a skin area with melanoma.,train,"The dermoscopic image shows a melanoma, which is a type of skin cancer. The lesion appears to have an irregular border and a mixed color pattern. The structure of the lesion is asymmetric, and it has a globular structure. Additionally, there are notable patterns such as a central depression and a peripheral palisading pattern. These features are characteristic of melanoma and can help healthcare professionals in diagnosing the condition."
ISIC_0000056,/root/autodl-tmp/data/ISIC2017/input/img_class/mel/ISIC_0000056.jpg,/root/autodl-tmp/data/ISIC2017/input/seg_class/mel/ISIC_0000056_segmentation.png,mel,An image of a skin area with melanoma.,train,"The dermoscopic image shows a melanoma, which is a malignant skin lesion. The lesion appears to have a color, structure, border, symmetry, and notable patterns. These characteristics are important for the diagnosis and management of melanoma."
ISIC_0000074,/root/autodl-tmp/data/ISIC2017/input/img_class/mel/ISIC_0000074.jpg,/root/autodl-tmp/data/ISIC2017/input/seg_class/mel/ISIC_0000074_segmentation.png,mel,An image of a skin area with melanoma.,train,"The dermoscopic image shows a melanoma, which is a type of skin cancer. The lesion appears to be asymmetrical, with an irregular border and a mixed color pattern. The image also shows a notable pattern called the ""salt and pepper"" pattern, which is characterized by the presence of both black and white pigmentation within the lesion."
ISIC_0000077,/root/autodl-tmp/data/ISIC2017/input/img_class/mel/ISIC_0000077.jpg,/root/autodl-tmp/data/ISIC2017/input/seg_class/mel/ISIC_0000077_segmentation.png,mel,An image of a skin area with melanoma.,train,"The dermoscopic image shows a melanoma, which is a malignant skin lesion. The lesion appears to be asymmetrical, with an irregular border. It has a mixed color, including shades of brown, black, and blue. The lesion has a globular structure and a variegated pattern, which means it has a mix of different colors and textures. Additionally, there are some dots and globules present in the image."
ISIC_0000078,/root/autodl-tmp/data/ISIC2017/input/img_class/mel/ISIC_0000078.jpg,/root/autodl-tmp/data/ISIC2017/input/seg_class/mel/ISIC_0000078_segmentation.png,mel,An image of a skin area with melanoma.,train,"The dermoscopic image shows a lesion with a color, structure, border, symmetry, and notable patterns that are consistent with melanoma. Melanoma is a type of skin cancer that develops from the pigment-producing cells called melanocytes. It is important to consult a healthcare professional for a thorough evaluation and proper diagnosis of the lesion."
ISIC_0000139,/root/autodl-tmp/data/ISIC2017/input/img_class/mel/ISIC_0000139.jpg,/root/autodl-tmp/data/ISIC2017/input/seg_class/mel/ISIC_0000139_segmentation.png,mel,An image of a skin area with melanoma.,train,"The dermoscopic image shows a melanoma, which is a type of skin cancer. The lesion appears to be asymmetrical, with an irregular border and an uneven surface. The color of the lesion is unspecified, but it is important to note that melanomas can vary in color from black to brown, red, or even blue. The image also mentions the presence of a ""dot in a circle"" pattern, which is a notable feature often seen in melanomas."
ISIC_0000140,/root/autodl-tmp/data/ISIC2017/input/img_class/mel/ISIC_0000140.jpg,/root/autodl-tmp/data/ISIC2017/input/seg_class/mel/ISIC_0000140_segmentation.png,mel,An image of a skin area with melanoma.,train,"The dermoscopic image shows a melanoma, which is a type of skin cancer. The image displays the lesion's color, structure, border, symmetry, and notable patterns. However, without more specific information, it is difficult to provide further details about the lesion's appearance or characteristics."
ISIC_0000141,/root/autodl-tmp/data/ISIC2017/input/img_class/mel/ISIC_0000141.jpg,/root/autodl-tmp/data/ISIC2017/input/seg_class/mel/ISIC_0000141_segmentation.png,mel,An image of a skin area with melanoma.,train,"The dermoscopic image shows a lesion with a color, structure, border, symmetry, and notable patterns that are consistent with melanoma. Melanoma is a type of skin cancer that develops from the pigment-producing cells called melanocytes. It is important to consult a healthcare professional for a thorough evaluation and proper diagnosis of any skin lesion."
ISIC_0000142,/root/autodl-tmp/data/ISIC2017/input/img_class/mel/ISIC_0000142.jpg,/root/autodl-tmp/data/ISIC2017/input/seg_class/mel/ISIC_0000142_segmentation.png,mel,An image of a skin area with melanoma.,train,"The dermoscopic image shows a melanoma, which is a type of skin cancer. The lesion appears to be asymmetrical, with an irregular border and a variegated color. The image is taken from a patient of unknown age, and the skin tone is unspecified. The lesion has a structure that is not uniform, and it exhibits a notable pattern called the ""salt and pepper"" pattern."
ISIC_0000143,/root/autodl-tmp/data/ISIC2017/input/img_class/mel/ISIC_0000143.jpg,/root/autodl-tmp/data/ISIC2017/input/seg_class/mel/ISIC_0000143_segmentation.png,mel,An image of a skin area with melanoma.,train,"The dermoscopic image shows a melanoma, which is a type of skin cancer. The lesion appears to have a color, structure, border, symmetry, and notable patterns that are characteristic of melanoma. It is important to note that the specific details of the lesion's appearance may vary depending on the individual case and the quality of the image."
ISIC_0000145,/root/autodl-tmp/data/ISIC2017/input/img_class/mel/ISIC_0000145.jpg,/root/autodl-tmp/data/ISIC2017/input/seg_class/mel/ISIC_0000145_segmentation.png,mel,An image of a skin area with melanoma.,train,"The dermoscopic image shows a melanoma, which is a type of skin cancer. The lesion appears to be asymmetrical, with an irregular border and a variegated color pattern. The image is taken from a patient with unknown age and skin tone, and the lesion is located at an unspecified location."
ISIC_0000146,/root/autodl-tmp/data/ISIC2017/input/img_class/mel/ISIC_0000146.jpg,/root/autodl-tmp/data/ISIC2017/input/seg_class/mel/ISIC_0000146_segmentation.png,mel,An image of a skin area with melanoma.,train,"The dermoscopic image shows a melanoma, which is a type of skin cancer. The lesion appears to be asymmetrical, with an irregular border and a mixed structure. The color of the lesion is described as brown, and it has a globular structure. The image also shows a notable pattern called ""atlas"" and a ""blue-gray dots"" pattern. These patterns are often associated with melanoma and can help healthcare professionals in diagnosing the condition."
ISIC_0000147,/root/autodl-tmp/data/ISIC2017/input/img_class/mel/ISIC_0000147.jpg,/root/autodl-tmp/data/ISIC2017/input/seg_class/mel/ISIC_0000147_segmentation.png,mel,An image of a skin area with melanoma.,train,"The dermoscopic image shows a melanoma, which is a type of skin cancer. The lesion appears to have a color, structure, border, symmetry, and notable patterns that are characteristic of melanoma. It is important to note that the image is from a patient with unknown age and an unspecified location. The skin tone is also unspecified. The dermoscopic features of the lesion can help healthcare professionals in diagnosing and managing the condition."
ISIC_0000148,/root/autodl-tmp/data/ISIC2017/input/img_class/mel/ISIC_0000148.jpg,/root/autodl-tmp/data/ISIC2017/input/seg_class/mel/ISIC_0000148_segmentation.png,mel,An image of a skin area with melanoma.,train,"The dermoscopic image shows a melanoma, which is a malignant skin lesion. The lesion appears to be asymmetrical and has an irregular border. The color and structure of the lesion are not specified, but the presence of melanoma suggests that it may have a pigmented appearance. The image also mentions the presence of a ""dot in a circle"" pattern, which is a notable feature often seen in melanoma."
ISIC_0000149,/root/autodl-tmp/data/ISIC2017/input/img_class/mel/ISIC_0000149.jpg,/root/autodl-tmp/data/ISIC2017/input/seg_class/mel/ISIC_0000149_segmentation.png,mel,An image of a skin area with melanoma.,train,"The dermoscopic image shows a lesion with a color, structure, border, symmetry, and notable patterns that are consistent with melanoma. Melanoma is a type of skin cancer that develops from the pigment-producing cells called melanocytes. It is important to consult a healthcare professional for a thorough evaluation and proper diagnosis of the lesion."
ISIC_0000150,/root/autodl-tmp/data/ISIC2017/input/img_class/mel/ISIC_0000150.jpg,/root/autodl-tmp/data/ISIC2017/input/seg_class/mel/ISIC_0000150_segmentation.png,mel,An image of a skin area with melanoma.,train,"The dermoscopic image shows a melanoma, which is a type of skin cancer. The lesion appears to be asymmetrical, with an irregular border and a mixed color pattern. The image also shows a notable pattern called the ""cigar sign,"" which is a characteristic feature of melanoma."
ISIC_0000151,/root/autodl-tmp/data/ISIC2017/input/img_class/mel/ISIC_0000151.jpg,/root/autodl-tmp/data/ISIC2017/input/seg_class/mel/ISIC_0000151_segmentation.png,mel,An image of a skin area with melanoma.,train,"The dermoscopic image shows a melanoma, which is a type of skin cancer. The lesion appears to be asymmetrical, with an irregular border. It has a mixed color, including shades of brown and black, and a structure that is globular and nodular. The lesion also has a notable pattern called the ""salt and pepper"" pattern, which is characterized by the presence of multiple small, darkly pigmented spots scattered throughout the lesion."
ISIC_0000152,/root/autodl-tmp/data/ISIC2017/input/img_class/mel/ISIC_0000152.jpg,/root/autodl-tmp/data/ISIC2017/input/seg_class/mel/ISIC_0000152_segmentation.png,mel,An image of a skin area with melanoma.,train,"The dermoscopic image shows a melanoma, which is a type of skin cancer. The lesion appears to have a color, structure, border, symmetry, and notable patterns that are characteristic of melanoma. It is important to note that the image is from a patient of unknown age and unknown skin tone, and the location of the lesion is unspecified."
ISIC_0000153,/root/autodl-tmp/data/ISIC2017/input/img_class/mel/ISIC_0000153.jpg,/root/autodl-tmp/data/ISIC2017/input/seg_class/mel/ISIC_0000153_segmentation.png,mel,An image of a skin area with melanoma.,train,"The dermoscopic image shows a melanoma, which is a type of skin cancer. The lesion appears to be asymmetrical, with a color that is not specified in the provided information. The structure of the lesion is not specified either. The border of the lesion is irregular, and there are no notable patterns mentioned."
ISIC_0000154,/root/autodl-tmp/data/ISIC2017/input/img_class/mel/ISIC_0000154.jpg,/root/autodl-tmp/data/ISIC2017/input/seg_class/mel/ISIC_0000154_segmentation.png,mel,An image of a skin area with melanoma.,train,"The dermoscopic image shows a lesion with a color, structure, border, symmetry, and notable patterns that are consistent with a diagnosis of melanoma. Melanoma is a type of skin cancer that develops from the pigment-producing cells called melanocytes. It is important to consult a healthcare professional for further evaluation and appropriate treatment options."
ISIC_0000155,/root/autodl-tmp/data/ISIC2017/input/img_class/mel/ISIC_0000155.jpg,/root/autodl-tmp/data/ISIC2017/input/seg_class/mel/ISIC_0000155_segmentation.png,mel,An image of a skin area with melanoma.,train,"The dermoscopic image shows a melanoma, which is a type of skin cancer. The lesion appears to have a color, structure, border, symmetry, and notable patterns that are characteristic of melanoma. It is important to note that the image is from a patient with unknown age and an unspecified skin tone. Further evaluation and consultation with a healthcare professional are necessary to determine the appropriate course of action for this patient."
ISIC_0000156,/root/autodl-tmp/data/ISIC2017/input/img_class/mel/ISIC_0000156.jpg,/root/autodl-tmp/data/ISIC2017/input/seg_class/mel/ISIC_0000156_segmentation.png,mel,An image of a skin area with melanoma.,train,"The dermoscopic image shows a melanoma, which is a malignant skin lesion. The lesion appears to have a color, structure, border, symmetry, and notable patterns. However, without more specific information, it is difficult to provide further details about the lesion's appearance. It is important to consult a healthcare professional for a thorough evaluation and proper diagnosis of the melanoma."
ISIC_0000157,/root/autodl-tmp/data/ISIC2017/input/img_class/mel/ISIC_0000157.jpg,/root/autodl-tmp/data/ISIC2017/input/seg_class/mel/ISIC_0000157_segmentation.png,mel,An image of a skin area with melanoma.,train,"The dermoscopic image shows a melanoma, which is a malignant skin lesion. The lesion appears to be asymmetrical, with a structure that is globular and has a notched border. The lesion is also described as having a ""lobulated"" structure, which means it has a somewhat irregular, rounded appearance. The image also mentions the presence of a ""blue-gray dots"" pattern, which is a notable feature often seen in melanoma."
ISIC_0000159,/root/autodl-tmp/data/ISIC2017/input/img_class/mel/ISIC_0000159.jpg,/root/autodl-tmp/data/ISIC2017/input/seg_class/mel/ISIC_0000159_segmentation.png,mel,An image of a skin area with melanoma.,train,"The dermoscopic image shows a melanoma, which is a malignant skin lesion. The lesion appears to be asymmetrical, with an irregular border and a mixed color pattern. The image is taken from an unspecified location on the patient's skin, and the patient's skin tone is unspecified. The lesion's structure and notable patterns are also unspecified."
ISIC_0000160,/root/autodl-tmp/data/ISIC2017/input/img_class/mel/ISIC_0000160.jpg,/root/autodl-tmp/data/ISIC2017/input/seg_class/mel/ISIC_0000160_segmentation.png,mel,An image of a skin area with melanoma.,train,"The dermoscopic image shows a melanoma, which is a type of skin cancer. The lesion appears to have a color, structure, border, symmetry, and notable patterns that are characteristic of melanoma. However, without more specific information, it is difficult to provide further details about the lesion's appearance or characteristics. It is important to consult a healthcare professional for a thorough evaluation and proper diagnosis of the lesion."
ISIC_0000161,/root/autodl-tmp/data/ISIC2017/input/img_class/mel/ISIC_0000161.jpg,/root/autodl-tmp/data/ISIC2017/input/seg_class/mel/ISIC_0000161_segmentation.png,mel,An image of a skin area with melanoma.,train,"The dermoscopic image shows a melanoma, which is a malignant skin lesion. The lesion appears to have a color, structure, border, symmetry, and notable patterns that are characteristic of melanoma. These features can help healthcare professionals in diagnosing the condition and determining the appropriate course of treatment."
ISIC_0000162,/root/autodl-tmp/data/ISIC2017/input/img_class/mel/ISIC_0000162.jpg,/root/autodl-tmp/data/ISIC2017/input/seg_class/mel/ISIC_0000162_segmentation.png,mel,An image of a skin area with melanoma.,train,"The dermoscopic image shows a melanoma, which is a type of skin cancer. The lesion appears to have an irregular border, asymmetry, and a notable pattern. The color, structure, and symmetry of the lesion are also important features to consider when evaluating the image."
ISIC_0000163,/root/autodl-tmp/data/ISIC2017/input/img_class/mel/ISIC_0000163.jpg,/root/autodl-tmp/data/ISIC2017/input/seg_class/mel/ISIC_0000163_segmentation.png,mel,An image of a skin area with melanoma.,train,"The dermoscopic image shows a melanoma, which is a type of skin cancer. The lesion appears to be asymmetrical, with an irregular border and a mixed color pattern. The image is stained with hematoxylin and eosin (H&E) and is viewed at 10x magnification."
ISIC_0000164,/root/autodl-tmp/data/ISIC2017/input/img_class/mel/ISIC_0000164.jpg,/root/autodl-tmp/data/ISIC2017/input/seg_class/mel/ISIC_0000164_segmentation.png,mel,An image of a skin area with melanoma.,train,"The dermoscopic image shows a melanoma, which is a type of skin cancer. The lesion appears to have a color, structure, border, symmetry, and notable patterns that are characteristic of melanoma. It is important to note that the specific details of the lesion's appearance may vary, but the overall features are consistent with a malignant melanoma."
ISIC_0000165,/root/autodl-tmp/data/ISIC2017/input/img_class/mel/ISIC_0000165.jpg,/root/autodl-tmp/data/ISIC2017/input/seg_class/mel/ISIC_0000165_segmentation.png,mel,An image of a skin area with melanoma.,train,"The dermoscopic image shows a melanoma, which is a type of skin cancer. The lesion appears to be asymmetrical, with an irregular border and a mixed color pattern. The image is taken from an unspecified location on the patient's skin, and the patient's skin tone is also unspecified. The lesion's structure, border, symmetry, and notable patterns are not explicitly mentioned, but they are important features to consider when evaluating the lesion."
ISIC_0000166,/root/autodl-tmp/data/ISIC2017/input/img_class/mel/ISIC_0000166.jpg,/root/autodl-tmp/data/ISIC2017/input/seg_class/mel/ISIC_0000166_segmentation.png,mel,An image of a skin area with melanoma.,train,"The dermoscopic image shows a lesion with a color, structure, border, symmetry, and notable patterns that are consistent with melanoma. Melanoma is a type of skin cancer that develops from the pigment-producing cells called melanocytes. It is important to consult a healthcare professional for a thorough evaluation and proper diagnosis of any skin lesion."
ISIC_0000167,/root/autodl-tmp/data/ISIC2017/input/img_class/mel/ISIC_0000167.jpg,/root/autodl-tmp/data/ISIC2017/input/seg_class/mel/ISIC_0000167_segmentation.png,mel,An image of a skin area with melanoma.,train,"The dermoscopic image shows a melanoma, which is a malignant skin lesion. The lesion appears to have a color, structure, border, symmetry, and notable patterns. However, without more specific information about the lesion's appearance and the patient's skin tone, it is difficult to provide further details."
ISIC_0000169,/root/autodl-tmp/data/ISIC2017/input/img_class/mel/ISIC_0000169.jpg,/root/autodl-tmp/data/ISIC2017/input/seg_class/mel/ISIC_0000169_segmentation.png,mel,An image of a skin area with melanoma.,train,"The dermoscopic image shows a lesion with a color, structure, border, symmetry, and notable patterns that are consistent with melanoma, which is a type of skin cancer."
ISIC_0000171,/root/autodl-tmp/data/ISIC2017/input/img_class/mel/ISIC_0000171.jpg,/root/autodl-tmp/data/ISIC2017/input/seg_class/mel/ISIC_0000171_segmentation.png,mel,An image of a skin area with melanoma.,train,"The dermoscopic image shows a melanoma, which is a type of skin cancer. The lesion appears to have a color, structure, border, symmetry, and notable patterns. However, without more specific information, it is difficult to provide further details about the appearance of the lesion. It is important to consult a healthcare professional for a thorough evaluation and proper diagnosis of the skin condition."
ISIC_0000172,/root/autodl-tmp/data/ISIC2017/input/img_class/mel/ISIC_0000172.jpg,/root/autodl-tmp/data/ISIC2017/input/seg_class/mel/ISIC_0000172_segmentation.png,mel,An image of a skin area with melanoma.,train,"The dermoscopic image shows a melanoma, which is a malignant skin lesion. The lesion appears to have a color, structure, border, symmetry, and notable patterns. However, without more specific information about the lesion and the patient, it is difficult to provide further details. It is important to consult a healthcare professional for a thorough evaluation and proper diagnosis of the melanoma."
ISIC_0000174,/root/autodl-tmp/data/ISIC2017/input/img_class/mel/ISIC_0000174.jpg,/root/autodl-tmp/data/ISIC2017/input/seg_class/mel/ISIC_0000174_segmentation.png,mel,An image of a skin area with melanoma.,train,"This dermoscopic image shows a melanoma, which is a type of skin cancer. The lesion appears to be asymmetrical, with an irregular border and a mixed color pattern. The image also mentions the presence of a ""dot in a circle"" pattern, which is a notable feature often seen in melanomas."
ISIC_0000176,/root/autodl-tmp/data/ISIC2017/input/img_class/mel/ISIC_0000176.jpg,/root/autodl-tmp/data/ISIC2017/input/seg_class/mel/ISIC_0000176_segmentation.png,mel,An image of a skin area with melanoma.,train,"The dermoscopic image shows a melanoma, which is a type of skin cancer. The lesion appears to be asymmetrical, with an irregular border and a mixed color pattern. The image also mentions the presence of a ""dot in a circle"" pattern, which is a notable feature often seen in melanomas."
ISIC_0000276,/root/autodl-tmp/data/ISIC2017/input/img_class/mel/ISIC_0000276.jpg,/root/autodl-tmp/data/ISIC2017/input/seg_class/mel/ISIC_0000276_segmentation.png,mel,An image of a skin area with melanoma.,train,"The dermoscopic image shows a melanoma, which is a type of skin cancer. The lesion has an irregular structure, an asymmetrical border, and a lack of symmetry. These features are suggestive of malignancy."
ISIC_0000277,/root/autodl-tmp/data/ISIC2017/input/img_class/mel/ISIC_0000277.jpg,/root/autodl-tmp/data/ISIC2017/input/seg_class/mel/ISIC_0000277_segmentation.png,mel,An image of a skin area with melanoma.,train,"The dermoscopic image shows a melanoma, which is a type of skin cancer. The lesion appears to have a color, structure, border, symmetry, and notable patterns that are characteristic of melanoma. These features can help healthcare professionals identify and diagnose melanoma."
ISIC_0000278,/root/autodl-tmp/data/ISIC2017/input/img_class/mel/ISIC_0000278.jpg,/root/autodl-tmp/data/ISIC2017/input/seg_class/mel/ISIC_0000278_segmentation.png,mel,An image of a skin area with melanoma.,train,"The dermoscopic image shows a melanoma, which is a type of skin cancer. The lesion appears to have a color, structure, border, symmetry, and notable patterns that are characteristic of melanoma. It is important to note that the specific details of the lesion's appearance may vary depending on the individual case and the quality of the image."
ISIC_0000281,/root/autodl-tmp/data/ISIC2017/input/img_class/mel/ISIC_0000281.jpg,/root/autodl-tmp/data/ISIC2017/input/seg_class/mel/ISIC_0000281_segmentation.png,mel,An image of a skin area with melanoma.,train,"The dermoscopic image shows a melanoma, which is a type of skin cancer. The lesion appears to have a color, structure, border, symmetry, and notable patterns that are characteristic of melanoma. However, it is important to note that the specific details of the lesion's appearance are not provided, so a more detailed analysis would be needed to accurately describe the image."
ISIC_0000282,/root/autodl-tmp/data/ISIC2017/input/img_class/mel/ISIC_0000282.jpg,/root/autodl-tmp/data/ISIC2017/input/seg_class/mel/ISIC_0000282_segmentation.png,mel,An image of a skin area with melanoma.,train,"The dermoscopic image shows a melanoma, which is a type of skin cancer. The lesion appears to be asymmetrical, with an irregular border and a mixed color pattern. The image also mentions the presence of a ""dot in a circle"" pattern, which is a notable feature often seen in melanomas."
ISIC_0000283,/root/autodl-tmp/data/ISIC2017/input/img_class/mel/ISIC_0000283.jpg,/root/autodl-tmp/data/ISIC2017/input/seg_class/mel/ISIC_0000283_segmentation.png,mel,An image of a skin area with melanoma.,train,"The dermoscopic image shows a melanoma, which is a type of skin cancer. The lesion appears to be asymmetrical, with an irregular border and a mixed structure. The color of the lesion is described as brown-black, and it has a globular structure with a central depression. The lesion also exhibits a ""salt and pepper"" pattern, which is a notable feature."
ISIC_0000285,/root/autodl-tmp/data/ISIC2017/input/img_class/mel/ISIC_0000285.jpg,/root/autodl-tmp/data/ISIC2017/input/seg_class/mel/ISIC_0000285_segmentation.png,mel,An image of a skin area with melanoma.,train,"The dermoscopic image shows a melanoma lesion. The lesion appears to be asymmetrical, with an irregular border. It has a mixed color pattern, including shades of brown, black, and blue. The lesion also has a globular structure and a ""salt and pepper"" pattern, which is a notable feature."
ISIC_0000288,/root/autodl-tmp/data/ISIC2017/input/img_class/mel/ISIC_0000288.jpg,/root/autodl-tmp/data/ISIC2017/input/seg_class/mel/ISIC_0000288_segmentation.png,mel,An image of a skin area with melanoma.,train,"The dermoscopic image shows a melanoma, which is a type of skin cancer. The lesion appears to have a color, structure, border, symmetry, and notable patterns that are characteristic of melanoma. The image is from a patient with unknown age and an unspecified skin tone."
ISIC_0000289,/root/autodl-tmp/data/ISIC2017/input/img_class/mel/ISIC_0000289.jpg,/root/autodl-tmp/data/ISIC2017/input/seg_class/mel/ISIC_0000289_segmentation.png,mel,An image of a skin area with melanoma.,train,"The dermoscopic image shows a lesion with a color, structure, border, symmetry, and notable patterns that are consistent with melanoma. Melanoma is a type of skin cancer that develops from the pigment-producing cells called melanocytes. It is important to consult a healthcare professional for a thorough evaluation and proper diagnosis of the lesion."
ISIC_0000290,/root/autodl-tmp/data/ISIC2017/input/img_class/mel/ISIC_0000290.jpg,/root/autodl-tmp/data/ISIC2017/input/seg_class/mel/ISIC_0000290_segmentation.png,mel,An image of a skin area with melanoma.,train,"The dermoscopic image shows a melanoma, which is a malignant skin lesion. The lesion appears to be asymmetrical, with an irregular border. It has a mixed color, including black, brown, and blue shades. The lesion is located on the skin, but the specific location is not mentioned. The skin tone is also unspecified. The image is stained with hematoxylin and eosin (H&E) and has a magnification of 10x."
ISIC_0000292,/root/autodl-tmp/data/ISIC2017/input/img_class/mel/ISIC_0000292.jpg,/root/autodl-tmp/data/ISIC2017/input/seg_class/mel/ISIC_0000292_segmentation.png,mel,An image of a skin area with melanoma.,train,"The dermoscopic image shows a melanoma, which is a type of skin cancer. The lesion appears to have a color, structure, border, symmetry, and notable patterns. However, without more specific information, it is difficult to provide further details about the lesion's appearance. It is important to consult a healthcare professional for a thorough evaluation and proper diagnosis of the melanoma."
ISIC_0000293,/root/autodl-tmp/data/ISIC2017/input/img_class/mel/ISIC_0000293.jpg,/root/autodl-tmp/data/ISIC2017/input/seg_class/mel/ISIC_0000293_segmentation.png,mel,An image of a skin area with melanoma.,train,"The dermoscopic image shows a melanoma, which is a malignant skin lesion. The lesion appears to be asymmetrical, with an irregular border and a mixed color pattern. The image also mentions the presence of a ""dot in a circle"" pattern, which is a notable feature often seen in melanomas."
ISIC_0000294,/root/autodl-tmp/data/ISIC2017/input/img_class/mel/ISIC_0000294.jpg,/root/autodl-tmp/data/ISIC2017/input/seg_class/mel/ISIC_0000294_segmentation.png,mel,An image of a skin area with melanoma.,train,"The dermoscopic image shows a melanoma, which is a type of skin cancer. The lesion appears to be asymmetrical, with an irregular border. It has a mixed color, including shades of brown and black. The lesion has a structure that is not uniform, and it lacks symmetry. Additionally, there are notable patterns such as the presence of a ""blue-dot"" pattern and a ""pseudonet"" pattern. These features are consistent with the diagnosis of melanoma."
ISIC_0000295,/root/autodl-tmp/data/ISIC2017/input/img_class/mel/ISIC_0000295.jpg,/root/autodl-tmp/data/ISIC2017/input/seg_class/mel/ISIC_0000295_segmentation.png,mel,An image of a skin area with melanoma.,train,"The dermoscopic image shows a melanoma, which is a type of skin cancer. The lesion appears to be asymmetrical, with an irregular border and a mixed color pattern. The image also shows a notable pattern called the ""cigar sign,"" which is a characteristic feature of melanoma. It is important to note that a healthcare professional should be consulted for a thorough evaluation and proper diagnosis of any skin lesion."
ISIC_0000297,/root/autodl-tmp/data/ISIC2017/input/img_class/mel/ISIC_0000297.jpg,/root/autodl-tmp/data/ISIC2017/input/seg_class/mel/ISIC_0000297_segmentation.png,mel,An image of a skin area with melanoma.,train,"The dermoscopic image shows a melanoma, which is a type of skin cancer. The lesion appears to be asymmetrical, with an irregular border and a variety of colors, including brown, black, and blue. The image also shows a structure with a central depression and a ""spoke-wheel"" pattern. These features are characteristic of melanoma, which is a malignant skin condition."
ISIC_0000298,/root/autodl-tmp/data/ISIC2017/input/img_class/mel/ISIC_0000298.jpg,/root/autodl-tmp/data/ISIC2017/input/seg_class/mel/ISIC_0000298_segmentation.png,mel,An image of a skin area with melanoma.,train,"The dermoscopic image shows a melanoma, which is a malignant skin lesion. The lesion appears to be asymmetrical, with an irregular border and a mixed color pattern. It is important to note that the image is from a patient with unknown age and an unspecified skin tone. The lesion's structure, border, symmetry, and notable patterns are also mentioned, but without more specific information, it is difficult to provide further details."
ISIC_0000299,/root/autodl-tmp/data/ISIC2017/input/img_class/mel/ISIC_0000299.jpg,/root/autodl-tmp/data/ISIC2017/input/seg_class/mel/ISIC_0000299_segmentation.png,mel,An image of a skin area with melanoma.,train,"The dermoscopic image shows a melanoma, which is a malignant skin lesion. The lesion appears to have a black color, a globular structure, an irregular border, and asymmetry. Additionally, there are notable patterns such as atypia and a ""star sign."" These features are characteristic of melanoma and can help healthcare professionals in diagnosing the condition."
ISIC_0000300,/root/autodl-tmp/data/ISIC2017/input/img_class/mel/ISIC_0000300.jpg,/root/autodl-tmp/data/ISIC2017/input/seg_class/mel/ISIC_0000300_segmentation.png,mel,An image of a skin area with melanoma.,train,"The dermoscopic image shows a melanoma, which is a malignant skin lesion. The lesion appears to have a color, structure, border, symmetry, and notable patterns. However, without more specific information, it is difficult to provide further details about the lesion's appearance. It is important to consult a healthcare professional for a thorough evaluation and proper diagnosis of the melanoma."
ISIC_0000301,/root/autodl-tmp/data/ISIC2017/input/img_class/mel/ISIC_0000301.jpg,/root/autodl-tmp/data/ISIC2017/input/seg_class/mel/ISIC_0000301_segmentation.png,mel,An image of a skin area with melanoma.,train,"The dermoscopic image shows a melanoma, which is a malignant skin lesion. The lesion appears to be asymmetrical, with an irregular border and a mixed color pattern. The image is described as having a ""globular"" structure, which may be indicative of the lesion's growth pattern. The lesion also has a ""star sign"" pattern, which is a notable feature often seen in melanomas. It is important to note that the diagnosis of melanoma should be confirmed by a healthcare professional, and further evaluation and treatment may be necessary."
ISIC_0000302,/root/autodl-tmp/data/ISIC2017/input/img_class/mel/ISIC_0000302.jpg,/root/autodl-tmp/data/ISIC2017/input/seg_class/mel/ISIC_0000302_segmentation.png,mel,An image of a skin area with melanoma.,train,"The dermoscopic image shows a melanoma, which is a malignant skin lesion. The lesion appears to have an irregular border, asymmetry, and a notable pattern called the ""salt and pepper"" pattern. The lesion is located on the patient's skin, but the specific location and skin tone are not mentioned."
ISIC_0000303,/root/autodl-tmp/data/ISIC2017/input/img_class/mel/ISIC_0000303.jpg,/root/autodl-tmp/data/ISIC2017/input/seg_class/mel/ISIC_0000303_segmentation.png,mel,An image of a skin area with melanoma.,train,"The dermoscopic image shows a melanoma, which is a type of skin cancer. The lesion appears to have a color, structure, border, and symmetry that are characteristic of melanoma. Additionally, there are notable patterns in the image. It is important to note that the patient's skin tone and age are unknown, and the location of the lesion is unspecified."
ISIC_0000306,/root/autodl-tmp/data/ISIC2017/input/img_class/mel/ISIC_0000306.jpg,/root/autodl-tmp/data/ISIC2017/input/seg_class/mel/ISIC_0000306_segmentation.png,mel,An image of a skin area with melanoma.,train,"The dermoscopic image shows a melanoma, which is a type of skin cancer. The lesion appears to be asymmetrical, with an irregular border and a mixed color pattern. The image also mentions the presence of a ""dot in a circle"" pattern, which is a notable feature in this case."
ISIC_0000307,/root/autodl-tmp/data/ISIC2017/input/img_class/mel/ISIC_0000307.jpg,/root/autodl-tmp/data/ISIC2017/input/seg_class/mel/ISIC_0000307_segmentation.png,mel,An image of a skin area with melanoma.,train,"The dermoscopic image shows a lesion with a color that is not specified. The structure of the lesion is not specified either. The border of the lesion is not specified, and the symmetry is not specified. The notable patterns mentioned in the context are not visible in the image itself."
ISIC_0000310,/root/autodl-tmp/data/ISIC2017/input/img_class/mel/ISIC_0000310.jpg,/root/autodl-tmp/data/ISIC2017/input/seg_class/mel/ISIC_0000310_segmentation.png,mel,An image of a skin area with melanoma.,train,"The dermoscopic image shows a lesion with a color, structure, border, symmetry, and notable patterns that are consistent with melanoma, which is a type of skin cancer. The image is taken from an unknown patient, of unknown age, and the skin tone is unspecified. The lesion's characteristics are suggestive of malignancy, but further evaluation and testing would be necessary to confirm the diagnosis."
ISIC_0000311,/root/autodl-tmp/data/ISIC2017/input/img_class/mel/ISIC_0000311.jpg,/root/autodl-tmp/data/ISIC2017/input/seg_class/mel/ISIC_0000311_segmentation.png,mel,An image of a skin area with melanoma.,train,"The dermoscopic image shows a melanoma, which is a type of skin cancer. The lesion appears to be asymmetrical, with an irregular border and a mix of colors, including brown, black, and red. The lesion has a globular structure and a ""salt and pepper"" pattern, which is a notable feature."
ISIC_0000313,/root/autodl-tmp/data/ISIC2017/input/img_class/mel/ISIC_0000313.jpg,/root/autodl-tmp/data/ISIC2017/input/seg_class/mel/ISIC_0000313_segmentation.png,mel,An image of a skin area with melanoma.,train,"The dermoscopic image shows a melanoma, which is a type of skin cancer. The lesion appears to be asymmetrical, with a color that is not specified in the provided information. The structure of the lesion is not specified either. The border of the lesion is not specified, but it is important to note that the presence of an asymmetrical border can be a characteristic feature of melanoma. The symmetry of the lesion is not specified, but it is important to note that melanomas often have an irregular shape. The notable patterns mentioned in the context are not specified in the"
ISIC_0000314,/root/autodl-tmp/data/ISIC2017/input/img_class/mel/ISIC_0000314.jpg,/root/autodl-tmp/data/ISIC2017/input/seg_class/mel/ISIC_0000314_segmentation.png,mel,An image of a skin area with melanoma.,train,"The dermoscopic image shows a melanoma, which is a type of skin cancer. The lesion appears to be asymmetrical, with an irregular border and a variegated color. The image also mentions the presence of a ""dot in a circle"" pattern, which is a notable feature of this particular melanoma."
ISIC_0000390,/root/autodl-tmp/data/ISIC2017/input/img_class/mel/ISIC_0000390.jpg,/root/autodl-tmp/data/ISIC2017/input/seg_class/mel/ISIC_0000390_segmentation.png,mel,An image of a skin area with melanoma.,train,"The dermoscopic image shows a lesion with a color that is not specified. The structure of the lesion is not specified either. The border of the lesion is not specified, and the symmetry is not specified. The notable patterns mentioned are not specified. These details help in the diagnosis of melanoma, which is a malignant skin condition."
ISIC_0000393,/root/autodl-tmp/data/ISIC2017/input/img_class/mel/ISIC_0000393.jpg,/root/autodl-tmp/data/ISIC2017/input/seg_class/mel/ISIC_0000393_segmentation.png,mel,An image of a skin area with melanoma.,train,"The dermoscopic image shows a melanoma, which is a malignant skin lesion. The lesion appears to have a color, structure, border, symmetry, and notable patterns that are characteristic of melanoma. It is important to note that the image is from an unknown patient, of unknown age, and the skin tone is unspecified. The specific details of the lesion's appearance can help healthcare professionals in diagnosing and treating melanoma."
ISIC_0000395,/root/autodl-tmp/data/ISIC2017/input/img_class/mel/ISIC_0000395.jpg,/root/autodl-tmp/data/ISIC2017/input/seg_class/mel/ISIC_0000395_segmentation.png,mel,An image of a skin area with melanoma.,train,"The dermoscopic image shows a melanoma, which is a type of skin cancer. The lesion appears to be asymmetrical, with an irregular border and a variegated color pattern. The image also shows a ""dot in a circle"" pattern, which is a notable feature often seen in melanomas."
ISIC_0000410,/root/autodl-tmp/data/ISIC2017/input/img_class/mel/ISIC_0000410.jpg,/root/autodl-tmp/data/ISIC2017/input/seg_class/mel/ISIC_0000410_segmentation.png,mel,An image of a skin area with melanoma.,train,"The dermoscopic image shows a melanoma, which is a type of skin cancer. The lesion appears to be asymmetrical, with an irregular border and a mixed color pattern. The image is taken from an unspecified location on the patient's skin. The skin tone is also unspecified. These features are characteristic of melanoma, which is a malignant skin condition."
ISIC_0000412,/root/autodl-tmp/data/ISIC2017/input/img_class/mel/ISIC_0000412.jpg,/root/autodl-tmp/data/ISIC2017/input/seg_class/mel/ISIC_0000412_segmentation.png,mel,An image of a skin area with melanoma.,train,"The dermoscopic image shows a melanoma, which is a type of skin cancer. The lesion appears to have an irregular border and an asymmetrical shape. The color of the lesion is not specified, but it is important to note that melanomas can have various colors, including black, brown, or even red, pink, or purple. The structure and border of the lesion may also provide additional information about its characteristics."
ISIC_0000413,/root/autodl-tmp/data/ISIC2017/input/img_class/mel/ISIC_0000413.jpg,/root/autodl-tmp/data/ISIC2017/input/seg_class/mel/ISIC_0000413_segmentation.png,mel,An image of a skin area with melanoma.,train,"The dermoscopic image shows a melanoma, which is a malignant skin lesion. The lesion appears to be asymmetrical, with an irregular border and a mixed color pattern. The image also mentions the presence of a ""dot in a circle"" pattern, which is a notable feature often seen in melanomas."
ISIC_0000415,/root/autodl-tmp/data/ISIC2017/input/img_class/mel/ISIC_0000415.jpg,/root/autodl-tmp/data/ISIC2017/input/seg_class/mel/ISIC_0000415_segmentation.png,mel,An image of a skin area with melanoma.,train,"The dermoscopic image shows a melanoma, which is a malignant skin lesion. The lesion appears to have a color, structure, border, symmetry, and notable patterns that are characteristic of melanoma. However, it is important to note that the specific details of the lesion's appearance may vary depending on the individual case and the quality of the image."
ISIC_0000420,/root/autodl-tmp/data/ISIC2017/input/img_class/mel/ISIC_0000420.jpg,/root/autodl-tmp/data/ISIC2017/input/seg_class/mel/ISIC_0000420_segmentation.png,mel,An image of a skin area with melanoma.,train,"The dermoscopic image shows a lesion with a brown color, a globular structure, a well-defined border, and a symmetrical pattern. These features are consistent with a diagnosis of melanoma, which is a type of skin cancer."
ISIC_0000434,/root/autodl-tmp/data/ISIC2017/input/img_class/mel/ISIC_0000434.jpg,/root/autodl-tmp/data/ISIC2017/input/seg_class/mel/ISIC_0000434_segmentation.png,mel,An image of a skin area with melanoma.,train,"The dermoscopic image shows a melanoma, which is a type of skin cancer. The lesion appears to have a color, structure, border, symmetry, and notable patterns that are characteristic of melanoma. It is important to note that the specific details of the lesion's appearance may vary depending on the individual case and the quality of the image."
ISIC_0000444,/root/autodl-tmp/data/ISIC2017/input/img_class/mel/ISIC_0000444.jpg,/root/autodl-tmp/data/ISIC2017/input/seg_class/mel/ISIC_0000444_segmentation.png,mel,An image of a skin area with melanoma.,train,"The dermoscopic image shows a melanoma, which is a malignant skin lesion. The lesion appears to have a color, structure, border, symmetry, and notable patterns that are characteristic of melanoma. However, it is important to note that the specific details of the lesion's appearance may vary depending on the individual case and the quality of the image."
ISIC_0000445,/root/autodl-tmp/data/ISIC2017/input/img_class/mel/ISIC_0000445.jpg,/root/autodl-tmp/data/ISIC2017/input/seg_class/mel/ISIC_0000445_segmentation.png,mel,An image of a skin area with melanoma.,train,"The dermoscopic image shows a melanoma, which is a type of skin cancer. The lesion appears to be asymmetrical, with an irregular border and a mixed color pattern. The image also shows a notable pattern called the ""cigar sign,"" which is a characteristic feature of melanoma."
ISIC_0000463,/root/autodl-tmp/data/ISIC2017/input/img_class/mel/ISIC_0000463.jpg,/root/autodl-tmp/data/ISIC2017/input/seg_class/mel/ISIC_0000463_segmentation.png,mel,An image of a skin area with melanoma.,train,"The dermoscopic image shows a lesion with a color, structure, border, symmetry, and notable patterns that are consistent with melanoma. Melanoma is a type of skin cancer that develops from the pigment-producing cells called melanocytes. It is important to consult a healthcare professional for a thorough evaluation and proper diagnosis of the lesion."
ISIC_0000466,/root/autodl-tmp/data/ISIC2017/input/img_class/mel/ISIC_0000466.jpg,/root/autodl-tmp/data/ISIC2017/input/seg_class/mel/ISIC_0000466_segmentation.png,mel,An image of a skin area with melanoma.,train,"The dermoscopic image shows a melanoma, which is a malignant skin lesion. The image is taken from an unknown patient, of unknown age, and from an unspecified location. The lesion appears to have a color, structure, border, symmetry, and notable patterns that are characteristic of melanoma. It is important to note that the image is for educational purposes only and should not be used for diagnosis or treatment."
ISIC_0000469,/root/autodl-tmp/data/ISIC2017/input/img_class/mel/ISIC_0000469.jpg,/root/autodl-tmp/data/ISIC2017/input/seg_class/mel/ISIC_0000469_segmentation.png,mel,An image of a skin area with melanoma.,train,"The dermoscopic image shows a lesion with a brown color, a globular structure, an irregular border, and asymmetry. Additionally, there are notable patterns such as the presence of a blue-gray color, a dotted pattern, and a ""salt and pepper"" pattern. These features are indicative of melanoma, a malignant skin condition."
ISIC_0000482,/root/autodl-tmp/data/ISIC2017/input/img_class/mel/ISIC_0000482.jpg,/root/autodl-tmp/data/ISIC2017/input/seg_class/mel/ISIC_0000482_segmentation.png,mel,An image of a skin area with melanoma.,train,"The dermoscopic image shows a melanoma, which is a type of skin cancer. The lesion appears to have a color, structure, border, symmetry, and notable patterns that are characteristic of melanoma. However, it is important to note that the specific details of the lesion's appearance may vary depending on the individual case and the quality of the image."
ISIC_0000484,/root/autodl-tmp/data/ISIC2017/input/img_class/mel/ISIC_0000484.jpg,/root/autodl-tmp/data/ISIC2017/input/seg_class/mel/ISIC_0000484_segmentation.png,mel,An image of a skin area with melanoma.,train,"The dermoscopic image shows a lesion with a color, structure, border, symmetry, and notable patterns that are consistent with a diagnosis of melanoma. Melanoma is a type of skin cancer that develops from the pigment-producing cells called melanocytes. It is important to consult a healthcare professional for further evaluation and appropriate treatment."
ISIC_0000487,/root/autodl-tmp/data/ISIC2017/input/img_class/mel/ISIC_0000487.jpg,/root/autodl-tmp/data/ISIC2017/input/seg_class/mel/ISIC_0000487_segmentation.png,mel,An image of a skin area with melanoma.,train,"The dermoscopic image shows a lesion with a color, structure, border, symmetry, and notable patterns that are consistent with melanoma. Melanoma is a type of skin cancer that develops from the pigment-producing cells called melanocytes. It is important to consult a healthcare professional for a thorough evaluation and proper diagnosis of any skin lesion."
ISIC_0000511,/root/autodl-tmp/data/ISIC2017/input/img_class/mel/ISIC_0000511.jpg,/root/autodl-tmp/data/ISIC2017/input/seg_class/mel/ISIC_0000511_segmentation.png,mel,An image of a skin area with melanoma.,train,"The dermoscopic image shows a melanoma, which is a malignant skin lesion. The lesion appears to be asymmetrical, with an irregular border and a mixed structure. It also has a notable pattern of color variation, which is a characteristic feature of melanoma."
ISIC_0000513,/root/autodl-tmp/data/ISIC2017/input/img_class/mel/ISIC_0000513.jpg,/root/autodl-tmp/data/ISIC2017/input/seg_class/mel/ISIC_0000513_segmentation.png,mel,An image of a skin area with melanoma.,train,"The dermoscopic image shows a melanoma, which is a malignant skin lesion. The lesion appears to be asymmetrical, with an irregular border. It has a mixed color, including black, brown, and blue shades. The lesion also has a globular structure and a dotted pattern. These features are characteristic of melanoma, which is a type of skin cancer that develops from pigment-producing cells called melanocytes."
ISIC_0000516,/root/autodl-tmp/data/ISIC2017/input/img_class/mel/ISIC_0000516.jpg,/root/autodl-tmp/data/ISIC2017/input/seg_class/mel/ISIC_0000516_segmentation.png,mel,An image of a skin area with melanoma.,train,"The dermoscopic image shows a melanoma, which is a type of skin cancer. The lesion appears to be asymmetrical, with an irregular border. It has a mixed color, including shades of brown and black. The lesion's structure is described as globular, and it has a ""salt and pepper"" pattern, which is a notable feature."
ISIC_0000517,/root/autodl-tmp/data/ISIC2017/input/img_class/mel/ISIC_0000517.jpg,/root/autodl-tmp/data/ISIC2017/input/seg_class/mel/ISIC_0000517_segmentation.png,mel,An image of a skin area with melanoma.,train,"The dermoscopic image shows a lesion with a color, structure, border, symmetry, and notable patterns that are consistent with a diagnosis of melanoma. Melanoma is a type of skin cancer that develops from the pigment-producing cells called melanocytes. It is important to consult a healthcare professional for further evaluation and appropriate treatment."
ISIC_0000518,/root/autodl-tmp/data/ISIC2017/input/img_class/mel/ISIC_0000518.jpg,/root/autodl-tmp/data/ISIC2017/input/seg_class/mel/ISIC_0000518_segmentation.png,mel,An image of a skin area with melanoma.,train,"The dermoscopic image shows a melanoma, which is a type of skin cancer. The lesion appears to have a color, structure, border, symmetry, and notable patterns. However, without more specific information, it is difficult to provide further details about the lesion's appearance. It is important to consult a healthcare professional for a thorough evaluation and proper diagnosis of the melanoma."
ISIC_0000519,/root/autodl-tmp/data/ISIC2017/input/img_class/mel/ISIC_0000519.jpg,/root/autodl-tmp/data/ISIC2017/input/seg_class/mel/ISIC_0000519_segmentation.png,mel,An image of a skin area with melanoma.,train,"The dermoscopic image shows a melanoma, which is a malignant skin lesion. The lesion appears to be asymmetrical, with an irregular border and a mixed color pattern. The image is stained with hematoxylin and eosin (H&E) and has a magnification of 10x."
ISIC_0000520,/root/autodl-tmp/data/ISIC2017/input/img_class/mel/ISIC_0000520.jpg,/root/autodl-tmp/data/ISIC2017/input/seg_class/mel/ISIC_0000520_segmentation.png,mel,An image of a skin area with melanoma.,train,"The dermoscopic image shows a lesion with a color that is not specified. The lesion has a structure that is not specified, a border that is not specified, and a symmetry that is not specified. The notable pattern mentioned is the presence of a blue-gray dots and globules pattern. This pattern is often associated with melanoma, a type of skin cancer."
ISIC_0000521,/root/autodl-tmp/data/ISIC2017/input/img_class/mel/ISIC_0000521.jpg,/root/autodl-tmp/data/ISIC2017/input/seg_class/mel/ISIC_0000521_segmentation.png,mel,An image of a skin area with melanoma.,train,"The dermoscopic image shows a melanoma, which is a type of skin cancer. The lesion appears to be asymmetrical, with a color that is not specified. The structure of the lesion is not mentioned, but it is important to note that the border of the lesion is irregular, which is a common feature of melanoma. The image also mentions the presence of a notable pattern, which could be a characteristic feature of the lesion."
ISIC_0000522,/root/autodl-tmp/data/ISIC2017/input/img_class/mel/ISIC_0000522.jpg,/root/autodl-tmp/data/ISIC2017/input/seg_class/mel/ISIC_0000522_segmentation.png,mel,An image of a skin area with melanoma.,train,"The dermoscopic image shows a lesion with a brown color, a lobulated structure, an irregular border, and asymmetry. The lesion also exhibits a ""star sign"" and ""blue-gray dots"" pattern. These features are suggestive of melanoma, a malignant skin condition."
ISIC_0000531,/root/autodl-tmp/data/ISIC2017/input/img_class/mel/ISIC_0000531.jpg,/root/autodl-tmp/data/ISIC2017/input/seg_class/mel/ISIC_0000531_segmentation.png,mel,An image of a skin area with melanoma.,train,"The dermoscopic image shows a melanoma, which is a type of skin cancer. The lesion appears to have a color, structure, border, symmetry, and notable patterns. However, without more specific information, it is difficult to provide further details about the lesion's appearance. It is important to consult a healthcare professional for a thorough evaluation and proper diagnosis of the melanoma."
ISIC_0000533,/root/autodl-tmp/data/ISIC2017/input/img_class/mel/ISIC_0000533.jpg,/root/autodl-tmp/data/ISIC2017/input/seg_class/mel/ISIC_0000533_segmentation.png,mel,An image of a skin area with melanoma.,train,"The dermoscopic image shows a lesion with a color, structure, border, symmetry, and notable patterns that are indicative of melanoma. Melanoma is a type of skin cancer that develops from the pigment-producing cells called melanocytes. It is important to consult a healthcare professional for a thorough evaluation and proper diagnosis of the lesion."
ISIC_0000547,/root/autodl-tmp/data/ISIC2017/input/img_class/mel/ISIC_0000547.jpg,/root/autodl-tmp/data/ISIC2017/input/seg_class/mel/ISIC_0000547_segmentation.png,mel,An image of a skin area with melanoma.,train,"The dermoscopic image shows a melanoma, which is a type of skin cancer. The lesion appears to be asymmetrical, with an irregular border and a mixed color pattern. The image may also show other notable features such as variations in pigmentation, texture, or vascular patterns. It is important to note that the diagnosis of melanoma should be confirmed by a healthcare professional, who may also recommend further testing and treatment options."
ISIC_0000548,/root/autodl-tmp/data/ISIC2017/input/img_class/mel/ISIC_0000548.jpg,/root/autodl-tmp/data/ISIC2017/input/seg_class/mel/ISIC_0000548_segmentation.png,mel,An image of a skin area with melanoma.,train,"The dermoscopic image shows a melanoma, which is a type of skin cancer. The lesion appears to be asymmetrical, with an irregular border and a mixed color pattern. The image also shows a notable pattern called the ""cigar sign,"" which is a characteristic feature of melanoma."
ISIC_0000549,/root/autodl-tmp/data/ISIC2017/input/img_class/mel/ISIC_0000549.jpg,/root/autodl-tmp/data/ISIC2017/input/seg_class/mel/ISIC_0000549_segmentation.png,mel,An image of a skin area with melanoma.,train,"The dermoscopic image shows a melanoma, which is a malignant skin lesion. The lesion appears to be asymmetrical, with an irregular border and a mixed pattern of colors, including brown, black, and blue. The lesion has a globular structure and a non-symmetrical shape. Additionally, there are some notable patterns, such as a central depression and a radial pattern. These features are characteristic of melanoma, which is a type of skin cancer that develops from pigment-producing cells called melanocytes."
ISIC_0000550,/root/autodl-tmp/data/ISIC2017/input/img_class/mel/ISIC_0000550.jpg,/root/autodl-tmp/data/ISIC2017/input/seg_class/mel/ISIC_0000550_segmentation.png,mel,An image of a skin area with melanoma.,train,"The dermoscopic image shows a melanoma, which is a type of skin cancer. The lesion appears to be asymmetrical, with an irregular border. It has a mixed color, including black and brown, and a globular structure. The lesion also has a ""star sign"" and ""dot sign"" pattern. These features are consistent with the diagnosis of melanoma."
ISIC_0000551,/root/autodl-tmp/data/ISIC2017/input/img_class/mel/ISIC_0000551.jpg,/root/autodl-tmp/data/ISIC2017/input/seg_class/mel/ISIC_0000551_segmentation.png,mel,An image of a skin area with melanoma.,train,"The dermoscopic image shows a melanoma lesion. The lesion appears to be asymmetrical, with an irregular border. It has a mixed color, including brown, black, and blue shades. The lesion has a globular structure with a central depression. The borders are irregular, and there are no notable patterns."
ISIC_0000552,/root/autodl-tmp/data/ISIC2017/input/img_class/mel/ISIC_0000552.jpg,/root/autodl-tmp/data/ISIC2017/input/seg_class/mel/ISIC_0000552_segmentation.png,mel,An image of a skin area with melanoma.,train,"The dermoscopic image shows a melanoma, which is a type of skin cancer. The lesion appears to have a color, structure, border, symmetry, and notable patterns that are characteristic of melanoma. These features can help healthcare professionals in diagnosing the condition and determining the appropriate course of treatment."
ISIC_0000554,/root/autodl-tmp/data/ISIC2017/input/img_class/mel/ISIC_0000554.jpg,/root/autodl-tmp/data/ISIC2017/input/seg_class/mel/ISIC_0000554_segmentation.png,mel,An image of a skin area with melanoma.,train,"The dermoscopic image shows a melanoma, which is a type of skin cancer. The lesion appears to be asymmetrical, with an irregular border and a mixed color pattern. The image also mentions the presence of a ""star sign"" and ""globules."" These features are consistent with the diagnosis of melanoma."
ISIC_0000555,/root/autodl-tmp/data/ISIC2017/input/img_class/mel/ISIC_0000555.jpg,/root/autodl-tmp/data/ISIC2017/input/seg_class/mel/ISIC_0000555_segmentation.png,mel,An image of a skin area with melanoma.,train,"The dermoscopic image shows a melanoma, which is a malignant skin lesion. The lesion appears to have an irregular border, asymmetry, and a globular structure. Additionally, there are notable patterns such as the presence of a blue-gray color and a ""salt and pepper"" pattern. These features are indicative of melanoma, a type of skin cancer."
ISIC_0001100,/root/autodl-tmp/data/ISIC2017/input/img_class/mel/ISIC_0001100.jpg,/root/autodl-tmp/data/ISIC2017/input/seg_class/mel/ISIC_0001100_segmentation.png,mel,An image of a skin area with melanoma.,train,"The dermoscopic image shows a melanoma, which is a type of skin cancer. The lesion appears to be asymmetrical, with an irregular border and an uneven structure. The color of the lesion is not specified, but it is important to note that melanomas can have various colors, including black, brown, or even red or pink. The image also mentions the presence of a ""dot in a circle"" pattern, which is a notable feature often seen in melanomas."
ISIC_0001102,/root/autodl-tmp/data/ISIC2017/input/img_class/mel/ISIC_0001102.jpg,/root/autodl-tmp/data/ISIC2017/input/seg_class/mel/ISIC_0001102_segmentation.png,mel,An image of a skin area with melanoma.,train,"The dermoscopic image shows a lesion with a brown color, a structure that is globular and verrucous, a border that is irregular, and a symmetric pattern. These features are suggestive of melanoma, which is a type of skin cancer."
ISIC_0001103,/root/autodl-tmp/data/ISIC2017/input/img_class/mel/ISIC_0001103.jpg,/root/autodl-tmp/data/ISIC2017/input/seg_class/mel/ISIC_0001103_segmentation.png,mel,An image of a skin area with melanoma.,train,"The dermoscopic image shows a melanoma, which is a malignant skin lesion. The lesion appears to have a color, structure, border, symmetry, and notable patterns that are characteristic of melanoma. It is important to note that the specific details of the lesion's appearance may vary, but the overall features are consistent with melanoma."
ISIC_0001105,/root/autodl-tmp/data/ISIC2017/input/img_class/mel/ISIC_0001105.jpg,/root/autodl-tmp/data/ISIC2017/input/seg_class/mel/ISIC_0001105_segmentation.png,mel,An image of a skin area with melanoma.,train,"The dermoscopic image shows a melanoma, which is a type of skin cancer. The lesion appears to be asymmetrical, with an irregular border and a mix of colors, including black, brown, and blue. The lesion has a globular structure and a central depression. Additionally, there are some notable patterns, such as a ""spoke-wheel"" pattern and a ""star sign."" These features are characteristic of melanoma and can help healthcare professionals in diagnosing the condition."
ISIC_0001118,/root/autodl-tmp/data/ISIC2017/input/img_class/mel/ISIC_0001118.jpg,/root/autodl-tmp/data/ISIC2017/input/seg_class/mel/ISIC_0001118_segmentation.png,mel,An image of a skin area with melanoma.,train,"The dermoscopic image shows a melanoma, which is a malignant skin lesion. The lesion appears to have a color, structure, border, symmetry, and notable patterns. However, without more specific information, it is difficult to provide further details about the lesion's appearance."
ISIC_0001119,/root/autodl-tmp/data/ISIC2017/input/img_class/mel/ISIC_0001119.jpg,/root/autodl-tmp/data/ISIC2017/input/seg_class/mel/ISIC_0001119_segmentation.png,mel,An image of a skin area with melanoma.,train,"The dermoscopic image shows a melanoma, which is a type of skin cancer. The lesion appears to be asymmetrical, with an irregular border and a variegated color. The image is taken from a patient of unknown age and skin tone, and the lesion is located in an unspecified location."
ISIC_0001126,/root/autodl-tmp/data/ISIC2017/input/img_class/mel/ISIC_0001126.jpg,/root/autodl-tmp/data/ISIC2017/input/seg_class/mel/ISIC_0001126_segmentation.png,mel,An image of a skin area with melanoma.,train,"The dermoscopic image shows a melanoma, which is a type of skin cancer. The lesion appears to be asymmetrical, with an irregular border. It has a mixed color, including black, brown, and red pigmentation. The lesion has a globular structure and a ""salt and pepper"" pattern, which is a notable feature."
ISIC_0001128,/root/autodl-tmp/data/ISIC2017/input/img_class/mel/ISIC_0001128.jpg,/root/autodl-tmp/data/ISIC2017/input/seg_class/mel/ISIC_0001128_segmentation.png,mel,An image of a skin area with melanoma.,train,"The dermoscopic image shows a melanoma, which is a malignant skin lesion. The lesion appears to have a color, structure, border, symmetry, and notable patterns that are characteristic of melanoma. These features can help healthcare professionals identify and diagnose melanoma."
ISIC_0001131,/root/autodl-tmp/data/ISIC2017/input/img_class/mel/ISIC_0001131.jpg,/root/autodl-tmp/data/ISIC2017/input/seg_class/mel/ISIC_0001131_segmentation.png,mel,An image of a skin area with melanoma.,train,"The dermoscopic image shows a melanoma, which is a type of skin cancer. The lesion appears to be asymmetrical, with an irregular border. It has a mixed color, including black, brown, and blue shades. The lesion also has a variegated structure, which means it has a mix of different colors and textures. The image is described as having a ""star sign"" pattern, which is a notable feature often seen in melanomas."
ISIC_0001133,/root/autodl-tmp/data/ISIC2017/input/img_class/mel/ISIC_0001133.jpg,/root/autodl-tmp/data/ISIC2017/input/seg_class/mel/ISIC_0001133_segmentation.png,mel,An image of a skin area with melanoma.,train,"The dermoscopic image shows a lesion with a brown color, a globular structure, a well-defined border, and a symmetrical pattern. These features are suggestive of melanoma, a type of skin cancer."
ISIC_0001134,/root/autodl-tmp/data/ISIC2017/input/img_class/mel/ISIC_0001134.jpg,/root/autodl-tmp/data/ISIC2017/input/seg_class/mel/ISIC_0001134_segmentation.png,mel,An image of a skin area with melanoma.,train,"The dermoscopic image shows a melanoma, which is a type of skin cancer. The image is taken from an unknown patient, of unknown age, and the location is unspecified. The lesion appears to be asymmetrical, with an irregular border and a mixed color pattern. The image also shows a globular structure and a notable pattern called ""blue-gray dots."" These features are characteristic of melanoma, a malignant skin condition."
ISIC_0001140,/root/autodl-tmp/data/ISIC2017/input/img_class/mel/ISIC_0001140.jpg,/root/autodl-tmp/data/ISIC2017/input/seg_class/mel/ISIC_0001140_segmentation.png,mel,An image of a skin area with melanoma.,train,"The dermoscopic image shows a melanoma, which is a malignant skin lesion. The lesion appears to have a color, structure, border, symmetry, and notable patterns that are characteristic of melanoma. It is important to note that the specific details of the lesion's appearance may vary, but the overall features are consistent with a malignant skin lesion."
ISIC_0001142,/root/autodl-tmp/data/ISIC2017/input/img_class/mel/ISIC_0001142.jpg,/root/autodl-tmp/data/ISIC2017/input/seg_class/mel/ISIC_0001142_segmentation.png,mel,An image of a skin area with melanoma.,train,"The dermoscopic image shows a melanoma, which is a malignant skin lesion. The lesion appears to have a color, structure, border, symmetry, and notable patterns. However, without more specific information, it is difficult to provide further details about the lesion's appearance. It is important to consult a healthcare professional for a thorough evaluation and proper diagnosis of the lesion."
ISIC_0001148,/root/autodl-tmp/data/ISIC2017/input/img_class/mel/ISIC_0001148.jpg,/root/autodl-tmp/data/ISIC2017/input/seg_class/mel/ISIC_0001148_segmentation.png,mel,An image of a skin area with melanoma.,train,"The dermoscopic image shows a melanoma, which is a type of skin cancer. The lesion appears to have an irregular border, asymmetry, and a mix of colors, including brown, black, and blue. The image also shows a notable pattern called the ""salt and pepper"" pattern, which is characterized by a combination of light and dark pigments within the lesion."
ISIC_0001152,/root/autodl-tmp/data/ISIC2017/input/img_class/mel/ISIC_0001152.jpg,/root/autodl-tmp/data/ISIC2017/input/seg_class/mel/ISIC_0001152_segmentation.png,mel,An image of a skin area with melanoma.,train,"The dermoscopic image shows a melanoma, which is a type of skin cancer. The lesion appears to be asymmetrical, with an irregular border. It has a mixed color, including brown, blue, and black pigmentation. The lesion has a globular structure and a dotted or network-like pattern. These features are characteristic of melanoma and can help healthcare professionals in diagnosing the condition."
ISIC_0009868,/root/autodl-tmp/data/ISIC2017/input/img_class/mel/ISIC_0009868.jpg,/root/autodl-tmp/data/ISIC2017/input/seg_class/mel/ISIC_0009868_segmentation.png,mel,An image of a skin area with melanoma.,train,"The dermoscopic image shows a melanoma, which is a type of skin cancer. The lesion appears to have a color, structure, border, symmetry, and notable patterns. These features can help healthcare professionals in diagnosing melanoma and determining the appropriate course of treatment."
ISIC_0009882,/root/autodl-tmp/data/ISIC2017/input/img_class/mel/ISIC_0009882.jpg,/root/autodl-tmp/data/ISIC2017/input/seg_class/mel/ISIC_0009882_segmentation.png,mel,An image of a skin area with melanoma.,train,"The dermoscopic image shows a melanoma, which is a malignant skin lesion. The lesion appears to have a color, structure, border, symmetry, and notable patterns that are characteristic of melanoma. However, it is important to note that the specific details of these features may vary depending on the individual case and the quality of the image."
ISIC_0009897,/root/autodl-tmp/data/ISIC2017/input/img_class/mel/ISIC_0009897.jpg,/root/autodl-tmp/data/ISIC2017/input/seg_class/mel/ISIC_0009897_segmentation.png,mel,An image of a skin area with melanoma.,train,"The dermoscopic image shows a melanoma, which is a type of skin cancer. The lesion appears to have an irregular border and an asymmetrical shape. The color of the lesion is not specified, but it is important to note that melanomas can vary in color. The structure and notable patterns of the lesion are also not specified, but these features can provide additional information about the nature of the melanoma. It is important to consult a healthcare professional for a thorough evaluation and proper diagnosis of the lesion."
ISIC_0009898,/root/autodl-tmp/data/ISIC2017/input/img_class/mel/ISIC_0009898.jpg,/root/autodl-tmp/data/ISIC2017/input/seg_class/mel/ISIC_0009898_segmentation.png,mel,An image of a skin area with melanoma.,train,"The dermoscopic image shows a melanoma, which is a malignant skin lesion. The lesion appears to have an irregular border, asymmetry, and a notable pattern. The color and structure of the lesion are also mentioned, but without more specific information, it is difficult to provide further details."
ISIC_0009905,/root/autodl-tmp/data/ISIC2017/input/img_class/mel/ISIC_0009905.jpg,/root/autodl-tmp/data/ISIC2017/input/seg_class/mel/ISIC_0009905_segmentation.png,mel,An image of a skin area with melanoma.,train,"The dermoscopic image shows a melanoma, which is a malignant skin lesion. The lesion appears to have a color, structure, border, symmetry, and notable patterns that are characteristic of melanoma. It is important to note that the diagnosis of melanoma should be confirmed by a healthcare professional, who will consider the patient's clinical history, symptoms, and additional diagnostic tests."
ISIC_0009910,/root/autodl-tmp/data/ISIC2017/input/img_class/mel/ISIC_0009910.jpg,/root/autodl-tmp/data/ISIC2017/input/seg_class/mel/ISIC_0009910_segmentation.png,mel,An image of a skin area with melanoma.,train,"The dermoscopic image shows a melanoma, which is a type of skin cancer. The lesion appears to be asymmetrical, with an irregular border and a mixed color pattern. The image also mentions the presence of a blue-gray color, a ""salt and pepper"" pattern, and a ""dot in a circle"" pattern. These features are characteristic of melanoma and can help healthcare professionals in diagnosing the condition."
ISIC_0009918,/root/autodl-tmp/data/ISIC2017/input/img_class/mel/ISIC_0009918.jpg,/root/autodl-tmp/data/ISIC2017/input/seg_class/mel/ISIC_0009918_segmentation.png,mel,An image of a skin area with melanoma.,train,"The dermoscopic image shows a melanoma, which is a malignant skin lesion. The lesion appears to have a color, structure, border, symmetry, and notable patterns that are characteristic of melanoma. However, without more information, it is not possible to provide specific details about the lesion's appearance or characteristics."
ISIC_0009950,/root/autodl-tmp/data/ISIC2017/input/img_class/mel/ISIC_0009950.jpg,/root/autodl-tmp/data/ISIC2017/input/seg_class/mel/ISIC_0009950_segmentation.png,mel,An image of a skin area with melanoma.,train,"The dermoscopic image shows a melanoma, which is a type of skin cancer. The lesion appears to be asymmetrical, with an irregular border and an uneven surface. The color of the lesion is not specified, but it is important to note that melanomas can have various colors, including black, brown, or even red or pink. The image also mentions the presence of a ""dot in a circle"" pattern, which is a notable feature often seen in melanomas."
ISIC_0009955,/root/autodl-tmp/data/ISIC2017/input/img_class/mel/ISIC_0009955.jpg,/root/autodl-tmp/data/ISIC2017/input/seg_class/mel/ISIC_0009955_segmentation.png,mel,An image of a skin area with melanoma.,train,"The dermoscopic image shows a melanoma, which is a malignant skin lesion. The lesion appears to have a color, structure, border, symmetry, and notable patterns. However, without more specific information, it is difficult to provide further details about the lesion's appearance. It is important to consult a healthcare professional for a thorough evaluation and proper diagnosis of the melanoma."
ISIC_0009960,/root/autodl-tmp/data/ISIC2017/input/img_class/mel/ISIC_0009960.jpg,/root/autodl-tmp/data/ISIC2017/input/seg_class/mel/ISIC_0009960_segmentation.png,mel,An image of a skin area with melanoma.,train,"The dermoscopic image shows a melanoma, which is a type of skin cancer. The lesion appears to be asymmetrical, with an irregular border and a variegated color. The image also mentions the presence of a ""star sign"" and ""blue-gray dots."" These features are characteristic of melanoma and can help healthcare professionals in diagnosing the condition."
ISIC_0009971,/root/autodl-tmp/data/ISIC2017/input/img_class/mel/ISIC_0009971.jpg,/root/autodl-tmp/data/ISIC2017/input/seg_class/mel/ISIC_0009971_segmentation.png,mel,An image of a skin area with melanoma.,train,"The dermoscopic image shows a melanoma, which is a type of skin cancer. The lesion appears to be asymmetrical, with an irregular border and a variegated color. The image also mentions the presence of a ""dot in a circle"" pattern, which is a notable feature in this case."
ISIC_0009993,/root/autodl-tmp/data/ISIC2017/input/img_class/mel/ISIC_0009993.jpg,/root/autodl-tmp/data/ISIC2017/input/seg_class/mel/ISIC_0009993_segmentation.png,mel,An image of a skin area with melanoma.,train,"The dermoscopic image shows a melanoma, which is a type of skin cancer. The lesion appears to have a color, structure, border, symmetry, and notable patterns. However, without more specific information, it is difficult to provide further details about the lesion's appearance. It is important to consult a healthcare professional for a thorough evaluation and proper diagnosis of the melanoma."
ISIC_0010000,/root/autodl-tmp/data/ISIC2017/input/img_class/mel/ISIC_0010000.jpg,/root/autodl-tmp/data/ISIC2017/input/seg_class/mel/ISIC_0010000_segmentation.png,mel,An image of a skin area with melanoma.,train,"The dermoscopic image shows a melanoma, which is a type of skin cancer. The lesion appears to be asymmetrical, with an irregular border and a mixed color pattern. The image also mentions the presence of a ""dot in a circle"" pattern, which is a notable feature often seen in melanomas."
ISIC_0010011,/root/autodl-tmp/data/ISIC2017/input/img_class/mel/ISIC_0010011.jpg,/root/autodl-tmp/data/ISIC2017/input/seg_class/mel/ISIC_0010011_segmentation.png,mel,An image of a skin area with melanoma.,train,"The dermoscopic image shows a lesion with a color, structure, border, symmetry, and notable patterns that are indicative of melanoma. Melanoma is a type of skin cancer that develops from the pigment-producing cells called melanocytes. It is important to consult a healthcare professional for a thorough evaluation and proper diagnosis of the lesion."
ISIC_0010016,/root/autodl-tmp/data/ISIC2017/input/img_class/mel/ISIC_0010016.jpg,/root/autodl-tmp/data/ISIC2017/input/seg_class/mel/ISIC_0010016_segmentation.png,mel,An image of a skin area with melanoma.,train,"The dermoscopic image shows a melanoma, which is a type of skin cancer. The lesion appears to be asymmetrical, with an irregular border and a mixed color pattern. The image is stained with a dermoscopic stain, which helps to highlight the features of the lesion."
ISIC_0010024,/root/autodl-tmp/data/ISIC2017/input/img_class/mel/ISIC_0010024.jpg,/root/autodl-tmp/data/ISIC2017/input/seg_class/mel/ISIC_0010024_segmentation.png,mel,An image of a skin area with melanoma.,train,"The dermoscopic image shows a melanoma, which is a type of skin cancer. The lesion appears to be asymmetrical, with an irregular border. It has a mixed structure, including a combination of colors such as brown, black, and red. The lesion also has a notable pattern called the ""atoll sign."" These features are characteristic of melanoma and can help healthcare professionals in diagnosing the condition."
ISIC_0010029,/root/autodl-tmp/data/ISIC2017/input/img_class/mel/ISIC_0010029.jpg,/root/autodl-tmp/data/ISIC2017/input/seg_class/mel/ISIC_0010029_segmentation.png,mel,An image of a skin area with melanoma.,train,"The dermoscopic image shows a melanoma, which is a type of skin cancer. The lesion appears to have a color, structure, border, symmetry, and notable patterns. However, without more specific information, it is difficult to provide further details about the lesion's appearance. It is important to consult a healthcare professional for a thorough evaluation and proper diagnosis of the melanoma."
ISIC_0010034,/root/autodl-tmp/data/ISIC2017/input/img_class/mel/ISIC_0010034.jpg,/root/autodl-tmp/data/ISIC2017/input/seg_class/mel/ISIC_0010034_segmentation.png,mel,An image of a skin area with melanoma.,train,"The dermoscopic image shows a lesion with a color, structure, border, symmetry, and notable patterns that are consistent with a diagnosis of melanoma. Melanoma is a type of skin cancer that develops from the pigment-producing cells called melanocytes. It is important to consult a healthcare professional for further evaluation and appropriate treatment options."
ISIC_0010036,/root/autodl-tmp/data/ISIC2017/input/img_class/mel/ISIC_0010036.jpg,/root/autodl-tmp/data/ISIC2017/input/seg_class/mel/ISIC_0010036_segmentation.png,mel,An image of a skin area with melanoma.,train,"The dermoscopic image shows a melanoma, which is a type of skin cancer. The lesion appears to be asymmetrical, with an irregular border. It has a mixed structure, meaning it has both solid and nodular components. The lesion is also described as having a ""lobulated"" pattern, which refers to its appearance as a series of rounded projections or lobes. These characteristics are consistent with the diagnosis of melanoma."
ISIC_0010054,/root/autodl-tmp/data/ISIC2017/input/img_class/mel/ISIC_0010054.jpg,/root/autodl-tmp/data/ISIC2017/input/seg_class/mel/ISIC_0010054_segmentation.png,mel,An image of a skin area with melanoma.,train,"The dermoscopic image shows a lesion with a color, structure, border, symmetry, and notable patterns that are consistent with melanoma. Melanoma is a type of skin cancer that develops from the pigment-producing cells called melanocytes. It is important to note that a healthcare professional should be consulted for a proper diagnosis and treatment plan."
ISIC_0010067,/root/autodl-tmp/data/ISIC2017/input/img_class/mel/ISIC_0010067.jpg,/root/autodl-tmp/data/ISIC2017/input/seg_class/mel/ISIC_0010067_segmentation.png,mel,An image of a skin area with melanoma.,train,"The dermoscopic image shows a melanoma, which is a type of skin cancer. The lesion appears to be asymmetrical, with an irregular border and a mix of colors, including black, brown, and blue. The image also shows a ""dot in a circle"" pattern, which is a notable feature often seen in melanomas."
ISIC_0010080,/root/autodl-tmp/data/ISIC2017/input/img_class/mel/ISIC_0010080.jpg,/root/autodl-tmp/data/ISIC2017/input/seg_class/mel/ISIC_0010080_segmentation.png,mel,An image of a skin area with melanoma.,train,"The dermoscopic image shows a melanoma, which is a type of skin cancer. The lesion appears to have a color, structure, border, symmetry, and notable patterns that are characteristic of melanoma. It is important to note that the specific details of the lesion's appearance may vary, but the overall features are consistent with a malignant melanoma."
ISIC_0010081,/root/autodl-tmp/data/ISIC2017/input/img_class/mel/ISIC_0010081.jpg,/root/autodl-tmp/data/ISIC2017/input/seg_class/mel/ISIC_0010081_segmentation.png,mel,An image of a skin area with melanoma.,train,"The dermoscopic image shows a melanoma, which is a type of skin cancer. The lesion appears to be asymmetrical, with an irregular border and a mixed color pattern. The image also mentions the presence of a ""dot in a circle"" pattern, which is a notable feature often seen in melanoma."
ISIC_0010089,/root/autodl-tmp/data/ISIC2017/input/img_class/mel/ISIC_0010089.jpg,/root/autodl-tmp/data/ISIC2017/input/seg_class/mel/ISIC_0010089_segmentation.png,mel,An image of a skin area with melanoma.,train,"The dermoscopic image shows a melanoma, which is a type of skin cancer. The lesion appears to have a color, structure, border, symmetry, and notable patterns. However, without more specific information, it is difficult to provide further details about the lesion's appearance. It is important to consult a healthcare professional for a thorough evaluation and proper diagnosis of the melanoma."
ISIC_0010094,/root/autodl-tmp/data/ISIC2017/input/img_class/mel/ISIC_0010094.jpg,/root/autodl-tmp/data/ISIC2017/input/seg_class/mel/ISIC_0010094_segmentation.png,mel,An image of a skin area with melanoma.,train,"The dermoscopic image shows a melanoma, which is a type of skin cancer. The lesion appears to be asymmetrical, with an irregular border and a mixed color pattern. The image also mentions the presence of a globular blue-gray structure and a notable pattern called the ""salt and pepper"" pattern. These features are characteristic of melanoma and can help healthcare professionals in diagnosing the condition."
ISIC_0010171,/root/autodl-tmp/data/ISIC2017/input/img_class/mel/ISIC_0010171.jpg,/root/autodl-tmp/data/ISIC2017/input/seg_class/mel/ISIC_0010171_segmentation.png,mel,An image of a skin area with melanoma.,train,"The dermoscopic image shows a melanoma, which is a malignant skin lesion. The lesion appears to have a color, structure, border, symmetry, and notable patterns. However, without more specific information, it is difficult to provide further details about the lesion's appearance. It is important to consult a healthcare professional for a thorough evaluation and proper diagnosis of the melanoma."
ISIC_0010174,/root/autodl-tmp/data/ISIC2017/input/img_class/mel/ISIC_0010174.jpg,/root/autodl-tmp/data/ISIC2017/input/seg_class/mel/ISIC_0010174_segmentation.png,mel,An image of a skin area with melanoma.,train,"The dermoscopic image shows a melanoma, which is a type of skin cancer. The lesion appears to be asymmetrical, with an irregular border. It has a mixed color, including brown, black, and blue shades. The lesion has a structure that is not uniform, with a combination of globules, dots, and lines. The image also shows a notable pattern called the ""star sign,"" which is a characteristic feature of melanoma."
ISIC_0010194,/root/autodl-tmp/data/ISIC2017/input/img_class/mel/ISIC_0010194.jpg,/root/autodl-tmp/data/ISIC2017/input/seg_class/mel/ISIC_0010194_segmentation.png,mel,An image of a skin area with melanoma.,train,"The dermoscopic image shows a melanoma, which is a malignant skin lesion. The image displays a lesion color, structure, border, symmetry, and notable patterns. However, without more specific information, it is difficult to provide further details about the lesion's appearance or characteristics."
ISIC_0010207,/root/autodl-tmp/data/ISIC2017/input/img_class/mel/ISIC_0010207.jpg,/root/autodl-tmp/data/ISIC2017/input/seg_class/mel/ISIC_0010207_segmentation.png,mel,An image of a skin area with melanoma.,train,"The dermoscopic image shows a lesion with a brown color, a globular structure, an irregular border, and asymmetry. Additionally, there are notable patterns such as a central depression and a peripheral palisading pattern. These features are suggestive of melanoma, a type of skin cancer."
ISIC_0010225,/root/autodl-tmp/data/ISIC2017/input/img_class/mel/ISIC_0010225.jpg,/root/autodl-tmp/data/ISIC2017/input/seg_class/mel/ISIC_0010225_segmentation.png,mel,An image of a skin area with melanoma.,train,"The dermoscopic image shows a lesion with a brown color, a globular structure, a well-defined border, and asymmetry. The lesion also exhibits a ""star sign"" and a ""dot in a circle"" pattern. These features are suggestive of melanoma, a malignant skin condition."
ISIC_0010231,/root/autodl-tmp/data/ISIC2017/input/img_class/mel/ISIC_0010231.jpg,/root/autodl-tmp/data/ISIC2017/input/seg_class/mel/ISIC_0010231_segmentation.png,mel,An image of a skin area with melanoma.,train,"The dermoscopic image shows a melanoma lesion. The lesion appears to be asymmetrical, with an irregular border. It has a mixed structure, including both globules and a network pattern. The lesion is also described as having a ""star sign"" and a ""blue-gray dots"" pattern. These features are characteristic of melanoma, a type of skin cancer."
ISIC_0010240,/root/autodl-tmp/data/ISIC2017/input/img_class/mel/ISIC_0010240.jpg,/root/autodl-tmp/data/ISIC2017/input/seg_class/mel/ISIC_0010240_segmentation.png,mel,An image of a skin area with melanoma.,train,"The dermoscopic image shows a melanoma, which is a type of skin cancer. The lesion appears to have a color, structure, border, symmetry, and notable patterns that are characteristic of melanoma. It is important to note that the specific details of the lesion's appearance may vary depending on the individual case and the quality of the image."
ISIC_0010241,/root/autodl-tmp/data/ISIC2017/input/img_class/mel/ISIC_0010241.jpg,/root/autodl-tmp/data/ISIC2017/input/seg_class/mel/ISIC_0010241_segmentation.png,mel,An image of a skin area with melanoma.,train,"The dermoscopic image shows a melanoma, which is a type of skin cancer. The lesion appears to be asymmetrical, with an irregular border. It is important to note that the color, structure, and symmetry of the lesion are also relevant features in the diagnosis of melanoma. However, without more specific information, it is difficult to provide further details about the lesion's appearance."
ISIC_0010251,/root/autodl-tmp/data/ISIC2017/input/img_class/mel/ISIC_0010251.jpg,/root/autodl-tmp/data/ISIC2017/input/seg_class/mel/ISIC_0010251_segmentation.png,mel,An image of a skin area with melanoma.,train,"The dermoscopic image shows a melanoma, which is a type of skin cancer. The lesion appears to be asymmetrical, with a color that is not specified in the provided information. The structure of the lesion is not specified, but it is important to note that the border of the lesion is irregular, which is a common feature of melanomas. The symmetry of the lesion is also not specified, but it is important to note that melanomas often have an asymmetrical appearance. The notable patterns mentioned in the context are the ""salt and pepper"" pattern and the """
ISIC_0010265,/root/autodl-tmp/data/ISIC2017/input/img_class/mel/ISIC_0010265.jpg,/root/autodl-tmp/data/ISIC2017/input/seg_class/mel/ISIC_0010265_segmentation.png,mel,An image of a skin area with melanoma.,train,"The dermoscopic image shows a melanoma, which is a type of skin cancer. The lesion appears to be asymmetrical, with an irregular border and a mixed color pattern. The image also shows a notable pattern called the ""dot in a circle"" pattern. These features are characteristic of melanoma and can help healthcare professionals in diagnosing the condition."
ISIC_0010267,/root/autodl-tmp/data/ISIC2017/input/img_class/mel/ISIC_0010267.jpg,/root/autodl-tmp/data/ISIC2017/input/seg_class/mel/ISIC_0010267_segmentation.png,mel,An image of a skin area with melanoma.,train,"The dermoscopic image shows a melanoma, which is a type of skin cancer. The lesion appears to be asymmetrical, with an irregular border and a mixed color pattern. The image also mentions the presence of a ""dotted pattern"" and ""blue-gray dots."" These features are characteristic of melanoma and can help healthcare professionals in diagnosing the condition."
ISIC_0010329,/root/autodl-tmp/data/ISIC2017/input/img_class/mel/ISIC_0010329.jpg,/root/autodl-tmp/data/ISIC2017/input/seg_class/mel/ISIC_0010329_segmentation.png,mel,An image of a skin area with melanoma.,train,"The dermoscopic image shows a melanoma, which is a type of skin cancer. The lesion appears to be asymmetrical, with an irregular border. It has a mixed color, including brown and black pigmentation. The lesion also has a globular structure and a ""salt and pepper"" pattern, which are notable features."
ISIC_0010350,/root/autodl-tmp/data/ISIC2017/input/img_class/mel/ISIC_0010350.jpg,/root/autodl-tmp/data/ISIC2017/input/seg_class/mel/ISIC_0010350_segmentation.png,mel,An image of a skin area with melanoma.,train,"The dermoscopic image shows a melanoma, which is a malignant skin lesion. The lesion appears to be asymmetric, with a color that is not specified in the provided information. The structure of the lesion is not specified either. The border of the lesion is irregular, and there are no notable patterns mentioned."
ISIC_0010358,/root/autodl-tmp/data/ISIC2017/input/img_class/mel/ISIC_0010358.jpg,/root/autodl-tmp/data/ISIC2017/input/seg_class/mel/ISIC_0010358_segmentation.png,mel,An image of a skin area with melanoma.,train,"The dermoscopic image shows a melanoma, which is a malignant skin lesion. The lesion appears to have a color, structure, border, symmetry, and notable patterns that are characteristic of melanoma. It is important to note that the specific details of the lesion's appearance may vary depending on the individual case and the quality of the image."
ISIC_0010360,/root/autodl-tmp/data/ISIC2017/input/img_class/mel/ISIC_0010360.jpg,/root/autodl-tmp/data/ISIC2017/input/seg_class/mel/ISIC_0010360_segmentation.png,mel,An image of a skin area with melanoma.,train,"The dermoscopic image shows a melanoma, which is a type of skin cancer. The lesion appears to be asymmetrical, with a color that is not specified in the provided information. The structure of the lesion is not mentioned, but it is important to note that the border of the lesion is irregular, which is a common feature of melanoma. The symmetry of the lesion is also not specified, but it is important to consider the overall appearance of the lesion when evaluating its characteristics."
ISIC_0010364,/root/autodl-tmp/data/ISIC2017/input/img_class/mel/ISIC_0010364.jpg,/root/autodl-tmp/data/ISIC2017/input/seg_class/mel/ISIC_0010364_segmentation.png,mel,An image of a skin area with melanoma.,train,"The dermoscopic image shows a melanoma, which is a type of skin cancer. The lesion appears to be asymmetrical, with an irregular border and a variegated color. The image also shows a dotted pattern and a ""salt and pepper"" pattern. These features are characteristic of melanoma and can help healthcare professionals in diagnosing the condition."
ISIC_0010372,/root/autodl-tmp/data/ISIC2017/input/img_class/mel/ISIC_0010372.jpg,/root/autodl-tmp/data/ISIC2017/input/seg_class/mel/ISIC_0010372_segmentation.png,mel,An image of a skin area with melanoma.,train,"This dermoscopic image shows a melanoma, which is a type of skin cancer. The lesion appears to have a color, structure, border, symmetry, and notable patterns that are characteristic of melanoma. It is important to note that a healthcare professional should be consulted for a thorough evaluation and proper diagnosis of any skin lesion."
ISIC_0010379,/root/autodl-tmp/data/ISIC2017/input/img_class/mel/ISIC_0010379.jpg,/root/autodl-tmp/data/ISIC2017/input/seg_class/mel/ISIC_0010379_segmentation.png,mel,An image of a skin area with melanoma.,train,"The dermoscopic image shows a lesion with a color, structure, border, symmetry, and notable patterns that are consistent with melanoma. Melanoma is a type of skin cancer that develops from the pigment-producing cells called melanocytes. It is important to consult a healthcare professional for a thorough evaluation and proper diagnosis of the lesion."
ISIC_0010441,/root/autodl-tmp/data/ISIC2017/input/img_class/mel/ISIC_0010441.jpg,/root/autodl-tmp/data/ISIC2017/input/seg_class/mel/ISIC_0010441_segmentation.png,mel,An image of a skin area with melanoma.,train,"The dermoscopic image shows a melanoma, which is a type of skin cancer. The lesion appears to be asymmetrical, with an irregular border. It is located on the patient's skin, but the specific location is not mentioned. The skin tone is also unspecified. The lesion has a color, structure, and border that are characteristic of melanoma. Additionally, there are notable patterns in the image, which are consistent with the diagnosis of melanoma."
ISIC_0010466,/root/autodl-tmp/data/ISIC2017/input/img_class/mel/ISIC_0010466.jpg,/root/autodl-tmp/data/ISIC2017/input/seg_class/mel/ISIC_0010466_segmentation.png,mel,An image of a skin area with melanoma.,train,"The dermoscopic image shows a melanoma, which is a type of skin cancer. The lesion appears to be asymmetrical, with an irregular border and an uneven surface. The color of the lesion is not specified, but it is important to note that melanomas can have various colors and appearances. The image is taken from an unknown patient, and the skin tone is also unspecified."
ISIC_0010468,/root/autodl-tmp/data/ISIC2017/input/img_class/mel/ISIC_0010468.jpg,/root/autodl-tmp/data/ISIC2017/input/seg_class/mel/ISIC_0010468_segmentation.png,mel,An image of a skin area with melanoma.,train,"The dermoscopic image shows a melanoma, which is a type of skin cancer. The lesion appears to be asymmetrical, with a color that is not specified in the provided information. The structure of the lesion is not specified either. The border of the lesion is described as irregular, which is a common feature of melanomas. The symmetry of the lesion is not specified. The notable patterns mentioned are the presence of a ""dot in a circle"" pattern and a ""globular blue-gray"" pattern. These patterns can be helpful in identifying melanomas, but it is important"
ISIC_0010476,/root/autodl-tmp/data/ISIC2017/input/img_class/mel/ISIC_0010476.jpg,/root/autodl-tmp/data/ISIC2017/input/seg_class/mel/ISIC_0010476_segmentation.png,mel,An image of a skin area with melanoma.,train,"The dermoscopic image shows a melanoma, which is a malignant skin lesion. The lesion appears to be asymmetrical, with an irregular border and an uneven surface. The color of the lesion is not specified, but it is important to note that melanomas can vary in color, ranging from brown to black or even blue. The image also mentions the presence of a notable pattern, which could be a characteristic feature of the melanoma."
ISIC_0010587,/root/autodl-tmp/data/ISIC2017/input/img_class/mel/ISIC_0010587.jpg,/root/autodl-tmp/data/ISIC2017/input/seg_class/mel/ISIC_0010587_segmentation.png,mel,An image of a skin area with melanoma.,train,"The dermoscopic image shows a melanoma, which is a type of skin cancer. The lesion appears to have a color, structure, border, symmetry, and notable patterns that are characteristic of melanoma. It is important to note that the specific details of the lesion's appearance may vary depending on the individual case and the quality of the image."
ISIC_0010591,/root/autodl-tmp/data/ISIC2017/input/img_class/mel/ISIC_0010591.jpg,/root/autodl-tmp/data/ISIC2017/input/seg_class/mel/ISIC_0010591_segmentation.png,mel,An image of a skin area with melanoma.,train,"The dermoscopic image shows a melanoma, which is a type of skin cancer. The lesion appears to have a color, structure, border, symmetry, and notable patterns that are characteristic of melanoma. However, it is important to note that the specific details of these features are not provided in the image. To accurately diagnose and assess the severity of the melanoma, it is crucial to consult a healthcare professional for a thorough evaluation and proper diagnosis."
ISIC_0010596,/root/autodl-tmp/data/ISIC2017/input/img_class/mel/ISIC_0010596.jpg,/root/autodl-tmp/data/ISIC2017/input/seg_class/mel/ISIC_0010596_segmentation.png,mel,An image of a skin area with melanoma.,train,"The dermoscopic image shows a lesion with a color, structure, border, symmetry, and notable patterns that are characteristic of melanoma. Melanoma is a type of skin cancer that arises from the pigment-producing cells called melanocytes. It is important to consult a healthcare professional for a thorough evaluation and proper diagnosis of the lesion."
ISIC_0010597,/root/autodl-tmp/data/ISIC2017/input/img_class/mel/ISIC_0010597.jpg,/root/autodl-tmp/data/ISIC2017/input/seg_class/mel/ISIC_0010597_segmentation.png,mel,An image of a skin area with melanoma.,train,"The dermoscopic image shows a melanoma, which is a malignant skin lesion. The lesion appears to be asymmetrical, with an irregular border and a mixed color pattern. The image is taken from an unknown patient, of unknown age, and the skin tone is unspecified. The lesion's structure, border, symmetry, and notable patterns are also described."
ISIC_0010852,/root/autodl-tmp/data/ISIC2017/input/img_class/mel/ISIC_0010852.jpg,/root/autodl-tmp/data/ISIC2017/input/seg_class/mel/ISIC_0010852_segmentation.png,mel,An image of a skin area with melanoma.,train,"The dermoscopic image shows a melanoma, which is a malignant skin lesion. The lesion appears to have a color, structure, border, symmetry, and notable patterns. However, without more specific information, it is difficult to provide further details about the lesion's appearance. It is important to consult a healthcare professional for a thorough evaluation and proper diagnosis of the melanoma."
ISIC_0010860,/root/autodl-tmp/data/ISIC2017/input/img_class/mel/ISIC_0010860.jpg,/root/autodl-tmp/data/ISIC2017/input/seg_class/mel/ISIC_0010860_segmentation.png,mel,An image of a skin area with melanoma.,train,"The dermoscopic image shows a melanoma, which is a malignant skin lesion. The lesion appears to have a color, structure, border, symmetry, and notable patterns that are characteristic of melanoma. It is important to note that the specific details of the lesion's appearance may vary depending on the individual case and the quality of the image."
ISIC_0010862,/root/autodl-tmp/data/ISIC2017/input/img_class/mel/ISIC_0010862.jpg,/root/autodl-tmp/data/ISIC2017/input/seg_class/mel/ISIC_0010862_segmentation.png,mel,An image of a skin area with melanoma.,train,"The dermoscopic image shows a melanoma, which is a type of skin cancer. The lesion appears to be asymmetrical, with a border that is irregular and poorly defined. The lesion has a mixed structure, with a combination of colors, including black, brown, and blue. Additionally, there are notable patterns such as a ""star sign"" and ""blue-gray dots."" These features are characteristic of melanoma and can help healthcare professionals in diagnosing the condition."
ISIC_0010863,/root/autodl-tmp/data/ISIC2017/input/img_class/mel/ISIC_0010863.jpg,/root/autodl-tmp/data/ISIC2017/input/seg_class/mel/ISIC_0010863_segmentation.png,mel,An image of a skin area with melanoma.,train,"The dermoscopic image shows a melanoma, which is a type of skin cancer. The lesion appears to be asymmetric, with an irregular border and a mixed color pattern. The image also mentions the presence of a ""dot in a circle"" pattern, which is a notable feature often seen in melanomas."
ISIC_0011095,/root/autodl-tmp/data/ISIC2017/input/img_class/mel/ISIC_0011095.jpg,/root/autodl-tmp/data/ISIC2017/input/seg_class/mel/ISIC_0011095_segmentation.png,mel,An image of a skin area with melanoma.,train,"The dermoscopic image shows a lesion with a color, structure, border, symmetry, and notable patterns that are consistent with melanoma. Melanoma is a type of skin cancer that develops from the pigment-producing cells called melanocytes. It is important to consult a healthcare professional for a thorough evaluation and proper diagnosis of the lesion."
ISIC_0011099,/root/autodl-tmp/data/ISIC2017/input/img_class/mel/ISIC_0011099.jpg,/root/autodl-tmp/data/ISIC2017/input/seg_class/mel/ISIC_0011099_segmentation.png,mel,An image of a skin area with melanoma.,train,"The dermoscopic image shows a melanoma, which is a malignant skin lesion. The lesion appears to have a color, structure, border, symmetry, and notable patterns that are characteristic of melanoma. However, without more specific information, it is difficult to provide further details about the lesion's appearance or the patient's skin tone."
ISIC_0011112,/root/autodl-tmp/data/ISIC2017/input/img_class/mel/ISIC_0011112.jpg,/root/autodl-tmp/data/ISIC2017/input/seg_class/mel/ISIC_0011112_segmentation.png,mel,An image of a skin area with melanoma.,train,"The dermoscopic image shows a melanoma, which is a malignant skin lesion. The lesion appears to be asymmetrical and has an irregular border. It is important to note that the color, structure, and other features of the lesion are not specified in the provided information. However, the presence of an asymmetrical lesion with an irregular border is a characteristic feature of melanoma."
ISIC_0011118,/root/autodl-tmp/data/ISIC2017/input/img_class/mel/ISIC_0011118.jpg,/root/autodl-tmp/data/ISIC2017/input/seg_class/mel/ISIC_0011118_segmentation.png,mel,An image of a skin area with melanoma.,train,"The dermoscopic image shows a melanoma, which is a type of skin cancer. The lesion appears to be asymmetrical, with a color that is not specified. The structure of the lesion is not explicitly mentioned, but it is described as having an irregular border. The image also mentions the presence of a notable pattern, which is a characteristic feature of melanoma."
ISIC_0011121,/root/autodl-tmp/data/ISIC2017/input/img_class/mel/ISIC_0011121.jpg,/root/autodl-tmp/data/ISIC2017/input/seg_class/mel/ISIC_0011121_segmentation.png,mel,An image of a skin area with melanoma.,train,"The dermoscopic image shows a lesion with a color, structure, border, symmetry, and notable patterns that are consistent with a diagnosis of melanoma. Melanoma is a type of skin cancer that develops from the pigment-producing cells called melanocytes. It is important to note that a healthcare professional should be consulted for a thorough evaluation and proper diagnosis of any skin lesion."
ISIC_0011126,/root/autodl-tmp/data/ISIC2017/input/img_class/mel/ISIC_0011126.jpg,/root/autodl-tmp/data/ISIC2017/input/seg_class/mel/ISIC_0011126_segmentation.png,mel,An image of a skin area with melanoma.,train,"The dermoscopic image shows a melanoma, which is a malignant skin lesion. The lesion appears to be asymmetrical, with an irregular border and an uneven surface. The color of the lesion is described as brown, and it has a globular structure. The lesion also exhibits a ""salt and pepper"" pattern, which is a notable feature."
ISIC_0011130,/root/autodl-tmp/data/ISIC2017/input/img_class/mel/ISIC_0011130.jpg,/root/autodl-tmp/data/ISIC2017/input/seg_class/mel/ISIC_0011130_segmentation.png,mel,An image of a skin area with melanoma.,train,"The dermoscopic image shows a melanoma, which is a type of skin cancer. The lesion appears to be asymmetrical, with an irregular border and a mixed color pattern. The image also shows a notable pattern called the ""salt and pepper"" pattern, which is characterized by the presence of both light and dark pigmented areas within the lesion."
ISIC_0011132,/root/autodl-tmp/data/ISIC2017/input/img_class/mel/ISIC_0011132.jpg,/root/autodl-tmp/data/ISIC2017/input/seg_class/mel/ISIC_0011132_segmentation.png,mel,An image of a skin area with melanoma.,train,"The dermoscopic image shows a melanoma, which is a type of skin cancer. The lesion appears to be asymmetrical, with an irregular border and a mixed color pattern. The image also mentions the presence of a ""dot in a circle"" pattern, which is a notable feature often seen in melanoma."
ISIC_0011135,/root/autodl-tmp/data/ISIC2017/input/img_class/mel/ISIC_0011135.jpg,/root/autodl-tmp/data/ISIC2017/input/seg_class/mel/ISIC_0011135_segmentation.png,mel,An image of a skin area with melanoma.,train,"The dermoscopic image shows a lesion with a brown color, a globular structure, an irregular border, and asymmetry. The lesion also exhibits a ""star sign"" and ""dot sign"" pattern. These features are suggestive of melanoma, a type of skin cancer."
ISIC_0011136,/root/autodl-tmp/data/ISIC2017/input/img_class/mel/ISIC_0011136.jpg,/root/autodl-tmp/data/ISIC2017/input/seg_class/mel/ISIC_0011136_segmentation.png,mel,An image of a skin area with melanoma.,train,"The dermoscopic image shows a melanoma, which is a type of skin cancer. The lesion appears to be asymmetrical, with an irregular border. The color of the lesion is not specified, but it is important to note that melanomas can vary in color. The image also mentions the presence of a ""dot in a circle"" pattern, which is a notable feature of this particular melanoma."
ISIC_0011137,/root/autodl-tmp/data/ISIC2017/input/img_class/mel/ISIC_0011137.jpg,/root/autodl-tmp/data/ISIC2017/input/seg_class/mel/ISIC_0011137_segmentation.png,mel,An image of a skin area with melanoma.,train,"The dermoscopic image shows a melanoma, which is a malignant skin lesion. The lesion appears to be asymmetrical, with an irregular border and a mixed color pattern. The image is taken from an unspecified location on the patient's skin, and the patient's skin tone is also unspecified. The lesion's structure, border, symmetry, and notable patterns are also mentioned, but without more specific information, it is difficult to provide further details."
ISIC_0011140,/root/autodl-tmp/data/ISIC2017/input/img_class/mel/ISIC_0011140.jpg,/root/autodl-tmp/data/ISIC2017/input/seg_class/mel/ISIC_0011140_segmentation.png,mel,An image of a skin area with melanoma.,train,"The dermoscopic image shows a melanoma, which is a type of skin cancer. The lesion appears to be asymmetrical, with an irregular border and a mixed color pattern. The structure of the lesion is described as having a ""globular"" appearance, and it is located on the patient's skin. The image is taken at an unknown location, and the patient's skin tone is also unknown."
ISIC_0011158,/root/autodl-tmp/data/ISIC2017/input/img_class/mel/ISIC_0011158.jpg,/root/autodl-tmp/data/ISIC2017/input/seg_class/mel/ISIC_0011158_segmentation.png,mel,An image of a skin area with melanoma.,train,"The dermoscopic image shows a lesion with a brown color, a globular structure, a well-defined border, and a symmetrical pattern. These features are consistent with a melanoma, which is a type of skin cancer."
ISIC_0011161,/root/autodl-tmp/data/ISIC2017/input/img_class/mel/ISIC_0011161.jpg,/root/autodl-tmp/data/ISIC2017/input/seg_class/mel/ISIC_0011161_segmentation.png,mel,An image of a skin area with melanoma.,train,"The dermoscopic image shows a melanoma, which is a type of skin cancer. The lesion appears to have an irregular border and a mixed color pattern. The image is taken from an unknown patient, of unknown age, and the skin tone is unspecified. The lesion's color, structure, border, symmetry, and notable patterns are important features to consider when evaluating the dermoscopic image."
ISIC_0011163,/root/autodl-tmp/data/ISIC2017/input/img_class/mel/ISIC_0011163.jpg,/root/autodl-tmp/data/ISIC2017/input/seg_class/mel/ISIC_0011163_segmentation.png,mel,An image of a skin area with melanoma.,train,"The dermoscopic image shows a melanoma, which is a type of skin cancer. The lesion appears to be asymmetrical, with an irregular border and a mixed color pattern. The image also mentions the presence of a blue-gray color and a ""salt and pepper"" pattern. These features are characteristic of melanoma and can help healthcare professionals in diagnosing the condition."
ISIC_0011166,/root/autodl-tmp/data/ISIC2017/input/img_class/mel/ISIC_0011166.jpg,/root/autodl-tmp/data/ISIC2017/input/seg_class/mel/ISIC_0011166_segmentation.png,mel,An image of a skin area with melanoma.,train,"The dermoscopic image shows a melanoma, which is a type of skin cancer. The lesion appears to be asymmetrical, with an irregular border and a mixed color pattern. The image also mentions the presence of a ""dot in a circle"" pattern, which is a notable feature in this case."
ISIC_0011169,/root/autodl-tmp/data/ISIC2017/input/img_class/mel/ISIC_0011169.jpg,/root/autodl-tmp/data/ISIC2017/input/seg_class/mel/ISIC_0011169_segmentation.png,mel,An image of a skin area with melanoma.,train,"The dermoscopic image shows a melanoma, which is a type of skin cancer. The lesion appears to be asymmetrical, with an irregular border and a mixed color pattern. The image also shows a notable pattern called the ""salt and pepper"" pattern, which is characterized by the presence of both light and dark pigmented areas within the lesion."
ISIC_0011176,/root/autodl-tmp/data/ISIC2017/input/img_class/mel/ISIC_0011176.jpg,/root/autodl-tmp/data/ISIC2017/input/seg_class/mel/ISIC_0011176_segmentation.png,mel,An image of a skin area with melanoma.,train,"The dermoscopic image shows a melanoma, which is a type of skin cancer. The lesion appears to be asymmetrical, with an irregular border and a mixed color pattern. The image also mentions the presence of a ""dot in a circle"" pattern, which is a notable feature often seen in melanomas."
ISIC_0011210,/root/autodl-tmp/data/ISIC2017/input/img_class/mel/ISIC_0011210.jpg,/root/autodl-tmp/data/ISIC2017/input/seg_class/mel/ISIC_0011210_segmentation.png,mel,An image of a skin area with melanoma.,train,"The dermoscopic image shows a melanoma, which is a type of skin cancer. The lesion appears to be asymmetrical, with an irregular border and a mixed color pattern. The image also mentions the presence of a ""dot in a circle"" pattern, which is a notable feature often seen in melanoma."
ISIC_0011305,/root/autodl-tmp/data/ISIC2017/input/img_class/mel/ISIC_0011305.jpg,/root/autodl-tmp/data/ISIC2017/input/seg_class/mel/ISIC_0011305_segmentation.png,mel,An image of a skin area with melanoma.,train,"The dermoscopic image shows a melanoma, which is a type of skin cancer. The lesion appears to have a color, structure, border, symmetry, and notable patterns. However, without more specific information, it is difficult to provide further details about the appearance of the lesion. It is important to consult a healthcare professional for a thorough evaluation and proper diagnosis of the lesion."
ISIC_0011315,/root/autodl-tmp/data/ISIC2017/input/img_class/mel/ISIC_0011315.jpg,/root/autodl-tmp/data/ISIC2017/input/seg_class/mel/ISIC_0011315_segmentation.png,mel,An image of a skin area with melanoma.,train,"The dermoscopic image shows a melanoma, which is a type of skin cancer. The lesion appears to be asymmetrical, with an irregular border and an uneven surface. The color of the lesion is described as brown, and it has a globular structure. The image also shows a notable pattern called the ""salt and pepper"" pattern, which is characterized by the presence of small, dark pigments scattered throughout the lesion."
ISIC_0011344,/root/autodl-tmp/data/ISIC2017/input/img_class/mel/ISIC_0011344.jpg,/root/autodl-tmp/data/ISIC2017/input/seg_class/mel/ISIC_0011344_segmentation.png,mel,An image of a skin area with melanoma.,train,"The dermoscopic image shows a lesion with a color, structure, border, symmetry, and notable patterns that are suggestive of melanoma. Melanoma is a type of skin cancer that develops from the pigment-producing cells called melanocytes. It is important to consult a healthcare professional for a thorough evaluation and proper diagnosis of the lesion."
ISIC_0011348,/root/autodl-tmp/data/ISIC2017/input/img_class/mel/ISIC_0011348.jpg,/root/autodl-tmp/data/ISIC2017/input/seg_class/mel/ISIC_0011348_segmentation.png,mel,An image of a skin area with melanoma.,train,"The dermoscopic image shows a lesion that is consistent with a diagnosis of melanoma. Melanoma is a type of skin cancer that develops from the pigment-producing cells called melanocytes. The image likely displays the lesion's color, structure, border, symmetry, and notable patterns, which can help healthcare professionals identify and diagnose melanoma."
ISIC_0011349,/root/autodl-tmp/data/ISIC2017/input/img_class/mel/ISIC_0011349.jpg,/root/autodl-tmp/data/ISIC2017/input/seg_class/mel/ISIC_0011349_segmentation.png,mel,An image of a skin area with melanoma.,train,"The dermoscopic image shows a lesion with a color, structure, border, symmetry, and notable patterns that are consistent with melanoma. Melanoma is a type of skin cancer that develops from the pigment-producing cells called melanocytes. It is important to note that a healthcare professional should be consulted for a thorough evaluation and proper diagnosis of the lesion."
ISIC_0011366,/root/autodl-tmp/data/ISIC2017/input/img_class/mel/ISIC_0011366.jpg,/root/autodl-tmp/data/ISIC2017/input/seg_class/mel/ISIC_0011366_segmentation.png,mel,An image of a skin area with melanoma.,train,"The dermoscopic image shows a melanoma, which is a type of skin cancer. The lesion appears to have an irregular structure and an asymmetrical border. The image also mentions a ""dot in a circle"" pattern, which is a notable feature often seen in melanomas."
ISIC_0011387,/root/autodl-tmp/data/ISIC2017/input/img_class/mel/ISIC_0011387.jpg,/root/autodl-tmp/data/ISIC2017/input/seg_class/mel/ISIC_0011387_segmentation.png,mel,An image of a skin area with melanoma.,train,"The dermoscopic image shows a melanoma, which is a type of skin cancer. The lesion appears to be asymmetrical, with an irregular border and a mixed pattern. The color of the lesion is not specified, but it is important to note that melanomas can vary in color. The image is taken from an unknown patient, and the exact location of the lesion is not provided."
ISIC_0012137,/root/autodl-tmp/data/ISIC2017/input/img_class/mel/ISIC_0012137.jpg,/root/autodl-tmp/data/ISIC2017/input/seg_class/mel/ISIC_0012137_segmentation.png,mel,An image of a skin area with melanoma.,train,"The dermoscopic image shows a melanoma, which is a type of skin cancer. The lesion appears to be asymmetrical, with an irregular border and a variegated color. The image also mentions the presence of a ""salt and pepper"" pattern and a ""cigar-shaped"" structure. These features are characteristic of melanoma and can help healthcare professionals in diagnosing the condition."
ISIC_0012208,/root/autodl-tmp/data/ISIC2017/input/img_class/mel/ISIC_0012208.jpg,/root/autodl-tmp/data/ISIC2017/input/seg_class/mel/ISIC_0012208_segmentation.png,mel,An image of a skin area with melanoma.,train,"The dermoscopic image shows a melanoma, which is a type of skin cancer. The lesion appears to be asymmetrical, with an irregular border and a mixed color pattern. The image is from a patient of unknown age and unknown skin tone. The lesion's structure and notable patterns are also mentioned, but without more specific information, it is difficult to provide further details."
ISIC_0012290,/root/autodl-tmp/data/ISIC2017/input/img_class/mel/ISIC_0012290.jpg,/root/autodl-tmp/data/ISIC2017/input/seg_class/mel/ISIC_0012290_segmentation.png,mel,An image of a skin area with melanoma.,train,"The dermoscopic image shows a melanoma, which is a malignant skin lesion. The lesion appears to have a color, structure, border, symmetry, and notable patterns that are characteristic of melanoma. However, it is important to note that the specific details of the lesion's appearance may vary depending on the individual case and the quality of the image."
ISIC_0012298,/root/autodl-tmp/data/ISIC2017/input/img_class/mel/ISIC_0012298.jpg,/root/autodl-tmp/data/ISIC2017/input/seg_class/mel/ISIC_0012298_segmentation.png,mel,An image of a skin area with melanoma.,train,"The dermoscopic image shows a melanoma, which is a malignant skin lesion. The lesion has a color, structure, border, symmetry, and notable patterns that are characteristic of melanoma. These features help healthcare professionals identify and diagnose the condition."
ISIC_0012348,/root/autodl-tmp/data/ISIC2017/input/img_class/mel/ISIC_0012348.jpg,/root/autodl-tmp/data/ISIC2017/input/seg_class/mel/ISIC_0012348_segmentation.png,mel,An image of a skin area with melanoma.,train,"The dermoscopic image shows a melanoma, which is a type of skin cancer. The lesion appears to be asymmetrical, with an irregular border and a mixed color pattern. The image also mentions the presence of a ""dot in a circle"" pattern, which is a notable feature often seen in melanomas."
ISIC_0012382,/root/autodl-tmp/data/ISIC2017/input/img_class/mel/ISIC_0012382.jpg,/root/autodl-tmp/data/ISIC2017/input/seg_class/mel/ISIC_0012382_segmentation.png,mel,An image of a skin area with melanoma.,train,"The dermoscopic image shows a melanoma, which is a type of skin cancer. The lesion appears to have a color, structure, border, symmetry, and notable patterns that are characteristic of melanoma. However, it is important to note that the specific details of the lesion's appearance may vary depending on the individual case and the quality of the image."
ISIC_0012391,/root/autodl-tmp/data/ISIC2017/input/img_class/mel/ISIC_0012391.jpg,/root/autodl-tmp/data/ISIC2017/input/seg_class/mel/ISIC_0012391_segmentation.png,mel,An image of a skin area with melanoma.,train,"The dermoscopic image shows a melanoma, which is a type of skin cancer. The lesion appears to be asymmetrical, with an irregular border and a mixed color pattern. The image also mentions the presence of a ""dot in a circle"" pattern, which is a notable feature often seen in melanomas."
ISIC_0012435,/root/autodl-tmp/data/ISIC2017/input/img_class/mel/ISIC_0012435.jpg,/root/autodl-tmp/data/ISIC2017/input/seg_class/mel/ISIC_0012435_segmentation.png,mel,An image of a skin area with melanoma.,train,"The dermoscopic image shows a melanoma, which is a type of skin cancer. The lesion appears to be asymmetrical, with an irregular border and a mixed color pattern. The image also shows a notable ""dot in a circle"" pattern, which is a characteristic feature of melanoma."
ISIC_0012450,/root/autodl-tmp/data/ISIC2017/input/img_class/mel/ISIC_0012450.jpg,/root/autodl-tmp/data/ISIC2017/input/seg_class/mel/ISIC_0012450_segmentation.png,mel,An image of a skin area with melanoma.,train,"The dermoscopic image shows a melanoma, which is a type of skin cancer. The lesion appears to have a color, structure, border, symmetry, and notable patterns that are characteristic of melanoma. It is important to note that the specific details of these features may vary depending on the individual case and the quality of the image."
ISIC_0012512,/root/autodl-tmp/data/ISIC2017/input/img_class/mel/ISIC_0012512.jpg,/root/autodl-tmp/data/ISIC2017/input/seg_class/mel/ISIC_0012512_segmentation.png,mel,An image of a skin area with melanoma.,train,"The dermoscopic image shows a melanoma, which is a type of skin cancer. The lesion appears to have a color, structure, border, symmetry, and notable patterns that are characteristic of melanoma. It is important to note that the image is from a patient with unknown age and an unspecified location. The skin tone is also unspecified. The dermoscopic features of the lesion can help healthcare professionals in diagnosing and managing the condition."
ISIC_0012678,/root/autodl-tmp/data/ISIC2017/input/img_class/mel/ISIC_0012678.jpg,/root/autodl-tmp/data/ISIC2017/input/seg_class/mel/ISIC_0012678_segmentation.png,mel,An image of a skin area with melanoma.,train,"The dermoscopic image shows a melanoma, which is a malignant skin lesion. The lesion appears to be asymmetrical, with an irregular border and a mixed structure. The color of the lesion is not specified, but it is important to note that the presence of melanoma can be indicated by various features, such as changes in color, structure, and border."
ISIC_0012701,/root/autodl-tmp/data/ISIC2017/input/img_class/mel/ISIC_0012701.jpg,/root/autodl-tmp/data/ISIC2017/input/seg_class/mel/ISIC_0012701_segmentation.png,mel,An image of a skin area with melanoma.,train,"The dermoscopic image shows a melanoma, which is a type of skin cancer. The lesion appears to be asymmetrical, with an irregular border and a mixed color pattern. The image also mentions the presence of a ""dot in a circle"" pattern. These features are characteristic of melanoma, a malignant skin condition."
ISIC_0012715,/root/autodl-tmp/data/ISIC2017/input/img_class/mel/ISIC_0012715.jpg,/root/autodl-tmp/data/ISIC2017/input/seg_class/mel/ISIC_0012715_segmentation.png,mel,An image of a skin area with melanoma.,train,"The dermoscopic image shows a melanoma, which is a type of skin cancer. The lesion appears to be asymmetrical, with a color that is not specified in the provided information. The structure of the lesion is not specified, but it is important to note that melanomas can have various appearances on dermoscopy, such as pigmented or non-pigmented, with different patterns and structures. The border of the lesion is not specified, but it is important to note that melanomas can have irregular or well-defined borders. The symmetry of the lesion"
ISIC_0012749,/root/autodl-tmp/data/ISIC2017/input/img_class/mel/ISIC_0012749.jpg,/root/autodl-tmp/data/ISIC2017/input/seg_class/mel/ISIC_0012749_segmentation.png,mel,An image of a skin area with melanoma.,train,"The dermoscopic image shows a melanoma, which is a malignant skin lesion. The lesion appears to have a color, structure, border, symmetry, and notable patterns that are characteristic of melanoma. These features can help healthcare professionals in diagnosing the condition and determining the appropriate course of treatment."
ISIC_0012756,/root/autodl-tmp/data/ISIC2017/input/img_class/mel/ISIC_0012756.jpg,/root/autodl-tmp/data/ISIC2017/input/seg_class/mel/ISIC_0012756_segmentation.png,mel,An image of a skin area with melanoma.,train,"The dermoscopic image shows a melanoma, which is a malignant skin lesion. The lesion appears to have a color, structure, border, symmetry, and notable patterns that are characteristic of melanoma. However, it is important to note that the specific details of these features are not provided. To accurately describe the image, it is crucial to focus on the observable aspects of the lesion and avoid speculation."
ISIC_0012887,/root/autodl-tmp/data/ISIC2017/input/img_class/mel/ISIC_0012887.jpg,/root/autodl-tmp/data/ISIC2017/input/seg_class/mel/ISIC_0012887_segmentation.png,mel,An image of a skin area with melanoma.,train,"The dermoscopic image shows a lesion with a color, structure, border, symmetry, and notable patterns that are consistent with melanoma. Melanoma is a type of skin cancer that develops from the pigment-producing cells called melanocytes. It is important to consult a healthcare professional for a thorough evaluation and proper diagnosis of the lesion."
ISIC_0012930,/root/autodl-tmp/data/ISIC2017/input/img_class/mel/ISIC_0012930.jpg,/root/autodl-tmp/data/ISIC2017/input/seg_class/mel/ISIC_0012930_segmentation.png,mel,An image of a skin area with melanoma.,train,"The dermoscopic image shows a melanoma, which is a malignant skin lesion. The image provides information about the lesion's color, structure, border, symmetry, and notable patterns. However, it is important to note that the patient's age and skin tone are unknown, and the location of the lesion is unspecified."
ISIC_0012988,/root/autodl-tmp/data/ISIC2017/input/img_class/mel/ISIC_0012988.jpg,/root/autodl-tmp/data/ISIC2017/input/seg_class/mel/ISIC_0012988_segmentation.png,mel,An image of a skin area with melanoma.,train,"The dermoscopic image shows a melanoma, which is a malignant skin lesion. The lesion appears to be asymmetrical, with an irregular border and a mixed color pattern. The image also shows a notable pattern called the ""star sign,"" which is a characteristic feature of melanoma."
ISIC_0012990,/root/autodl-tmp/data/ISIC2017/input/img_class/mel/ISIC_0012990.jpg,/root/autodl-tmp/data/ISIC2017/input/seg_class/mel/ISIC_0012990_segmentation.png,mel,An image of a skin area with melanoma.,train,"The dermoscopic image shows a melanoma, which is a type of skin cancer. The lesion appears to be asymmetrical, with an irregular border and a mixed color pattern. The image is taken from an unspecified location on the patient's skin, and the patient's skin tone is unspecified. The lesion has a mixed color pattern, which may include shades of brown, black, or other colors. The lesion's structure and border are irregular, and it lacks symmetry. Notable patterns in the image may include the presence of dots, globules"
ISIC_0013079,/root/autodl-tmp/data/ISIC2017/input/img_class/mel/ISIC_0013079.jpg,/root/autodl-tmp/data/ISIC2017/input/seg_class/mel/ISIC_0013079_segmentation.png,mel,An image of a skin area with melanoma.,train,"The dermoscopic image shows a melanoma, which is a type of skin cancer. The lesion appears to have a color, structure, border, symmetry, and notable patterns. However, without more specific information about the lesion and the patient, it is difficult to provide further details."
ISIC_0013141,/root/autodl-tmp/data/ISIC2017/input/img_class/mel/ISIC_0013141.jpg,/root/autodl-tmp/data/ISIC2017/input/seg_class/mel/ISIC_0013141_segmentation.png,mel,An image of a skin area with melanoma.,train,"The dermoscopic image shows a melanoma, which is a malignant skin lesion. The lesion appears to be asymmetrical, with an irregular border and a mixed color pattern. The image is stained with hematoxylin and eosin (H&E) and has a magnification of 10x."
ISIC_0013184,/root/autodl-tmp/data/ISIC2017/input/img_class/mel/ISIC_0013184.jpg,/root/autodl-tmp/data/ISIC2017/input/seg_class/mel/ISIC_0013184_segmentation.png,mel,An image of a skin area with melanoma.,train,"The dermoscopic image shows a melanoma, which is a malignant skin lesion. The lesion appears to have a color, structure, border, symmetry, and notable patterns. However, without more specific information, it is difficult to provide further details about the lesion's appearance. It is important to consult a healthcare professional for a thorough evaluation and proper diagnosis of the melanoma."
ISIC_0013198,/root/autodl-tmp/data/ISIC2017/input/img_class/mel/ISIC_0013198.jpg,/root/autodl-tmp/data/ISIC2017/input/seg_class/mel/ISIC_0013198_segmentation.png,mel,An image of a skin area with melanoma.,train,"The dermoscopic image shows a melanoma, which is a malignant skin lesion. The lesion appears to be asymmetrical and has an irregular border. It is important to note that the color, structure, and symmetry of the lesion may also be relevant in the diagnosis of melanoma. However, without more specific information, it is difficult to provide further details about the lesion's appearance."
ISIC_0013258,/root/autodl-tmp/data/ISIC2017/input/img_class/mel/ISIC_0013258.jpg,/root/autodl-tmp/data/ISIC2017/input/seg_class/mel/ISIC_0013258_segmentation.png,mel,An image of a skin area with melanoma.,train,"The dermoscopic image shows a melanoma, which is a type of skin cancer. The lesion appears to be asymmetrical, with an irregular border and an uneven structure. The color of the lesion is not specified, but it is important to note that melanomas can vary in color. The image is stained with hematoxylin and eosin (H&E), which is a common staining technique used in histopathology to visualize tissue structures."
ISIC_0013334,/root/autodl-tmp/data/ISIC2017/input/img_class/mel/ISIC_0013334.jpg,/root/autodl-tmp/data/ISIC2017/input/seg_class/mel/ISIC_0013334_segmentation.png,mel,An image of a skin area with melanoma.,train,"The dermoscopic image shows a melanoma, which is a type of skin cancer. The lesion appears to have a color, structure, border, symmetry, and notable patterns that are characteristic of melanoma. It is important to note that the image is from a patient with unknown age and an unspecified skin tone. The specific details of the lesion's appearance can help healthcare professionals in diagnosing and treating the condition."
ISIC_0013359,/root/autodl-tmp/data/ISIC2017/input/img_class/mel/ISIC_0013359.jpg,/root/autodl-tmp/data/ISIC2017/input/seg_class/mel/ISIC_0013359_segmentation.png,mel,An image of a skin area with melanoma.,train,"The dermoscopic image shows a melanoma, which is a malignant skin lesion. The lesion has a color, structure, border, symmetry, and notable patterns that are characteristic of melanoma. It is important to note that the patient's information, such as age and skin tone, is unknown. The image provides a visual representation of the melanoma, but further analysis and clinical correlation are needed to determine the appropriate course of action."
ISIC_0013365,/root/autodl-tmp/data/ISIC2017/input/img_class/mel/ISIC_0013365.jpg,/root/autodl-tmp/data/ISIC2017/input/seg_class/mel/ISIC_0013365_segmentation.png,mel,An image of a skin area with melanoma.,train,"The dermoscopic image shows a melanoma, which is a type of skin cancer. The lesion appears to be asymmetrical, with a color that is not specified. The structure of the lesion is not specified either. The border of the lesion is notched, which is a notable pattern. The symmetry of the lesion is not specified."
ISIC_0013427,/root/autodl-tmp/data/ISIC2017/input/img_class/mel/ISIC_0013427.jpg,/root/autodl-tmp/data/ISIC2017/input/seg_class/mel/ISIC_0013427_segmentation.png,mel,An image of a skin area with melanoma.,train,"The dermoscopic image shows a melanoma, which is a type of skin cancer. The lesion appears to be asymmetrical, with an irregular border. It has a mixed color, including shades of brown and black, and a globular structure. The lesion also exhibits a ""salt and pepper"" pattern, which is a notable feature often seen in melanomas."
ISIC_0013429,/root/autodl-tmp/data/ISIC2017/input/img_class/mel/ISIC_0013429.jpg,/root/autodl-tmp/data/ISIC2017/input/seg_class/mel/ISIC_0013429_segmentation.png,mel,An image of a skin area with melanoma.,train,"The dermoscopic image shows a melanoma, which is a type of skin cancer. The lesion appears to have a color, structure, border, symmetry, and notable patterns that are characteristic of melanoma. It is important to note that the image is from a patient with unknown age and an unspecified skin tone. The specific details of the lesion's appearance can help healthcare professionals in diagnosing and treating the condition."
ISIC_0013490,/root/autodl-tmp/data/ISIC2017/input/img_class/mel/ISIC_0013490.jpg,/root/autodl-tmp/data/ISIC2017/input/seg_class/mel/ISIC_0013490_segmentation.png,mel,An image of a skin area with melanoma.,train,"The dermoscopic image shows a melanoma, which is a malignant skin lesion. The lesion appears to be asymmetrical, with an irregular border and a mixed color pattern. The image also mentions the presence of a blue-gray color, a globular structure, and a ""salt and pepper"" pattern. These features are characteristic of melanoma, which is a type of skin cancer."
ISIC_0013497,/root/autodl-tmp/data/ISIC2017/input/img_class/mel/ISIC_0013497.jpg,/root/autodl-tmp/data/ISIC2017/input/seg_class/mel/ISIC_0013497_segmentation.png,mel,An image of a skin area with melanoma.,train,"The dermoscopic image shows a lesion with a color, structure, border, symmetry, and notable patterns that are consistent with a diagnosis of melanoma. Melanoma is a type of skin cancer that develops from the pigment-producing cells called melanocytes. It is important to consult a healthcare professional for further evaluation and appropriate treatment."
ISIC_0013499,/root/autodl-tmp/data/ISIC2017/input/img_class/mel/ISIC_0013499.jpg,/root/autodl-tmp/data/ISIC2017/input/seg_class/mel/ISIC_0013499_segmentation.png,mel,An image of a skin area with melanoma.,train,"The dermoscopic image shows a lesion with a color, structure, border, symmetry, and notable patterns that are consistent with melanoma. Melanoma is a type of skin cancer that develops from the pigment-producing cells called melanocytes. It is important to consult a healthcare professional for a thorough evaluation and proper diagnosis of any skin lesion."
ISIC_0013500,/root/autodl-tmp/data/ISIC2017/input/img_class/mel/ISIC_0013500.jpg,/root/autodl-tmp/data/ISIC2017/input/seg_class/mel/ISIC_0013500_segmentation.png,mel,An image of a skin area with melanoma.,train,"The dermoscopic image shows a melanoma, which is a type of skin cancer. The lesion appears to be asymmetrical, with an irregular border and a mixed color pattern. The image is taken from a patient of unknown age and skin tone, and the location of the lesion is unspecified."
ISIC_0013525,/root/autodl-tmp/data/ISIC2017/input/img_class/mel/ISIC_0013525.jpg,/root/autodl-tmp/data/ISIC2017/input/seg_class/mel/ISIC_0013525_segmentation.png,mel,An image of a skin area with melanoma.,train,"The dermoscopic image shows a melanoma, which is a malignant skin lesion. The lesion appears to have a mixed color, with both brown and blue shades. It has a globular structure, an irregular border, and asymmetry. Additionally, there is a notable pattern of a blue-gray color in the center of the lesion. These features are characteristic of melanoma, a type of skin cancer."
ISIC_0013530,/root/autodl-tmp/data/ISIC2017/input/img_class/mel/ISIC_0013530.jpg,/root/autodl-tmp/data/ISIC2017/input/seg_class/mel/ISIC_0013530_segmentation.png,mel,An image of a skin area with melanoma.,train,"The dermoscopic image shows a melanoma, which is a type of skin cancer. The lesion appears to have a color, structure, border, symmetry, and notable patterns. However, without more specific information, it is difficult to provide further details about the lesion's appearance or characteristics."
ISIC_0013567,/root/autodl-tmp/data/ISIC2017/input/img_class/mel/ISIC_0013567.jpg,/root/autodl-tmp/data/ISIC2017/input/seg_class/mel/ISIC_0013567_segmentation.png,mel,An image of a skin area with melanoma.,train,"The dermoscopic image shows a melanoma, which is a type of skin cancer. The lesion appears to be asymmetrical, with an irregular border and a variegated color. The image also shows a notable pattern called the ""star sign,"" which is a characteristic feature of melanoma."
ISIC_0013572,/root/autodl-tmp/data/ISIC2017/input/img_class/mel/ISIC_0013572.jpg,/root/autodl-tmp/data/ISIC2017/input/seg_class/mel/ISIC_0013572_segmentation.png,mel,An image of a skin area with melanoma.,train,"The dermoscopic image shows a lesion with a color, structure, border, symmetry, and notable patterns that are consistent with melanoma. Melanoma is a type of skin cancer that develops from the pigment-producing cells called melanocytes. It is important to consult a healthcare professional for a thorough evaluation and proper diagnosis of the lesion."
ISIC_0013573,/root/autodl-tmp/data/ISIC2017/input/img_class/mel/ISIC_0013573.jpg,/root/autodl-tmp/data/ISIC2017/input/seg_class/mel/ISIC_0013573_segmentation.png,mel,An image of a skin area with melanoma.,train,"The dermoscopic image shows a melanoma, which is a type of skin cancer. The lesion appears to be asymmetrical, with an irregular border and an uneven surface. Additionally, there are some notable patterns, such as a ""star sign"" and ""globules."" These features are characteristic of melanoma and can help healthcare professionals in diagnosing the condition."
ISIC_0013578,/root/autodl-tmp/data/ISIC2017/input/img_class/mel/ISIC_0013578.jpg,/root/autodl-tmp/data/ISIC2017/input/seg_class/mel/ISIC_0013578_segmentation.png,mel,An image of a skin area with melanoma.,train,"The dermoscopic image shows a lesion with a color that is not specified. The lesion has a structure that is not specified, a border that is not specified, and a symmetry that is not specified. The notable patterns mentioned in the context are not visible in the image itself."
ISIC_0013579,/root/autodl-tmp/data/ISIC2017/input/img_class/mel/ISIC_0013579.jpg,/root/autodl-tmp/data/ISIC2017/input/seg_class/mel/ISIC_0013579_segmentation.png,mel,An image of a skin area with melanoma.,train,"The dermoscopic image shows a melanoma, which is a malignant skin lesion. The lesion appears to be asymmetrical, with an irregular border and an uneven surface. The color of the lesion is not specified, but it is important to note that melanomas can vary in color. The image also mentions the presence of a ""dot in a circle"" pattern, which is a notable feature often seen in melanomas."
ISIC_0013581,/root/autodl-tmp/data/ISIC2017/input/img_class/mel/ISIC_0013581.jpg,/root/autodl-tmp/data/ISIC2017/input/seg_class/mel/ISIC_0013581_segmentation.png,mel,An image of a skin area with melanoma.,train,"The dermoscopic image shows a lesion with a color, structure, border, symmetry, and notable patterns that are consistent with melanoma, which is a type of skin cancer. The image is stained with hematoxylin and eosin (H&E) and has a magnification of 10x."
ISIC_0013594,/root/autodl-tmp/data/ISIC2017/input/img_class/mel/ISIC_0013594.jpg,/root/autodl-tmp/data/ISIC2017/input/seg_class/mel/ISIC_0013594_segmentation.png,mel,An image of a skin area with melanoma.,train,"The dermoscopic image shows a lesion with a color, structure, border, symmetry, and notable patterns that are consistent with melanoma, which is a type of skin cancer."
ISIC_0013606,/root/autodl-tmp/data/ISIC2017/input/img_class/mel/ISIC_0013606.jpg,/root/autodl-tmp/data/ISIC2017/input/seg_class/mel/ISIC_0013606_segmentation.png,mel,An image of a skin area with melanoma.,train,"The dermoscopic image shows a melanoma, which is a type of skin cancer. The lesion appears to be asymmetrical, with an irregular border and a mixed color pattern. The image is taken from an unknown patient, of unknown age, and the skin tone is unspecified. The lesion has a structure that is not uniform, and it exhibits a notable pattern."
ISIC_0013610,/root/autodl-tmp/data/ISIC2017/input/img_class/mel/ISIC_0013610.jpg,/root/autodl-tmp/data/ISIC2017/input/seg_class/mel/ISIC_0013610_segmentation.png,mel,An image of a skin area with melanoma.,train,"The dermoscopic image shows a melanoma, which is a type of skin cancer. The lesion appears to be asymmetrical, with an irregular border and an uneven color. The image also mentions the presence of a ""dot in a circle"" pattern, which is a notable feature often seen in melanomas."
ISIC_0013618,/root/autodl-tmp/data/ISIC2017/input/img_class/mel/ISIC_0013618.jpg,/root/autodl-tmp/data/ISIC2017/input/seg_class/mel/ISIC_0013618_segmentation.png,mel,An image of a skin area with melanoma.,train,"The dermoscopic image shows a melanoma, which is a type of skin cancer. The lesion appears to be asymmetrical, with an irregular border and a mixed structure. The color of the lesion is described as brown, and it has a ""globular"" pattern. These features are characteristic of melanoma, which is a malignant skin condition."
ISIC_0013626,/root/autodl-tmp/data/ISIC2017/input/img_class/mel/ISIC_0013626.jpg,/root/autodl-tmp/data/ISIC2017/input/seg_class/mel/ISIC_0013626_segmentation.png,mel,An image of a skin area with melanoma.,train,"The dermoscopic image shows a lesion with a color that is not specified, but it is important to note that the color of a lesion can provide valuable information about its nature. The structure of the lesion is not specified, but it is important to observe the overall appearance and texture of the lesion. The border of the lesion is not specified, but the border can help determine the extent of the lesion and its relationship to the surrounding skin. The symmetry of the lesion is not specified, but symmetry can be an important factor in identifying certain types of skin lesions. Notable patterns in the les"
ISIC_0013634,/root/autodl-tmp/data/ISIC2017/input/img_class/mel/ISIC_0013634.jpg,/root/autodl-tmp/data/ISIC2017/input/seg_class/mel/ISIC_0013634_segmentation.png,mel,An image of a skin area with melanoma.,train,"The dermoscopic image shows a lesion with a color, structure, border, symmetry, and notable patterns that are consistent with melanoma. Melanoma is a type of skin cancer that develops from the pigment-producing cells called melanocytes. It is important to consult a healthcare professional for a thorough evaluation and proper diagnosis of the lesion."
ISIC_0013639,/root/autodl-tmp/data/ISIC2017/input/img_class/mel/ISIC_0013639.jpg,/root/autodl-tmp/data/ISIC2017/input/seg_class/mel/ISIC_0013639_segmentation.png,mel,An image of a skin area with melanoma.,train,"The dermoscopic image shows a melanoma, which is a type of skin cancer. The lesion appears to have a color, structure, border, symmetry, and notable patterns. However, without more specific information, it is difficult to provide further details about the lesion's appearance. It is important to consult a healthcare professional for a thorough evaluation and proper diagnosis of the lesion."
ISIC_0013652,/root/autodl-tmp/data/ISIC2017/input/img_class/mel/ISIC_0013652.jpg,/root/autodl-tmp/data/ISIC2017/input/seg_class/mel/ISIC_0013652_segmentation.png,mel,An image of a skin area with melanoma.,train,"The dermoscopic image shows a melanoma, which is a type of skin cancer. The lesion appears to have a color, structure, border, symmetry, and notable patterns that are characteristic of melanoma. However, it is important to note that a definitive diagnosis should be made by a healthcare professional after considering the patient's clinical history, symptoms, and additional diagnostic tests."
ISIC_0013671,/root/autodl-tmp/data/ISIC2017/input/img_class/mel/ISIC_0013671.jpg,/root/autodl-tmp/data/ISIC2017/input/seg_class/mel/ISIC_0013671_segmentation.png,mel,An image of a skin area with melanoma.,train,"The dermoscopic image shows a lesion with a color, structure, border, symmetry, and notable patterns that are consistent with a diagnosis of melanoma. Melanoma is a type of skin cancer that develops from the pigment-producing cells called melanocytes. It is important to consult a healthcare professional for further evaluation and appropriate treatment."
ISIC_0013672,/root/autodl-tmp/data/ISIC2017/input/img_class/mel/ISIC_0013672.jpg,/root/autodl-tmp/data/ISIC2017/input/seg_class/mel/ISIC_0013672_segmentation.png,mel,An image of a skin area with melanoma.,train,"The dermoscopic image shows a melanoma, which is a malignant skin lesion. The lesion appears to be asymmetrical, with a structure that is not uniform. The border of the lesion is irregular, and it has a notable pattern called ""atypical network."" These features are indicative of melanoma, a type of skin cancer."
ISIC_0013674,/root/autodl-tmp/data/ISIC2017/input/img_class/mel/ISIC_0013674.jpg,/root/autodl-tmp/data/ISIC2017/input/seg_class/mel/ISIC_0013674_segmentation.png,mel,An image of a skin area with melanoma.,train,"The dermoscopic image shows a melanoma, which is a type of skin cancer. The lesion appears to be asymmetrical, with an irregular border and a mixed color pattern. The image also mentions the presence of a ""dot in a circle"" pattern, which is a notable feature in this case."
ISIC_0013740,/root/autodl-tmp/data/ISIC2017/input/img_class/mel/ISIC_0013740.jpg,/root/autodl-tmp/data/ISIC2017/input/seg_class/mel/ISIC_0013740_segmentation.png,mel,An image of a skin area with melanoma.,train,"The dermoscopic image shows a melanoma, which is a type of skin cancer. The lesion appears to be asymmetrical, with an irregular border and a mixed structure. The color of the lesion is described as brown and black, and it has a globular structure. The image also mentions the presence of a ""salt and pepper"" pattern, which is a notable feature in this case."
ISIC_0013762,/root/autodl-tmp/data/ISIC2017/input/img_class/mel/ISIC_0013762.jpg,/root/autodl-tmp/data/ISIC2017/input/seg_class/mel/ISIC_0013762_segmentation.png,mel,An image of a skin area with melanoma.,train,"The dermoscopic image shows a melanoma, which is a type of skin cancer. The lesion appears to be asymmetrical, with an irregular border and an uneven color. The structure of the lesion is described as a globular structure with a central depression. Additionally, there are notable patterns such as a ""star sign"" and ""blue-gray dots."" These features are characteristic of melanoma, a malignant skin condition."
ISIC_0013775,/root/autodl-tmp/data/ISIC2017/input/img_class/mel/ISIC_0013775.jpg,/root/autodl-tmp/data/ISIC2017/input/seg_class/mel/ISIC_0013775_segmentation.png,mel,An image of a skin area with melanoma.,train,"The dermoscopic image shows a melanoma, which is a type of skin cancer. The lesion appears to have a color, structure, border, symmetry, and notable patterns that are characteristic of melanoma. It is important to note that the image is from a patient with unknown age and an unspecified location. The skin tone is also unspecified. The dermoscopic features of the lesion can help healthcare professionals in diagnosing and managing the condition."
ISIC_0013777,/root/autodl-tmp/data/ISIC2017/input/img_class/mel/ISIC_0013777.jpg,/root/autodl-tmp/data/ISIC2017/input/seg_class/mel/ISIC_0013777_segmentation.png,mel,An image of a skin area with melanoma.,train,"The dermoscopic image shows a lesion with a color, structure, border, symmetry, and notable patterns that are consistent with melanoma. Melanoma is a type of skin cancer that develops from pigment-producing cells called melanocytes. It is important to consult a healthcare professional for a thorough evaluation and proper diagnosis of any skin lesion."
ISIC_0013783,/root/autodl-tmp/data/ISIC2017/input/img_class/mel/ISIC_0013783.jpg,/root/autodl-tmp/data/ISIC2017/input/seg_class/mel/ISIC_0013783_segmentation.png,mel,An image of a skin area with melanoma.,train,"The dermoscopic image shows a melanoma, which is a type of skin cancer. The lesion appears to be asymmetrical, with an irregular border and a mixed color pattern. The image is stained with hematoxylin and eosin (H&E) and has a magnification of 10x."
ISIC_0013815,/root/autodl-tmp/data/ISIC2017/input/img_class/mel/ISIC_0013815.jpg,/root/autodl-tmp/data/ISIC2017/input/seg_class/mel/ISIC_0013815_segmentation.png,mel,An image of a skin area with melanoma.,train,"The dermoscopic image shows a melanoma, which is a type of skin cancer. The lesion appears to be asymmetric, with an irregular border and a mixed color pattern. The structure of the lesion is described as a globular structure with a central depression. The image also mentions the presence of a dotted pattern and a blue-gray color. These features are indicative of a malignant melanoma, which requires further evaluation and treatment."
ISIC_0013831,/root/autodl-tmp/data/ISIC2017/input/img_class/mel/ISIC_0013831.jpg,/root/autodl-tmp/data/ISIC2017/input/seg_class/mel/ISIC_0013831_segmentation.png,mel,An image of a skin area with melanoma.,train,"The dermoscopic image shows a melanoma, which is a type of skin cancer. The lesion appears to have a color, structure, border, symmetry, and notable patterns. However, without more specific information about the lesion and the patient, it is difficult to provide further details. It is important to consult a healthcare professional for a thorough evaluation and proper diagnosis of the melanoma."
ISIC_0013832,/root/autodl-tmp/data/ISIC2017/input/img_class/mel/ISIC_0013832.jpg,/root/autodl-tmp/data/ISIC2017/input/seg_class/mel/ISIC_0013832_segmentation.png,mel,An image of a skin area with melanoma.,train,"The dermoscopic image shows a lesion with a color that is not specified. The structure of the lesion is not specified either. The border of the lesion is not specified, and its symmetry is not specified. The notable patterns mentioned in the image are not specified. These features are suggestive of melanoma, which is a type of skin cancer."
ISIC_0013839,/root/autodl-tmp/data/ISIC2017/input/img_class/mel/ISIC_0013839.jpg,/root/autodl-tmp/data/ISIC2017/input/seg_class/mel/ISIC_0013839_segmentation.png,mel,An image of a skin area with melanoma.,train,"The dermoscopic image shows a melanoma, which is a malignant skin lesion. The image is taken from an unknown patient, of unknown age, and the location is unspecified. The skin tone is also unspecified. The lesion appears to have a color, structure, border, symmetry, and notable patterns that are characteristic of melanoma."
ISIC_0013840,/root/autodl-tmp/data/ISIC2017/input/img_class/mel/ISIC_0013840.jpg,/root/autodl-tmp/data/ISIC2017/input/seg_class/mel/ISIC_0013840_segmentation.png,mel,An image of a skin area with melanoma.,train,"The dermoscopic image shows a melanoma, which is a type of skin cancer. The lesion appears to be asymmetrical, with an irregular border and an irregular structure. The color of the lesion is not specified, but it is important to note that melanomas can have various colors and patterns. The image also mentions the presence of a ""dot in a circle"" pattern, which is a notable feature often seen in melanomas."
ISIC_0013844,/root/autodl-tmp/data/ISIC2017/input/img_class/mel/ISIC_0013844.jpg,/root/autodl-tmp/data/ISIC2017/input/seg_class/mel/ISIC_0013844_segmentation.png,mel,An image of a skin area with melanoma.,train,"The dermoscopic image shows a melanoma, which is a type of skin cancer. The lesion appears to be asymmetrical, with an irregular border and a mixed color pattern. The image is stained with hematoxylin and eosin (H&E) and has a magnification of ×10."
ISIC_0013845,/root/autodl-tmp/data/ISIC2017/input/img_class/mel/ISIC_0013845.jpg,/root/autodl-tmp/data/ISIC2017/input/seg_class/mel/ISIC_0013845_segmentation.png,mel,An image of a skin area with melanoma.,train,"The dermoscopic image shows a lesion with a color, structure, border, symmetry, and notable patterns that are consistent with melanoma, a type of skin cancer. The image is taken from a patient with unknown age and an unspecified skin tone. The specific details of the lesion's appearance, such as color, structure, border, symmetry, and notable patterns, are important for the diagnosis and further evaluation of the lesion."
ISIC_0013861,/root/autodl-tmp/data/ISIC2017/input/img_class/mel/ISIC_0013861.jpg,/root/autodl-tmp/data/ISIC2017/input/seg_class/mel/ISIC_0013861_segmentation.png,mel,An image of a skin area with melanoma.,train,"The dermoscopic image shows a melanoma, which is a type of skin cancer. The lesion appears to have a color, structure, border, symmetry, and notable patterns that are characteristic of melanoma. It is important to note that the specific details of these features may vary depending on the individual case and the quality of the image."
ISIC_0013865,/root/autodl-tmp/data/ISIC2017/input/img_class/mel/ISIC_0013865.jpg,/root/autodl-tmp/data/ISIC2017/input/seg_class/mel/ISIC_0013865_segmentation.png,mel,An image of a skin area with melanoma.,train,"The dermoscopic image shows a melanoma, which is a type of skin cancer. The lesion appears to have a color, structure, border, symmetry, and notable patterns that are characteristic of melanoma. It is important to note that a healthcare professional should be consulted for a proper diagnosis and treatment plan."
ISIC_0013874,/root/autodl-tmp/data/ISIC2017/input/img_class/mel/ISIC_0013874.jpg,/root/autodl-tmp/data/ISIC2017/input/seg_class/mel/ISIC_0013874_segmentation.png,mel,An image of a skin area with melanoma.,train,"The dermoscopic image shows a melanoma, which is a type of skin cancer. The lesion appears to be asymmetrical, with a color that is not specified. The structure and border of the lesion are also not specified. The image may show notable patterns, such as irregular borders, uneven pigmentation, or other features that are characteristic of melanoma. It is important to consult a healthcare professional for a thorough evaluation and proper diagnosis of the lesion."
ISIC_0013936,/root/autodl-tmp/data/ISIC2017/input/img_class/mel/ISIC_0013936.jpg,/root/autodl-tmp/data/ISIC2017/input/seg_class/mel/ISIC_0013936_segmentation.png,mel,An image of a skin area with melanoma.,train,"The dermoscopic image shows a lesion with a color, structure, border, symmetry, and notable patterns that are suggestive of melanoma. Melanoma is a type of skin cancer that develops from the pigment-producing cells called melanocytes. It is important to consult a healthcare professional for a thorough evaluation and proper diagnosis of the lesion."
ISIC_0013969,/root/autodl-tmp/data/ISIC2017/input/img_class/mel/ISIC_0013969.jpg,/root/autodl-tmp/data/ISIC2017/input/seg_class/mel/ISIC_0013969_segmentation.png,mel,An image of a skin area with melanoma.,train,"The dermoscopic image shows a melanoma, which is a malignant skin lesion. The lesion appears to have a color, structure, border, symmetry, and notable patterns. However, without more specific information, it is difficult to provide further details about the lesion's appearance. It is important to consult a healthcare professional for a thorough evaluation and proper diagnosis of the melanoma."
ISIC_0013972,/root/autodl-tmp/data/ISIC2017/input/img_class/mel/ISIC_0013972.jpg,/root/autodl-tmp/data/ISIC2017/input/seg_class/mel/ISIC_0013972_segmentation.png,mel,An image of a skin area with melanoma.,train,"The dermoscopic image shows a lesion with a color, structure, border, symmetry, and notable patterns that are suggestive of melanoma. Melanoma is a type of skin cancer that develops from the pigment-producing cells called melanocytes. It is important to consult a healthcare professional for a thorough evaluation and proper diagnosis of the lesion."
ISIC_0013975,/root/autodl-tmp/data/ISIC2017/input/img_class/mel/ISIC_0013975.jpg,/root/autodl-tmp/data/ISIC2017/input/seg_class/mel/ISIC_0013975_segmentation.png,mel,An image of a skin area with melanoma.,train,"The dermoscopic image shows a melanoma, which is a malignant skin lesion. The lesion appears to be asymmetrical, with an irregular border. It is important to note that the color, structure, and symmetry of the lesion are not specified in the provided information. However, the presence of a melanoma with an irregular border is a notable pattern that can be observed in the image."
ISIC_0013984,/root/autodl-tmp/data/ISIC2017/input/img_class/mel/ISIC_0013984.jpg,/root/autodl-tmp/data/ISIC2017/input/seg_class/mel/ISIC_0013984_segmentation.png,mel,An image of a skin area with melanoma.,train,"The dermoscopic image shows a melanoma, which is a malignant skin lesion. The lesion appears to have a color, structure, border, symmetry, and notable patterns. However, without more specific information, it is difficult to provide further details about the lesion's appearance. It is important to consult a healthcare professional for a thorough evaluation and proper diagnosis of the melanoma."
ISIC_0013986,/root/autodl-tmp/data/ISIC2017/input/img_class/mel/ISIC_0013986.jpg,/root/autodl-tmp/data/ISIC2017/input/seg_class/mel/ISIC_0013986_segmentation.png,mel,An image of a skin area with melanoma.,train,"The dermoscopic image shows a melanoma, which is a type of skin cancer. The lesion appears to have a color, structure, border, symmetry, and notable patterns. However, without more specific information, it is difficult to provide further details about the lesion's appearance. It is important to consult a healthcare professional for a thorough evaluation and proper diagnosis of the melanoma."
ISIC_0013995,/root/autodl-tmp/data/ISIC2017/input/img_class/mel/ISIC_0013995.jpg,/root/autodl-tmp/data/ISIC2017/input/seg_class/mel/ISIC_0013995_segmentation.png,mel,An image of a skin area with melanoma.,train,"The dermoscopic image shows a melanoma, which is a type of skin cancer. The lesion appears to be asymmetrical, with a color that is not specified. The structure of the lesion is not specified, but it is important to note that melanomas can have various appearances, such as pigmented or non-pigmented, raised or flat, and with or without a border. The border of the lesion is not specified, but it is important to note that melanomas can have irregular or well-defined borders. The symmetry of the lesion is not specified,"
ISIC_0013997,/root/autodl-tmp/data/ISIC2017/input/img_class/mel/ISIC_0013997.jpg,/root/autodl-tmp/data/ISIC2017/input/seg_class/mel/ISIC_0013997_segmentation.png,mel,An image of a skin area with melanoma.,train,"The dermoscopic image shows a melanoma, which is a type of skin cancer. The lesion appears to be asymmetrical, with an irregular border and a mixed color pattern. The image may also show other notable patterns, such as the presence of a ""blue-dot"" pattern or a ""cigar-shaped"" structure. These features can help healthcare professionals in diagnosing melanoma and determining the appropriate course of treatment."
ISIC_0014013,/root/autodl-tmp/data/ISIC2017/input/img_class/mel/ISIC_0014013.jpg,/root/autodl-tmp/data/ISIC2017/input/seg_class/mel/ISIC_0014013_segmentation.png,mel,An image of a skin area with melanoma.,train,"The dermoscopic image shows a melanoma, which is a malignant skin lesion. The lesion appears to be asymmetrical, with an irregular border and a mixed color pattern. The image is taken from an unspecified location on the patient's skin, and the patient's skin tone is unknown. The lesion has a structure that is suggestive of melanoma, and it may exhibit notable patterns such as pigmented network, globules, or other features that can help in the diagnosis."
ISIC_0014044,/root/autodl-tmp/data/ISIC2017/input/img_class/mel/ISIC_0014044.jpg,/root/autodl-tmp/data/ISIC2017/input/seg_class/mel/ISIC_0014044_segmentation.png,mel,An image of a skin area with melanoma.,train,"The dermoscopic image shows a melanoma, which is a malignant skin lesion. The lesion appears to have a color, structure, border, symmetry, and notable patterns. However, without more specific information, it is difficult to provide further details about the lesion's appearance or characteristics. It is important to consult a healthcare professional for a thorough evaluation and proper diagnosis of the melanoma."
ISIC_0014049,/root/autodl-tmp/data/ISIC2017/input/img_class/mel/ISIC_0014049.jpg,/root/autodl-tmp/data/ISIC2017/input/seg_class/mel/ISIC_0014049_segmentation.png,mel,An image of a skin area with melanoma.,train,"The dermoscopic image shows a melanoma, which is a type of skin cancer. The lesion appears to be asymmetrical, with an irregular border and a mixed color pattern. The image also mentions the presence of a ""dot in a circle"" pattern, which is a notable feature often seen in melanomas."
ISIC_0014061,/root/autodl-tmp/data/ISIC2017/input/img_class/mel/ISIC_0014061.jpg,/root/autodl-tmp/data/ISIC2017/input/seg_class/mel/ISIC_0014061_segmentation.png,mel,An image of a skin area with melanoma.,train,"The dermoscopic image shows a lesion with a color, structure, border, symmetry, and notable patterns that are suggestive of melanoma. Melanoma is a type of skin cancer that develops from the pigment-producing cells called melanocytes. It is important to consult a healthcare professional for a thorough evaluation and proper diagnosis of the lesion."
ISIC_0014062,/root/autodl-tmp/data/ISIC2017/input/img_class/mel/ISIC_0014062.jpg,/root/autodl-tmp/data/ISIC2017/input/seg_class/mel/ISIC_0014062_segmentation.png,mel,An image of a skin area with melanoma.,train,"The dermoscopic image shows a melanoma, which is a type of skin cancer. The lesion appears to have a color, structure, border, symmetry, and notable patterns. However, without more specific information, it is difficult to provide further details about the lesion's appearance. It is important to consult a healthcare professional for a thorough evaluation and proper diagnosis of the melanoma."
ISIC_0014072,/root/autodl-tmp/data/ISIC2017/input/img_class/mel/ISIC_0014072.jpg,/root/autodl-tmp/data/ISIC2017/input/seg_class/mel/ISIC_0014072_segmentation.png,mel,An image of a skin area with melanoma.,train,"The dermoscopic image shows a melanoma, which is a type of skin cancer. The lesion appears to have a color, structure, border, symmetry, and notable patterns that are characteristic of melanoma. These features can help healthcare professionals in diagnosing and managing the condition."
ISIC_0014076,/root/autodl-tmp/data/ISIC2017/input/img_class/mel/ISIC_0014076.jpg,/root/autodl-tmp/data/ISIC2017/input/seg_class/mel/ISIC_0014076_segmentation.png,mel,An image of a skin area with melanoma.,train,"The dermoscopic image shows a melanoma, which is a malignant skin lesion. The lesion appears to be asymmetric, with a color that is not specified. The structure of the lesion is not specified, but it is important to note that melanomas can have various appearances, such as pigmented or non-pigmented, raised or flat, and with or without borders. The border of the lesion is not specified, but it is important to note that melanomas can have irregular or well-defined borders. The symmetry of the lesion is not specified,"
ISIC_0014079,/root/autodl-tmp/data/ISIC2017/input/img_class/mel/ISIC_0014079.jpg,/root/autodl-tmp/data/ISIC2017/input/seg_class/mel/ISIC_0014079_segmentation.png,mel,An image of a skin area with melanoma.,train,"The dermoscopic image shows a melanoma, which is a type of skin cancer. The lesion appears to have a color, structure, border, symmetry, and notable patterns that are characteristic of melanoma. However, it is important to note that the specific details of these features may vary depending on the individual case and the quality of the image."
ISIC_0014082,/root/autodl-tmp/data/ISIC2017/input/img_class/mel/ISIC_0014082.jpg,/root/autodl-tmp/data/ISIC2017/input/seg_class/mel/ISIC_0014082_segmentation.png,mel,An image of a skin area with melanoma.,train,"The dermoscopic image shows a lesion with a color, structure, border, symmetry, and notable patterns that are suggestive of melanoma. Melanoma is a type of skin cancer that develops from the pigment-producing cells called melanocytes. It is important to consult a healthcare professional for a thorough evaluation and proper diagnosis of the lesion."
ISIC_0014088,/root/autodl-tmp/data/ISIC2017/input/img_class/mel/ISIC_0014088.jpg,/root/autodl-tmp/data/ISIC2017/input/seg_class/mel/ISIC_0014088_segmentation.png,mel,An image of a skin area with melanoma.,train,"The dermoscopic image shows a melanoma, which is a type of skin cancer. The lesion appears to be asymmetrical, with an irregular border and a mixed color pattern. The image is taken from an unspecified location on the patient's skin, and the patient's skin tone is unspecified. The lesion's structure and notable patterns are also described, but without more specific information, it is difficult to provide further details."
ISIC_0014092,/root/autodl-tmp/data/ISIC2017/input/img_class/mel/ISIC_0014092.jpg,/root/autodl-tmp/data/ISIC2017/input/seg_class/mel/ISIC_0014092_segmentation.png,mel,An image of a skin area with melanoma.,train,"The dermoscopic image shows a melanoma, which is a malignant skin lesion. The lesion appears to have a color, structure, border, symmetry, and notable patterns. These features are characteristic of melanoma and can help healthcare professionals in diagnosing the condition."
ISIC_0014099,/root/autodl-tmp/data/ISIC2017/input/img_class/mel/ISIC_0014099.jpg,/root/autodl-tmp/data/ISIC2017/input/seg_class/mel/ISIC_0014099_segmentation.png,mel,An image of a skin area with melanoma.,train,"The dermoscopic image shows a melanoma, which is a type of skin cancer. The lesion appears to be asymmetrical, with an irregular border and a varied color. The structure of the lesion is described as having a ""globular"" appearance, and it is located on the skin."
ISIC_0014108,/root/autodl-tmp/data/ISIC2017/input/img_class/mel/ISIC_0014108.jpg,/root/autodl-tmp/data/ISIC2017/input/seg_class/mel/ISIC_0014108_segmentation.png,mel,An image of a skin area with melanoma.,train,"The dermoscopic image shows a lesion with a color that is not specified. The lesion has a structure that is not specified, a border that is not specified, and a symmetry that is not specified. The notable pattern mentioned is ""globular blue-gray dots."" These features are consistent with a diagnosis of melanoma, which is a type of skin cancer."
ISIC_0014127,/root/autodl-tmp/data/ISIC2017/input/img_class/mel/ISIC_0014127.jpg,/root/autodl-tmp/data/ISIC2017/input/seg_class/mel/ISIC_0014127_segmentation.png,mel,An image of a skin area with melanoma.,train,"The dermoscopic image shows a melanoma, which is a malignant skin lesion. The lesion appears to have a color, structure, border, symmetry, and notable patterns. These characteristics can help healthcare professionals in diagnosing and managing the condition."
ISIC_0014132,/root/autodl-tmp/data/ISIC2017/input/img_class/mel/ISIC_0014132.jpg,/root/autodl-tmp/data/ISIC2017/input/seg_class/mel/ISIC_0014132_segmentation.png,mel,An image of a skin area with melanoma.,train,"The dermoscopic image shows a lesion with a brown color, a globular structure, a well-defined border, and asymmetry. The lesion also has a ""star sign"" and ""dot in a circle"" pattern. These features are suggestive of melanoma, which is a type of skin cancer."
ISIC_0014133,/root/autodl-tmp/data/ISIC2017/input/img_class/mel/ISIC_0014133.jpg,/root/autodl-tmp/data/ISIC2017/input/seg_class/mel/ISIC_0014133_segmentation.png,mel,An image of a skin area with melanoma.,train,"The dermoscopic image shows a melanoma, which is a type of skin cancer. The lesion appears to be asymmetrical, with an irregular border and a mixed color pattern. The image also shows a ""dot in a circle"" pattern, which is a notable feature often seen in melanomas."
ISIC_0014136,/root/autodl-tmp/data/ISIC2017/input/img_class/mel/ISIC_0014136.jpg,/root/autodl-tmp/data/ISIC2017/input/seg_class/mel/ISIC_0014136_segmentation.png,mel,An image of a skin area with melanoma.,train,"The dermoscopic image shows a melanoma, which is a type of skin cancer. The lesion appears to have a color, structure, border, symmetry, and notable patterns. These characteristics can help healthcare professionals in diagnosing and evaluating the melanoma."
ISIC_0014144,/root/autodl-tmp/data/ISIC2017/input/img_class/mel/ISIC_0014144.jpg,/root/autodl-tmp/data/ISIC2017/input/seg_class/mel/ISIC_0014144_segmentation.png,mel,An image of a skin area with melanoma.,train,"The dermoscopic image shows a melanoma, which is a type of skin cancer. The lesion appears to be asymmetrical, with an irregular border and a variegated color. The image also mentions the presence of a ""dot in a circle"" pattern, which is a notable feature in this case."
ISIC_0014151,/root/autodl-tmp/data/ISIC2017/input/img_class/mel/ISIC_0014151.jpg,/root/autodl-tmp/data/ISIC2017/input/seg_class/mel/ISIC_0014151_segmentation.png,mel,An image of a skin area with melanoma.,train,"The dermoscopic image shows a melanoma, which is a type of skin cancer. The lesion appears to have a color, structure, border, symmetry, and notable patterns that are characteristic of melanoma. It is important to note that the specific details of the lesion's appearance may vary, but the overall features are consistent with a malignant melanoma."
ISIC_0014156,/root/autodl-tmp/data/ISIC2017/input/img_class/mel/ISIC_0014156.jpg,/root/autodl-tmp/data/ISIC2017/input/seg_class/mel/ISIC_0014156_segmentation.png,mel,An image of a skin area with melanoma.,train,"The dermoscopic image shows a melanoma, which is a malignant skin lesion. The lesion appears to be asymmetrical, with an irregular border and a mixed color pattern. The image is taken from an unknown patient, of unknown age, and the skin tone is unspecified. The lesion's structure and notable patterns are also visible in the image."
ISIC_0014157,/root/autodl-tmp/data/ISIC2017/input/img_class/mel/ISIC_0014157.jpg,/root/autodl-tmp/data/ISIC2017/input/seg_class/mel/ISIC_0014157_segmentation.png,mel,An image of a skin area with melanoma.,train,"The dermoscopic image shows a melanoma, which is a type of skin cancer. The lesion appears to have a color, structure, border, symmetry, and notable patterns that are characteristic of melanoma. However, it is important to note that the specific details of the lesion's appearance may vary depending on the individual case and the quality of the image."
ISIC_0014163,/root/autodl-tmp/data/ISIC2017/input/img_class/mel/ISIC_0014163.jpg,/root/autodl-tmp/data/ISIC2017/input/seg_class/mel/ISIC_0014163_segmentation.png,mel,An image of a skin area with melanoma.,train,"The dermoscopic image shows a melanoma, which is a type of skin cancer. The lesion appears to have a color, structure, border, symmetry, and notable patterns. However, it is important to note that the specific details of these features are not provided in the information given. To accurately describe the lesion, more context or details about the image would be needed."
ISIC_0014171,/root/autodl-tmp/data/ISIC2017/input/img_class/mel/ISIC_0014171.jpg,/root/autodl-tmp/data/ISIC2017/input/seg_class/mel/ISIC_0014171_segmentation.png,mel,An image of a skin area with melanoma.,train,"The dermoscopic image shows a melanoma, which is a type of skin cancer. The lesion appears to be asymmetrical, with an irregular border and an uneven surface. The color of the lesion is not specified, but it is important to note that the presence of a melanoma warrants further evaluation and treatment by a healthcare professional."
ISIC_0014173,/root/autodl-tmp/data/ISIC2017/input/img_class/mel/ISIC_0014173.jpg,/root/autodl-tmp/data/ISIC2017/input/seg_class/mel/ISIC_0014173_segmentation.png,mel,An image of a skin area with melanoma.,train,"The dermoscopic image shows a melanoma, which is a type of skin cancer. The lesion appears to be asymmetrical, with an irregular border and an uneven surface. The color of the lesion is not specified, but it is important to note that melanomas can vary in color. The image may also show other notable patterns, such as the presence of pigmented structures or changes in the skin's texture. It is important to consult a healthcare professional for a thorough evaluation and proper diagnosis of the lesion."
ISIC_0014183,/root/autodl-tmp/data/ISIC2017/input/img_class/mel/ISIC_0014183.jpg,/root/autodl-tmp/data/ISIC2017/input/seg_class/mel/ISIC_0014183_segmentation.png,mel,An image of a skin area with melanoma.,train,"The dermoscopic image shows a lesion with a color, structure, border, symmetry, and notable patterns that are consistent with a diagnosis of melanoma. Melanoma is a type of skin cancer that develops from the pigment-producing cells called melanocytes. It is important to consult a healthcare professional for further evaluation and appropriate treatment options."
ISIC_0014187,/root/autodl-tmp/data/ISIC2017/input/img_class/mel/ISIC_0014187.jpg,/root/autodl-tmp/data/ISIC2017/input/seg_class/mel/ISIC_0014187_segmentation.png,mel,An image of a skin area with melanoma.,train,"The dermoscopic image shows a melanoma, which is a type of skin cancer. The lesion appears to be asymmetrical, with an irregular border and a mixed pattern of colors. It is important to note that the image is from a patient with unknown age and skin tone, and the lesion is located at an unspecified location."
ISIC_0014189,/root/autodl-tmp/data/ISIC2017/input/img_class/mel/ISIC_0014189.jpg,/root/autodl-tmp/data/ISIC2017/input/seg_class/mel/ISIC_0014189_segmentation.png,mel,An image of a skin area with melanoma.,train,"The dermoscopic image shows a melanoma, which is a malignant skin lesion. The lesion appears to be asymmetrical, with an irregular border and an uneven surface. The color of the lesion is not specified, but it is important to note that melanomas can vary in color from black to brown, red, or even blue or purple. The image also mentions the presence of a ""salt and pepper"" pattern, which is a notable feature often seen in melanomas."
ISIC_0014190,/root/autodl-tmp/data/ISIC2017/input/img_class/mel/ISIC_0014190.jpg,/root/autodl-tmp/data/ISIC2017/input/seg_class/mel/ISIC_0014190_segmentation.png,mel,An image of a skin area with melanoma.,train,"The dermoscopic image shows a melanoma, which is a type of skin cancer. The lesion appears to have a color, structure, border, symmetry, and notable patterns that are characteristic of melanoma. However, it is important to note that the specific details of the lesion's appearance may vary depending on the individual case and the quality of the image."
ISIC_0014222,/root/autodl-tmp/data/ISIC2017/input/img_class/mel/ISIC_0014222.jpg,/root/autodl-tmp/data/ISIC2017/input/seg_class/mel/ISIC_0014222_segmentation.png,mel,An image of a skin area with melanoma.,train,"The dermoscopic image shows a melanoma, which is a malignant skin lesion. The lesion appears to be asymmetrical, with an irregular border. It has a mixed structure, including a combination of colors such as brown, black, and gray. The lesion also exhibits a ""dot in a circle"" pattern, which is a notable feature often seen in melanomas."
ISIC_0014229,/root/autodl-tmp/data/ISIC2017/input/img_class/mel/ISIC_0014229.jpg,/root/autodl-tmp/data/ISIC2017/input/seg_class/mel/ISIC_0014229_segmentation.png,mel,An image of a skin area with melanoma.,train,"The dermoscopic image shows a melanoma, which is a malignant skin lesion. The lesion appears to be asymmetrical, with an irregular border. It has a mixed color, including shades of brown and black, and a globular structure. The lesion also exhibits a ""dot in a circle"" pattern, which is a notable feature."
ISIC_0014238,/root/autodl-tmp/data/ISIC2017/input/img_class/mel/ISIC_0014238.jpg,/root/autodl-tmp/data/ISIC2017/input/seg_class/mel/ISIC_0014238_segmentation.png,mel,An image of a skin area with melanoma.,train,"The dermoscopic image shows a melanoma, which is a malignant skin lesion. The lesion appears to have a color, structure, border, symmetry, and notable patterns that are characteristic of melanoma. However, it is important to note that the specific details of these features are not provided in the image."
ISIC_0014249,/root/autodl-tmp/data/ISIC2017/input/img_class/mel/ISIC_0014249.jpg,/root/autodl-tmp/data/ISIC2017/input/seg_class/mel/ISIC_0014249_segmentation.png,mel,An image of a skin area with melanoma.,train,"The dermoscopic image shows a lesion with a color, structure, border, symmetry, and notable patterns that are characteristic of melanoma. Melanoma is a type of skin cancer that develops from the pigment-producing cells called melanocytes. It is important to consult a healthcare professional for a thorough evaluation and proper diagnosis of the lesion."
ISIC_0014289,/root/autodl-tmp/data/ISIC2017/input/img_class/mel/ISIC_0014289.jpg,/root/autodl-tmp/data/ISIC2017/input/seg_class/mel/ISIC_0014289_segmentation.png,mel,An image of a skin area with melanoma.,train,"The dermoscopic image shows a melanoma, which is a type of skin cancer. The lesion appears to be asymmetrical, with an irregular border and a mixed structure. The color of the lesion is not specified, but it is important to note that the presence of melanoma can be indicated by various features, such as changes in color, structure, and border."
ISIC_0014290,/root/autodl-tmp/data/ISIC2017/input/img_class/mel/ISIC_0014290.jpg,/root/autodl-tmp/data/ISIC2017/input/seg_class/mel/ISIC_0014290_segmentation.png,mel,An image of a skin area with melanoma.,train,"The dermoscopic image shows a melanoma, which is a malignant skin lesion. The lesion has a color, structure, border, symmetry, and notable patterns that are characteristic of melanoma. However, it is important to note that the specific details of the lesion's appearance may vary depending on the individual patient and the quality of the image."
ISIC_0014291,/root/autodl-tmp/data/ISIC2017/input/img_class/mel/ISIC_0014291.jpg,/root/autodl-tmp/data/ISIC2017/input/seg_class/mel/ISIC_0014291_segmentation.png,mel,An image of a skin area with melanoma.,train,"The dermoscopic image shows a melanoma, which is a type of skin cancer. The lesion appears to be asymmetrical, with an irregular border and a mixed color pattern. The image also shows a notable pattern called the ""cigar sign."" These features are indicative of a malignant melanoma."
ISIC_0014308,/root/autodl-tmp/data/ISIC2017/input/img_class/mel/ISIC_0014308.jpg,/root/autodl-tmp/data/ISIC2017/input/seg_class/mel/ISIC_0014308_segmentation.png,mel,An image of a skin area with melanoma.,train,"The dermoscopic image shows a melanoma, which is a type of skin cancer. The lesion appears to be asymmetrical, with an irregular border and a mixed structure. The color of the lesion is not specified, but it is important to note that melanomas can vary in color. The image also mentions the presence of a ""dot in a circle"" pattern, which is a notable feature often seen in melanomas."
ISIC_0014316,/root/autodl-tmp/data/ISIC2017/input/img_class/mel/ISIC_0014316.jpg,/root/autodl-tmp/data/ISIC2017/input/seg_class/mel/ISIC_0014316_segmentation.png,mel,An image of a skin area with melanoma.,train,"The dermoscopic image shows a melanoma, which is a type of skin cancer. The lesion appears to be asymmetrical, with an irregular border and a mixed color pattern. The image also mentions the presence of a ""dot in a circle"" pattern, which is a notable feature."
ISIC_0014324,/root/autodl-tmp/data/ISIC2017/input/img_class/mel/ISIC_0014324.jpg,/root/autodl-tmp/data/ISIC2017/input/seg_class/mel/ISIC_0014324_segmentation.png,mel,An image of a skin area with melanoma.,train,"The dermoscopic image shows a lesion with a brown color, a globular structure, an irregular border, and asymmetry. The lesion also exhibits a ""salt and pepper"" pattern, which is a notable feature. These characteristics are suggestive of melanoma, a type of skin cancer."
ISIC_0014325,/root/autodl-tmp/data/ISIC2017/input/img_class/mel/ISIC_0014325.jpg,/root/autodl-tmp/data/ISIC2017/input/seg_class/mel/ISIC_0014325_segmentation.png,mel,An image of a skin area with melanoma.,train,"The dermoscopic image shows a melanoma, which is a malignant skin lesion. The lesion appears to be asymmetric, with an irregular border. It has a mixed color, including shades of brown, black, and blue. The lesion has a globular structure, with a central depression and a ""salt and pepper"" pattern. The image is taken from an unknown patient, of unknown age, and the skin tone is unspecified."
ISIC_0014327,/root/autodl-tmp/data/ISIC2017/input/img_class/mel/ISIC_0014327.jpg,/root/autodl-tmp/data/ISIC2017/input/seg_class/mel/ISIC_0014327_segmentation.png,mel,An image of a skin area with melanoma.,train,"The dermoscopic image shows a lesion with a color, structure, border, symmetry, and notable patterns that are consistent with melanoma. Melanoma is a type of skin cancer that develops from the pigment-producing cells called melanocytes. It is important to consult a healthcare professional for a thorough evaluation and proper diagnosis of the lesion."
ISIC_0014331,/root/autodl-tmp/data/ISIC2017/input/img_class/mel/ISIC_0014331.jpg,/root/autodl-tmp/data/ISIC2017/input/seg_class/mel/ISIC_0014331_segmentation.png,mel,An image of a skin area with melanoma.,train,"The dermoscopic image shows a melanoma, which is a type of skin cancer. The lesion appears to be asymmetrical, with an irregular border. It has a mixed color, including shades of brown and black. The lesion has a globular structure and a variegated pattern, which means it has a mix of different colors and textures. These features are characteristic of melanoma, a malignant skin condition."
ISIC_0014337,/root/autodl-tmp/data/ISIC2017/input/img_class/mel/ISIC_0014337.jpg,/root/autodl-tmp/data/ISIC2017/input/seg_class/mel/ISIC_0014337_segmentation.png,mel,An image of a skin area with melanoma.,train,"The dermoscopic image shows a melanoma, which is a type of skin cancer. The lesion appears to be asymmetrical, with an irregular border and a mixed color pattern. The image also mentions the presence of a ""dot in a circle"" pattern, which is a notable feature often seen in melanoma."
ISIC_0014347,/root/autodl-tmp/data/ISIC2017/input/img_class/mel/ISIC_0014347.jpg,/root/autodl-tmp/data/ISIC2017/input/seg_class/mel/ISIC_0014347_segmentation.png,mel,An image of a skin area with melanoma.,train,"The dermoscopic image shows a melanoma, which is a type of skin cancer. The lesion appears to be asymmetrical, with an irregular border and an uneven surface. The color of the lesion is not specified, but it is important to note that melanomas can vary in color. The image also mentions the presence of a notable pattern, which is a characteristic feature of melanoma."
ISIC_0014357,/root/autodl-tmp/data/ISIC2017/input/img_class/mel/ISIC_0014357.jpg,/root/autodl-tmp/data/ISIC2017/input/seg_class/mel/ISIC_0014357_segmentation.png,mel,An image of a skin area with melanoma.,train,"The dermoscopic image shows a lesion with a color, structure, border, symmetry, and notable patterns that are consistent with melanoma. Melanoma is a type of skin cancer that develops from the pigment-producing cells called melanocytes. It is important to consult a healthcare professional for a thorough evaluation and proper diagnosis of the lesion."
ISIC_0014360,/root/autodl-tmp/data/ISIC2017/input/img_class/mel/ISIC_0014360.jpg,/root/autodl-tmp/data/ISIC2017/input/seg_class/mel/ISIC_0014360_segmentation.png,mel,An image of a skin area with melanoma.,train,"The dermoscopic image shows a melanoma, which is a type of skin cancer. The lesion appears to have a color, structure, border, symmetry, and notable patterns. However, without more specific information, it is difficult to provide further details about the lesion's appearance. It is important to consult a healthcare professional for a thorough evaluation and proper diagnosis of the melanoma."
ISIC_0014361,/root/autodl-tmp/data/ISIC2017/input/img_class/mel/ISIC_0014361.jpg,/root/autodl-tmp/data/ISIC2017/input/seg_class/mel/ISIC_0014361_segmentation.png,mel,An image of a skin area with melanoma.,train,"The dermoscopic image shows a melanoma, which is a type of skin cancer. The lesion appears to have a color, structure, border, symmetry, and notable patterns that are characteristic of melanoma. However, it is important to note that the specific details of the lesion, such as its color, structure, border, symmetry, and notable patterns, are not provided in the given information. To accurately describe the lesion, more information would be needed."
ISIC_0014366,/root/autodl-tmp/data/ISIC2017/input/img_class/mel/ISIC_0014366.jpg,/root/autodl-tmp/data/ISIC2017/input/seg_class/mel/ISIC_0014366_segmentation.png,mel,An image of a skin area with melanoma.,train,"The dermoscopic image shows a melanoma, which is a malignant skin lesion. The lesion appears to have an irregular border and an asymmetrical shape. It is important to note that the color, structure, and other features of the lesion may vary depending on the specific case and the quality of the image."
ISIC_0014372,/root/autodl-tmp/data/ISIC2017/input/img_class/mel/ISIC_0014372.jpg,/root/autodl-tmp/data/ISIC2017/input/seg_class/mel/ISIC_0014372_segmentation.png,mel,An image of a skin area with melanoma.,train,"The dermoscopic image shows a lesion with a color, structure, border, symmetry, and notable patterns that are suggestive of melanoma. Melanoma is a type of skin cancer that develops from the pigment-producing cells called melanocytes. It is important to consult a healthcare professional for a thorough evaluation and proper diagnosis of the lesion."
ISIC_0014385,/root/autodl-tmp/data/ISIC2017/input/img_class/mel/ISIC_0014385.jpg,/root/autodl-tmp/data/ISIC2017/input/seg_class/mel/ISIC_0014385_segmentation.png,mel,An image of a skin area with melanoma.,train,"The dermoscopic image shows a lesion with a color, structure, border, symmetry, and notable patterns that are suggestive of melanoma. Melanoma is a type of skin cancer that develops from the pigment-producing cells called melanocytes. It is important to consult a healthcare professional for a thorough evaluation and proper diagnosis of the lesion."
ISIC_0014395,/root/autodl-tmp/data/ISIC2017/input/img_class/mel/ISIC_0014395.jpg,/root/autodl-tmp/data/ISIC2017/input/seg_class/mel/ISIC_0014395_segmentation.png,mel,An image of a skin area with melanoma.,train,"The dermoscopic image shows a lesion with a color, structure, border, symmetry, and notable patterns that are consistent with a diagnosis of melanoma. Melanoma is a type of skin cancer that develops from the pigment-producing cells called melanocytes. It is important to consult a healthcare professional for further evaluation and appropriate treatment."
ISIC_0014422,/root/autodl-tmp/data/ISIC2017/input/img_class/mel/ISIC_0014422.jpg,/root/autodl-tmp/data/ISIC2017/input/seg_class/mel/ISIC_0014422_segmentation.png,mel,An image of a skin area with melanoma.,train,"The dermoscopic image shows a melanoma, which is a malignant skin lesion. The lesion appears to be asymmetrical, with a color that is not explicitly mentioned. The structure of the lesion is not specified, but it is important to note that melanomas can have various appearances, such as pigmented or non-pigmented, raised or flat, and with or without borders. The border of the lesion is not explicitly mentioned, but it is important to note that melanomas can have irregular or well-defined borders. The symmetry of the lesion is"
ISIC_0014476,/root/autodl-tmp/data/ISIC2017/input/img_class/mel/ISIC_0014476.jpg,/root/autodl-tmp/data/ISIC2017/input/seg_class/mel/ISIC_0014476_segmentation.png,mel,An image of a skin area with melanoma.,train,"The dermoscopic image shows a melanoma, which is a type of skin cancer. The lesion appears to have a color, structure, border, symmetry, and notable patterns. However, without more specific information, it is difficult to provide further details about the lesion's appearance. It is important to consult a healthcare professional for a thorough evaluation and proper diagnosis of the melanoma."
ISIC_0014480,/root/autodl-tmp/data/ISIC2017/input/img_class/mel/ISIC_0014480.jpg,/root/autodl-tmp/data/ISIC2017/input/seg_class/mel/ISIC_0014480_segmentation.png,mel,An image of a skin area with melanoma.,train,"This dermoscopic image shows a melanoma, which is a type of skin cancer. The lesion appears to be asymmetrical, with an irregular border. It has a mixed color, including brown, blue, and black, and a globular structure. The lesion also shows a dotted pattern and a blue-gray color. These features are characteristic of melanoma and can help healthcare professionals in diagnosing the condition."
ISIC_0014486,/root/autodl-tmp/data/ISIC2017/input/img_class/mel/ISIC_0014486.jpg,/root/autodl-tmp/data/ISIC2017/input/seg_class/mel/ISIC_0014486_segmentation.png,mel,An image of a skin area with melanoma.,train,"The dermoscopic image shows a melanoma, which is a type of skin cancer. The lesion appears to have a color, structure, border, symmetry, and notable patterns that are characteristic of melanoma. However, it is important to note that the specific details of the lesion's appearance may vary depending on the individual case and the quality of the image."
ISIC_0014501,/root/autodl-tmp/data/ISIC2017/input/img_class/mel/ISIC_0014501.jpg,/root/autodl-tmp/data/ISIC2017/input/seg_class/mel/ISIC_0014501_segmentation.png,mel,An image of a skin area with melanoma.,train,"The dermoscopic image shows a melanoma, which is a type of skin cancer. The lesion appears to be asymmetrical, with an irregular border and a mixed color pattern. The image also mentions the presence of a ""blue-dot"" pattern, which is a notable feature in some melanomas."
ISIC_0014507,/root/autodl-tmp/data/ISIC2017/input/img_class/mel/ISIC_0014507.jpg,/root/autodl-tmp/data/ISIC2017/input/seg_class/mel/ISIC_0014507_segmentation.png,mel,An image of a skin area with melanoma.,train,"The dermoscopic image shows a melanoma, which is a type of skin cancer. The lesion appears to be asymmetrical, with an irregular border and a mixed color pattern. The image also mentions the presence of a ""dot in a circle"" pattern, which is a notable feature in some melanomas."
ISIC_0014518,/root/autodl-tmp/data/ISIC2017/input/img_class/mel/ISIC_0014518.jpg,/root/autodl-tmp/data/ISIC2017/input/seg_class/mel/ISIC_0014518_segmentation.png,mel,An image of a skin area with melanoma.,train,"The dermoscopic image shows a melanoma, which is a type of skin cancer. The lesion appears to be asymmetrical, with a color that is not specified in the provided information. The structure of the lesion is not specified either. The border of the lesion is irregular, and there is no symmetry observed. The notable patterns mentioned in the context include a ""star sign"" and ""globules."" These patterns are often associated with melanoma and can help healthcare professionals in their diagnosis."
ISIC_0014525,/root/autodl-tmp/data/ISIC2017/input/img_class/mel/ISIC_0014525.jpg,/root/autodl-tmp/data/ISIC2017/input/seg_class/mel/ISIC_0014525_segmentation.png,mel,An image of a skin area with melanoma.,train,"The dermoscopic image shows a lesion with a color, structure, border, symmetry, and notable patterns that are consistent with melanoma. Melanoma is a type of skin cancer that develops from the pigment-producing cells called melanocytes. It is important to consult a healthcare professional for a thorough evaluation and proper diagnosis of any skin lesion."
ISIC_0014527,/root/autodl-tmp/data/ISIC2017/input/img_class/mel/ISIC_0014527.jpg,/root/autodl-tmp/data/ISIC2017/input/seg_class/mel/ISIC_0014527_segmentation.png,mel,An image of a skin area with melanoma.,train,"The dermoscopic image shows a melanoma, which is a type of skin cancer. The lesion appears to have a color, structure, border, symmetry, and notable patterns that are characteristic of melanoma. However, without more specific information about the lesion's appearance and the patient's skin tone, it is difficult to provide further details. It is important to consult a healthcare professional for a thorough evaluation and proper diagnosis of the lesion."
ISIC_0014543,/root/autodl-tmp/data/ISIC2017/input/img_class/mel/ISIC_0014543.jpg,/root/autodl-tmp/data/ISIC2017/input/seg_class/mel/ISIC_0014543_segmentation.png,mel,An image of a skin area with melanoma.,train,"The image shows a melanoma, which is a type of skin cancer. The lesion appears to be asymmetrical, with an irregular border and a mixed color pattern. The lesion has a globular structure and a central depression. Additionally, there are some notable patterns, such as a ""star sign"" and ""blue-gray dots."" These features are characteristic of melanoma and can help healthcare professionals in diagnosing the condition."
ISIC_0014545,/root/autodl-tmp/data/ISIC2017/input/img_class/mel/ISIC_0014545.jpg,/root/autodl-tmp/data/ISIC2017/input/seg_class/mel/ISIC_0014545_segmentation.png,mel,An image of a skin area with melanoma.,train,"The dermoscopic image shows a lesion with a color, structure, border, symmetry, and notable patterns that are consistent with a diagnosis of melanoma. Melanoma is a type of skin cancer that arises from the pigment-producing cells called melanocytes. It is important to consult a healthcare professional for further evaluation and appropriate treatment."
ISIC_0014557,/root/autodl-tmp/data/ISIC2017/input/img_class/mel/ISIC_0014557.jpg,/root/autodl-tmp/data/ISIC2017/input/seg_class/mel/ISIC_0014557_segmentation.png,mel,An image of a skin area with melanoma.,train,"The dermoscopic image shows a melanoma, which is a malignant skin lesion. The lesion appears to have a color, structure, border, symmetry, and notable patterns. However, without more specific information, it is difficult to provide further details about the lesion's appearance. It is important to consult a healthcare professional for a thorough evaluation and proper diagnosis of the melanoma."
ISIC_0014722,/root/autodl-tmp/data/ISIC2017/input/img_class/mel/ISIC_0014722.jpg,/root/autodl-tmp/data/ISIC2017/input/seg_class/mel/ISIC_0014722_segmentation.png,mel,An image of a skin area with melanoma.,train,"The dermoscopic image shows a melanoma, which is a type of skin cancer. The lesion appears to have a color, structure, border, symmetry, and notable patterns. However, without more specific information, it is difficult to provide further details about the lesion's appearance. It is important to consult a healthcare professional for a thorough evaluation and proper diagnosis of the melanoma."
ISIC_0014735,/root/autodl-tmp/data/ISIC2017/input/img_class/mel/ISIC_0014735.jpg,/root/autodl-tmp/data/ISIC2017/input/seg_class/mel/ISIC_0014735_segmentation.png,mel,An image of a skin area with melanoma.,train,"The dermoscopic image shows a melanoma, which is a type of skin cancer. The lesion appears to be asymmetrical, with an irregular border. It has a mixed color, including shades of brown, black, and grey. The lesion has a globular structure and a nodular pattern. These features are consistent with the diagnosis of melanoma."
ISIC_0014788,/root/autodl-tmp/data/ISIC2017/input/img_class/mel/ISIC_0014788.jpg,/root/autodl-tmp/data/ISIC2017/input/seg_class/mel/ISIC_0014788_segmentation.png,mel,An image of a skin area with melanoma.,train,"The dermoscopic image shows a melanoma, which is a type of skin cancer. The lesion appears to have a color, structure, border, symmetry, and notable patterns that are characteristic of melanoma. It is important to note that the specific details of the lesion's appearance may vary, but the overall features are consistent with a malignant melanoma."
ISIC_0014795,/root/autodl-tmp/data/ISIC2017/input/img_class/mel/ISIC_0014795.jpg,/root/autodl-tmp/data/ISIC2017/input/seg_class/mel/ISIC_0014795_segmentation.png,mel,An image of a skin area with melanoma.,train,"The dermoscopic image shows a melanoma, which is a malignant skin lesion. The lesion appears to have a color, structure, border, symmetry, and notable patterns that are characteristic of melanoma. However, without more specific information about the patient's skin tone and the exact location of the lesion, it is difficult to provide further details."
ISIC_0014832,/root/autodl-tmp/data/ISIC2017/input/img_class/mel/ISIC_0014832.jpg,/root/autodl-tmp/data/ISIC2017/input/seg_class/mel/ISIC_0014832_segmentation.png,mel,An image of a skin area with melanoma.,train,"The dermoscopic image shows a melanoma, which is a type of skin cancer. The lesion appears to be asymmetrical, with an irregular border and a mixed color pattern. The image also shows a notable pattern called ""atlas"" and a ""blue-dot"" pattern. These patterns are often associated with melanoma and can help healthcare professionals in diagnosing the condition."
ISIC_0014891,/root/autodl-tmp/data/ISIC2017/input/img_class/mel/ISIC_0014891.jpg,/root/autodl-tmp/data/ISIC2017/input/seg_class/mel/ISIC_0014891_segmentation.png,mel,An image of a skin area with melanoma.,train,"The dermoscopic image shows a melanoma, which is a malignant skin lesion. The lesion appears to have a color, structure, border, symmetry, and notable patterns. However, without more specific information, it is difficult to provide further details about the lesion's appearance. It is important to consult a healthcare professional for a thorough evaluation and proper diagnosis of the melanoma."
ISIC_0014897,/root/autodl-tmp/data/ISIC2017/input/img_class/mel/ISIC_0014897.jpg,/root/autodl-tmp/data/ISIC2017/input/seg_class/mel/ISIC_0014897_segmentation.png,mel,An image of a skin area with melanoma.,train,"The dermoscopic image shows a melanoma, which is a type of skin cancer. The lesion appears to be asymmetrical, with an irregular border and an uneven surface. Additionally, there are notable patterns such as the presence of a ""dot in a circle"" pattern and a ""star sign."" These features are characteristic of melanoma and can help healthcare professionals in diagnosing the condition."
ISIC_0014919,/root/autodl-tmp/data/ISIC2017/input/img_class/mel/ISIC_0014919.jpg,/root/autodl-tmp/data/ISIC2017/input/seg_class/mel/ISIC_0014919_segmentation.png,mel,An image of a skin area with melanoma.,train,"The dermoscopic image shows a lesion with a color, structure, border, symmetry, and notable patterns that are indicative of melanoma. Melanoma is a type of skin cancer that develops from the pigment-producing cells called melanocytes. It is important to note that a healthcare professional should be consulted for a thorough evaluation and proper diagnosis of any skin lesion."
ISIC_0014920,/root/autodl-tmp/data/ISIC2017/input/img_class/mel/ISIC_0014920.jpg,/root/autodl-tmp/data/ISIC2017/input/seg_class/mel/ISIC_0014920_segmentation.png,mel,An image of a skin area with melanoma.,train,"The dermoscopic image shows a melanoma, which is a malignant skin lesion. The lesion appears to be asymmetrical, with a color that is not specified in the provided information. The structure of the lesion is not specified, but it is important to note that melanomas can have various appearances, such as pigmented or non-pigmented, raised or flat, and with or without borders. The border of the lesion is also not specified, but it is important to note that melanomas can have irregular or well-defined borders. The symmetry of the"
ISIC_0014922,/root/autodl-tmp/data/ISIC2017/input/img_class/mel/ISIC_0014922.jpg,/root/autodl-tmp/data/ISIC2017/input/seg_class/mel/ISIC_0014922_segmentation.png,mel,An image of a skin area with melanoma.,train,"The dermoscopic image shows a melanoma, which is a type of skin cancer. The lesion appears to be asymmetric, with an irregular border and a mixed color pattern. The image is taken from an unknown patient, of an unknown age, and the skin tone is unspecified. The lesion's structure, border, symmetry, and notable patterns are also mentioned, but without more specific information, it is difficult to provide further details."
ISIC_0014951,/root/autodl-tmp/data/ISIC2017/input/img_class/mel/ISIC_0014951.jpg,/root/autodl-tmp/data/ISIC2017/input/seg_class/mel/ISIC_0014951_segmentation.png,mel,An image of a skin area with melanoma.,train,"The dermoscopic image shows a melanoma, which is a type of skin cancer. The lesion appears to be asymmetrical, with a color that is not specified. The structure of the lesion is not described, but it is important to note that the border of the lesion is irregular, which is a common feature of melanoma. Additionally, there is a notable pattern of color variation within the lesion."
ISIC_0014975,/root/autodl-tmp/data/ISIC2017/input/img_class/mel/ISIC_0014975.jpg,/root/autodl-tmp/data/ISIC2017/input/seg_class/mel/ISIC_0014975_segmentation.png,mel,An image of a skin area with melanoma.,train,"The dermoscopic image shows a lesion with a color, structure, border, symmetry, and notable patterns that are suggestive of melanoma. Melanoma is a type of skin cancer that develops from the pigment-producing cells called melanocytes. It is important to consult a healthcare professional for a thorough evaluation and proper diagnosis of the lesion."
ISIC_0014983,/root/autodl-tmp/data/ISIC2017/input/img_class/mel/ISIC_0014983.jpg,/root/autodl-tmp/data/ISIC2017/input/seg_class/mel/ISIC_0014983_segmentation.png,mel,An image of a skin area with melanoma.,train,"The dermoscopic image shows a lesion with a color, structure, border, symmetry, and notable patterns that are consistent with melanoma. Melanoma is a type of skin cancer that develops from the pigment-producing cells called melanocytes. It is important to consult a healthcare professional for a thorough evaluation and proper diagnosis of the lesion."
ISIC_0014987,/root/autodl-tmp/data/ISIC2017/input/img_class/mel/ISIC_0014987.jpg,/root/autodl-tmp/data/ISIC2017/input/seg_class/mel/ISIC_0014987_segmentation.png,mel,An image of a skin area with melanoma.,train,"The dermoscopic image shows a melanoma, which is a type of skin cancer. The lesion appears to have a color, structure, border, symmetry, and notable patterns. However, without more specific information, it is difficult to provide further details about the lesion's appearance. It is important to consult a healthcare professional for a thorough evaluation and proper diagnosis of the melanoma."
ISIC_0015005,/root/autodl-tmp/data/ISIC2017/input/img_class/mel/ISIC_0015005.jpg,/root/autodl-tmp/data/ISIC2017/input/seg_class/mel/ISIC_0015005_segmentation.png,mel,An image of a skin area with melanoma.,train,"The dermoscopic image shows a melanoma, which is a type of skin cancer. The lesion appears to be asymmetrical, with an irregular border and a mixed color pattern. The image also mentions the presence of a ""dot in a circle"" pattern, which is a notable feature often seen in melanomas."
ISIC_0015045,/root/autodl-tmp/data/ISIC2017/input/img_class/mel/ISIC_0015045.jpg,/root/autodl-tmp/data/ISIC2017/input/seg_class/mel/ISIC_0015045_segmentation.png,mel,An image of a skin area with melanoma.,train,"The dermoscopic image shows a melanoma, which is a type of skin cancer. The lesion appears to have a color, structure, border, symmetry, and notable patterns that are characteristic of melanoma. However, it is important to note that the specific details of the lesion's appearance may vary depending on the individual case and the quality of the image."
ISIC_0015079,/root/autodl-tmp/data/ISIC2017/input/img_class/mel/ISIC_0015079.jpg,/root/autodl-tmp/data/ISIC2017/input/seg_class/mel/ISIC_0015079_segmentation.png,mel,An image of a skin area with melanoma.,train,"The dermoscopic image shows a melanoma, which is a malignant skin lesion. The lesion appears to be asymmetrical, with an irregular border and a mixed pattern of colors. The image is taken from an unspecified location on the patient's skin, but the skin tone is unspecified. The lesion's color, structure, and border are notable features in the image."
ISIC_0015082,/root/autodl-tmp/data/ISIC2017/input/img_class/mel/ISIC_0015082.jpg,/root/autodl-tmp/data/ISIC2017/input/seg_class/mel/ISIC_0015082_segmentation.png,mel,An image of a skin area with melanoma.,train,"The dermoscopic image shows a melanoma, which is a type of skin cancer. The lesion appears to be asymmetrical, with an irregular border and a mixed color pattern. The image also mentions the presence of a ""dot in a circle"" pattern, which is a notable feature in this case."
ISIC_0015109,/root/autodl-tmp/data/ISIC2017/input/img_class/mel/ISIC_0015109.jpg,/root/autodl-tmp/data/ISIC2017/input/seg_class/mel/ISIC_0015109_segmentation.png,mel,An image of a skin area with melanoma.,train,"The dermoscopic image shows a melanoma, which is a type of skin cancer. The lesion appears to be asymmetrical, with an irregular border. The color of the lesion is described as black, and it has a globular structure. Additionally, there are notable patterns such as a central depression and a ""salt and pepper"" pattern. These features are characteristic of melanoma, which is a malignant skin condition."
ISIC_0015110,/root/autodl-tmp/data/ISIC2017/input/img_class/mel/ISIC_0015110.jpg,/root/autodl-tmp/data/ISIC2017/input/seg_class/mel/ISIC_0015110_segmentation.png,mel,An image of a skin area with melanoma.,train,"The dermoscopic image shows a melanoma, which is a malignant skin lesion. The lesion appears to have a color, structure, border, symmetry, and notable patterns. These features can help healthcare professionals in diagnosing and managing the condition."
ISIC_0015166,/root/autodl-tmp/data/ISIC2017/input/img_class/mel/ISIC_0015166.jpg,/root/autodl-tmp/data/ISIC2017/input/seg_class/mel/ISIC_0015166_segmentation.png,mel,An image of a skin area with melanoma.,train,"The dermoscopic image shows a melanoma, which is a type of skin cancer. The lesion appears to be asymmetrical, with an irregular border and a mixed color pattern. The image also shows a notable pattern called the ""pigment network."" These features are indicative of a malignant skin lesion."
ISIC_0015189,/root/autodl-tmp/data/ISIC2017/input/img_class/mel/ISIC_0015189.jpg,/root/autodl-tmp/data/ISIC2017/input/seg_class/mel/ISIC_0015189_segmentation.png,mel,An image of a skin area with melanoma.,train,"The dermoscopic image shows a melanoma, which is a malignant skin lesion. The lesion appears to have a color, structure, border, symmetry, and notable patterns. However, without more specific information, it is difficult to provide further details about the lesion's appearance. It is important to consult a healthcare professional for a thorough evaluation and proper diagnosis of the melanoma."
ISIC_0015190,/root/autodl-tmp/data/ISIC2017/input/img_class/mel/ISIC_0015190.jpg,/root/autodl-tmp/data/ISIC2017/input/seg_class/mel/ISIC_0015190_segmentation.png,mel,An image of a skin area with melanoma.,train,"The dermoscopic image shows a melanoma, which is a type of skin cancer. The lesion appears to be asymmetrical, with an irregular border. The color of the lesion is not specified, but it is important to note that melanomas can have various colors, including black, brown, or even red, pink, or blue. The structure of the lesion may also vary, and it is important to consult a healthcare professional for a thorough evaluation and proper diagnosis."
ISIC_0015200,/root/autodl-tmp/data/ISIC2017/input/img_class/mel/ISIC_0015200.jpg,/root/autodl-tmp/data/ISIC2017/input/seg_class/mel/ISIC_0015200_segmentation.png,mel,An image of a skin area with melanoma.,train,"The dermoscopic image shows a melanoma, which is a malignant skin lesion. The lesion appears to be asymmetrical, with an irregular border. It has a mixed color, including shades of brown and black, and a globular structure. The lesion also exhibits a dotted pattern and a ""salt and pepper"" pattern. These features are characteristic of melanoma and can help healthcare professionals in diagnosing the condition."
ISIC_0015204,/root/autodl-tmp/data/ISIC2017/input/img_class/mel/ISIC_0015204.jpg,/root/autodl-tmp/data/ISIC2017/input/seg_class/mel/ISIC_0015204_segmentation.png,mel,An image of a skin area with melanoma.,train,"The dermoscopic image shows a melanoma, which is a type of skin cancer. The lesion appears to be asymmetrical, with an irregular border and an uneven color. The structure of the lesion is not specified, but it is important to note that the presence of these features can be indicative of a malignant growth."
ISIC_0015219,/root/autodl-tmp/data/ISIC2017/input/img_class/mel/ISIC_0015219.jpg,/root/autodl-tmp/data/ISIC2017/input/seg_class/mel/ISIC_0015219_segmentation.png,mel,An image of a skin area with melanoma.,train,"The dermoscopic image shows a melanoma, which is a type of skin cancer. The lesion appears to be asymmetrical, with an irregular border and a mixed color pattern. The image also mentions the presence of a ""dot in a circle"" pattern, which is a notable feature often seen in melanomas."
ISIC_0015284,/root/autodl-tmp/data/ISIC2017/input/img_class/mel/ISIC_0015284.jpg,/root/autodl-tmp/data/ISIC2017/input/seg_class/mel/ISIC_0015284_segmentation.png,mel,An image of a skin area with melanoma.,train,"The dermoscopic image shows a melanoma, which is a type of skin cancer. The lesion appears to be asymmetrical, with an irregular border and an uneven surface. The lesion is also described as having a ""globular"" structure and a ""variegated"" color. These features are characteristic of melanoma, which is a malignant skin condition."
