"model","metric","group_1","group_2","n","mean_difference","cohen_dz","p_raw","p_wilcoxon","p_holm"
"efficientnet_b0","accuracy","ArSDM","Controlnet","5","-0.013333333333333374","-0.8528028654224441","0.12920298463940935","0.14077277337135014","1.0"
"efficientnet_b0","accuracy","ArSDM","DFMGAN","5","0.02666666666666666","2.5298221281346995","0.004812678330044252","0.0625","0.17325641988159307"
"efficientnet_b0","accuracy","ArSDM","Derm-T2IM","5","-0.005333333333333345","-0.4472135954999591","0.3739009663000578","0.4375","1.0"
"efficientnet_b0","accuracy","ArSDM","DreamBooth","5","0.03733333333333331","2.7005598041543064","0.0037922180136553746","0.0625","0.14031206650524886"
"efficientnet_b0","accuracy","ArSDM","LesionGen","5","-0.022666666666666703","-0.8991060050915084","0.11473845635455437","0.14412703481601533","1.0"
"efficientnet_b0","accuracy","ArSDM","Siamese","5","-0.001333333333333342","-0.08032193289025027","0.866193692226412","0.6547208460185769","1.0"
"efficientnet_b0","accuracy","ArSDM","T2I-Adapter","5","-0.00800000000000003","-0.6238502938920459","0.23549636025944154","0.14412703481601533","1.0"
"efficientnet_b0","accuracy","ArSDM","baseline","5","-0.040000000000000015","-1.7693034738587656","0.016729655686679182","0.0625","0.5018896706003755"
"efficientnet_b0","accuracy","ArSDM","flow","5","-0.00800000000000003","-0.5535187248173329","0.283511064227641","0.14077277337135014","1.0"
"efficientnet_b0","accuracy","Controlnet","DFMGAN","5","0.040000000000000036","2.828427124746187","0.003198202152335317","0.0625","0.12764712645073079"
"efficientnet_b0","accuracy","Controlnet","Derm-T2IM","5","0.00800000000000003","0.32420593617498067","0.5086214066288283","0.4375","1.0"
"efficientnet_b0","accuracy","Controlnet","DreamBooth","5","0.05066666666666668","8.497058314499219","4.5202131079409315e-05","0.0625","0.0020340958985734193"
"efficientnet_b0","accuracy","Controlnet","LesionGen","5","-0.009333333333333327","-0.34676418323264857","0.4813989233131691","0.4652088184521418","1.0"
"efficientnet_b0","accuracy","Controlnet","Siamese","5","0.012000000000000033","0.7893522173763262","0.1523174113913015","0.14077277337135014","1.0"
"efficientnet_b0","accuracy","Controlnet","T2I-Adapter","5","0.005333333333333345","0.41590019592802885","0.40502331430906074","0.4142161782425252","1.0"
"efficientnet_b0","accuracy","Controlnet","baseline","5","-0.026666666666666637","-0.8834522085987714","0.11942062412320867","0.14412703481601533","1.0"
"efficientnet_b0","accuracy","Controlnet","flow","5","0.005333333333333345","0.3090669637145026","0.5275206451698221","0.4652088184521418","1.0"
"efficientnet_b0","accuracy","DFMGAN","Derm-T2IM","5","-0.03200000000000001","-1.9277263893659993","0.012540816801036022","0.0625","0.40647263151793167"
"efficientnet_b0","accuracy","DFMGAN","DreamBooth","5","0.010666666666666647","0.8807710121010863","0.12024334063356516","0.1875","1.0"
"efficientnet_b0","accuracy","DFMGAN","LesionGen","5","-0.04933333333333336","-2.494539491114002","0.0050639133239292","0.0625","0.177236966337522"
"efficientnet_b0","accuracy","DFMGAN","Siamese","5","-0.028000000000000004","-1.254990039801111","0.04850207488314713","0.0625","1.0"
"efficientnet_b0","accuracy","DFMGAN","T2I-Adapter","5","-0.03466666666666669","-2.1780403231168157","0.008218229702578036","0.0625","0.27941980988765325"
"efficientnet_b0","accuracy","DFMGAN","baseline","5","-0.06666666666666668","-3.6514837167011174","0.0012249151231905936","0.0625","0.052671350297195524"
"efficientnet_b0","accuracy","DFMGAN","flow","5","-0.03466666666666669","-1.937925580499819","0.012317352470240354","0.0625","0.40647263151793167"
"efficientnet_b0","accuracy","Derm-T2IM","DreamBooth","5","0.04266666666666665","1.8248510352390432","0.015092344138614123","0.0625","0.4678626682970378"
"efficientnet_b0","accuracy","Derm-T2IM","LesionGen","5","-0.017333333333333357","-0.5918268896877824","0.25628682442771794","0.3125","1.0"
"efficientnet_b0","accuracy","Derm-T2IM","Siamese","5","0.0040000000000000036","0.1486132213854209","0.7563404785450806","0.625","1.0"
"efficientnet_b0","accuracy","Derm-T2IM","T2I-Adapter","5","-0.002666666666666684","-0.14804664203952206","0.7572283499374879","0.7150006546880893","1.0"
"efficientnet_b0","accuracy","Derm-T2IM","baseline","5","-0.034666666666666665","-1.3123616093251804","0.04262083042147949","0.0625","1.0"
"efficientnet_b0","accuracy","Derm-T2IM","flow","5","-0.002666666666666684","-0.10577717706958967","0.8246438930690565","1.0","1.0"
"efficientnet_b0","accuracy","DreamBooth","LesionGen","5","-0.06000000000000001","-2.7774602993176525","0.003420200194211694","0.0625","0.12996760738004437"
"efficientnet_b0","accuracy","DreamBooth","Siamese","5","-0.03866666666666665","-2.830110211550736","0.00319117816126827","0.0625","0.12764712645073079"
"efficientnet_b0","accuracy","DreamBooth","T2I-Adapter","5","-0.04533333333333334","-4.138348212261246","0.0007582732429624566","0.0625","0.03336402269034809"
"efficientnet_b0","accuracy","DreamBooth","baseline","5","-0.07733333333333332","-2.965597956876498","0.0026830614693927612","0.0625","0.11000552024510321"
"efficientnet_b0","accuracy","DreamBooth","flow","5","-0.04533333333333334","-3.5351516653882387","0.0013855069102196751","0.0625","0.05819129022922635"
"efficientnet_b0","accuracy","LesionGen","Siamese","5","0.02133333333333336","0.703339171622173","0.19089036663397424","0.1875","1.0"
"efficientnet_b0","accuracy","LesionGen","T2I-Adapter","5","0.014666666666666672","0.5943775496541291","0.25456689849199327","0.27332167829229814","1.0"
"efficientnet_b0","accuracy","LesionGen","baseline","5","-0.01733333333333331","-0.9970544855015833","0.08966251702034485","0.125","1.0"
"efficientnet_b0","accuracy","LesionGen","flow","5","0.014666666666666672","0.6573757351339166","0.21552295024742057","0.3125","1.0"
"efficientnet_b0","accuracy","Siamese","T2I-Adapter","5","-0.006666666666666687","-0.44721359549995754","0.37390096630005926","0.3572725590318747","1.0"
"efficientnet_b0","accuracy","Siamese","baseline","5","-0.03866666666666667","-1.1790176608635243","0.05779983282712841","0.125","1.0"
"efficientnet_b0","accuracy","Siamese","flow","5","-0.006666666666666687","-0.6324555320336759","0.23019964108049873","0.1974660733580187","1.0"
"efficientnet_b0","accuracy","T2I-Adapter","baseline","5","-0.03199999999999999","-1.055008757433259","0.0777416409478998","0.10880943004054568","1.0"
"efficientnet_b0","accuracy","T2I-Adapter","flow","5","0.0","0.0","1.0","1.0","1.0"
"efficientnet_b0","accuracy","baseline","flow","5","0.03199999999999999","1.3742360023532831","0.037188284953742504","0.125","1.0"
"efficientnet_b0","balanced_accuracy","ArSDM","Controlnet","5","-0.03663003663003654","-3.800361896136071","0.0010515867449373108","0.0625","0.04092082148818742"
"efficientnet_b0","balanced_accuracy","ArSDM","DFMGAN","5","0.03389499389499393","3.132516503749562","0.002186833208139523","0.0625","0.0765391622848833"
"efficientnet_b0","balanced_accuracy","ArSDM","Derm-T2IM","5","-0.017435897435897418","-1.075717278617078","0.07392412293682374","0.0625","1.0"
"efficientnet_b0","balanced_accuracy","ArSDM","DreamBooth","5","0.05357753357753361","5.628555973627428","0.00022938385353019273","0.0625","0.01009288955532848"
"efficientnet_b0","balanced_accuracy","ArSDM","LesionGen","5","-0.030891330891330848","-0.9328270621817345","0.105321931020795","0.14412703481601533","1.0"
"efficientnet_b0","balanced_accuracy","ArSDM","Siamese","5","-0.03948717948717943","-2.5769292432323967","0.004500599673696176","0.0625","0.1305173905371891"
"efficientnet_b0","balanced_accuracy","ArSDM","T2I-Adapter","5","-0.030671550671550606","-1.8797793467861394","0.013659353788223761","0.0625","0.3551431984938178"
"efficientnet_b0","balanced_accuracy","ArSDM","baseline","5","-0.049865689865689865","-1.5288665260781396","0.02681340758259175","0.0625","0.6703351895647938"
"efficientnet_b0","balanced_accuracy","ArSDM","flow","5","-0.04229548229548228","-1.9990652674927893","0.01107428759323464","0.0625","0.2990057650173353"
"efficientnet_b0","balanced_accuracy","Controlnet","DFMGAN","5","0.07052503052503048","4.2265086664996545","0.0006991076856339732","0.0625","0.02796430742535893"
"efficientnet_b0","balanced_accuracy","Controlnet","Derm-T2IM","5","0.019194139194139127","0.7773258300115016","0.15717693357971363","0.1875","1.0"
"efficientnet_b0","balanced_accuracy","Controlnet","DreamBooth","5","0.09020757020757016","13.131861941622557","8.008580215273463e-06","0.0625","0.0003603861096873058"
"efficientnet_b0","balanced_accuracy","Controlnet","LesionGen","5","0.005738705738705696","0.16858498416464884","0.7253437304665482","0.8125","1.0"
"efficientnet_b0","balanced_accuracy","Controlnet","Siamese","5","-0.0028571428571428914","-0.17020184972705135","0.722860830218414","0.625","1.0"
"efficientnet_b0","balanced_accuracy","Controlnet","T2I-Adapter","5","0.005958485958485938","0.27163266026387345","0.5763848124686826","0.625","1.0"
"efficientnet_b0","balanced_accuracy","Controlnet","baseline","5","-0.013235653235653322","-0.3844810557085199","0.4384143975032068","0.625","1.0"
"efficientnet_b0","balanced_accuracy","Controlnet","flow","5","-0.005665445665445734","-0.27617433126674634","0.5702973369942161","0.625","1.0"
"efficientnet_b0","balanced_accuracy","DFMGAN","Derm-T2IM","5","-0.051330891330891346","-3.8025711999212994","0.0010492518330304467","0.0625","0.04092082148818742"
"efficientnet_b0","balanced_accuracy","DFMGAN","DreamBooth","5","0.01968253968253968","1.4245586480307606","0.03336219117580655","0.0625","0.8006925882193572"
"efficientnet_b0","balanced_accuracy","DFMGAN","LesionGen","5","-0.06478632478632478","-2.154245930148756","0.008541399816505575","0.0625","0.2391591948621561"
"efficientnet_b0","balanced_accuracy","DFMGAN","Siamese","5","-0.07338217338217337","-2.9173038682992645","0.00285189601772188","0.0625","0.08840877654937827"
"efficientnet_b0","balanced_accuracy","DFMGAN","T2I-Adapter","5","-0.06456654456654454","-3.3621769421431753","0.0016755779768461558","0.0625","0.06199638514330776"
"efficientnet_b0","balanced_accuracy","DFMGAN","baseline","5","-0.0837606837606838","-3.0056369111769645","0.0025523391962920055","0.0625","0.08422719347763619"
"efficientnet_b0","balanced_accuracy","DFMGAN","flow","5","-0.07619047619047621","-2.7424663833111214","0.0035836518739757683","0.0625","0.10750955621927305"
"efficientnet_b0","balanced_accuracy","Derm-T2IM","DreamBooth","5","0.07101343101343102","2.985301393102291","0.0026177268549078545","0.0625","0.08422719347763619"
"efficientnet_b0","balanced_accuracy","Derm-T2IM","LesionGen","5","-0.01345543345543343","-0.3581100136539311","0.4681348206556825","0.625","1.0"
"efficientnet_b0","balanced_accuracy","Derm-T2IM","Siamese","5","-0.02205128205128202","-0.774477715581446","0.15835167271517397","0.1875","1.0"
"efficientnet_b0","balanced_accuracy","Derm-T2IM","T2I-Adapter","5","-0.013235653235653188","-0.5396823188938543","0.29400744748206","0.625","1.0"
"efficientnet_b0","balanced_accuracy","Derm-T2IM","baseline","5","-0.03242979242979245","-1.1470000872915902","0.062322586747089743","0.0625","1.0"
"efficientnet_b0","balanced_accuracy","Derm-T2IM","flow","5","-0.02485958485958486","-0.7690727147447503","0.16060663659464475","0.3125","1.0"
"efficientnet_b0","balanced_accuracy","DreamBooth","LesionGen","5","-0.08446886446886445","-3.051764155079216","0.002411323894103117","0.0625","0.08198501239950598"
"efficientnet_b0","balanced_accuracy","DreamBooth","Siamese","5","-0.09306471306471305","-5.370109641053577","0.0002757154598443002","0.0625","0.01185576477330491"
"efficientnet_b0","balanced_accuracy","DreamBooth","T2I-Adapter","5","-0.08424908424908421","-4.265806682940468","0.0006745850728543105","0.0625","0.02765798798702673"
"efficientnet_b0","balanced_accuracy","DreamBooth","baseline","5","-0.10344322344322347","-3.2118871353772023","0.0019907872212811006","0.0625","0.07166833996611963"
"efficientnet_b0","balanced_accuracy","DreamBooth","flow","5","-0.09587301587301589","-5.3642965808662","0.00027688548564556536","0.0625","0.01185576477330491"
"efficientnet_b0","balanced_accuracy","LesionGen","Siamese","5","-0.008595848595848587","-0.2270893307006409","0.6383224707335655","1.0","1.0"
"efficientnet_b0","balanced_accuracy","LesionGen","T2I-Adapter","5","0.0002197802197802412","0.005880070708929335","0.9901391767795105","1.0","1.0"
"efficientnet_b0","balanced_accuracy","LesionGen","baseline","5","-0.018974358974359017","-0.6195179533835938","0.23820863944588605","0.3125","1.0"
"efficientnet_b0","balanced_accuracy","LesionGen","flow","5","-0.01140415140415143","-0.4327563057061863","0.388005234500627","0.625","1.0"
"efficientnet_b0","balanced_accuracy","Siamese","T2I-Adapter","5","0.008815628815628829","0.5038711056564135","0.32288984516200814","0.3125","1.0"
"efficientnet_b0","balanced_accuracy","Siamese","baseline","5","-0.01037851037851043","-0.23295803670353646","0.6299365188834598","0.8125","1.0"
"efficientnet_b0","balanced_accuracy","Siamese","flow","5","-0.0028083028083028426","-0.1697960382552832","0.7234836188272469","1.0","1.0"
"efficientnet_b0","balanced_accuracy","T2I-Adapter","baseline","5","-0.01919413919413926","-0.42140274495732827","0.3993995803282401","0.625","1.0"
"efficientnet_b0","balanced_accuracy","T2I-Adapter","flow","5","-0.01162393162393167","-0.41479729250416386","0.4061585040132743","0.3125","1.0"
"efficientnet_b0","balanced_accuracy","baseline","flow","5","0.0075702075702075875","0.2037589450049818","0.6723013041803513","0.8125","1.0"
"efficientnet_b0","macro_auc_ovr","ArSDM","Controlnet","5","-0.011830393885949465","-1.7820832431135163","0.016334770834815094","0.0625","0.40836927087037733"
"efficientnet_b0","macro_auc_ovr","ArSDM","DFMGAN","5","0.015518857685524346","1.2764571112111471","0.04619718693375515","0.125","0.7853521778738376"
"efficientnet_b0","macro_auc_ovr","ArSDM","Derm-T2IM","5","-0.00958194274860944","-1.5518984609932165","0.025580114118189678","0.125","0.5627625106001729"
"efficientnet_b0","macro_auc_ovr","ArSDM","DreamBooth","5","0.026715778049111315","2.861047557772065","0.003065384535351174","0.0625","0.11035384327264226"
"efficientnet_b0","macro_auc_ovr","ArSDM","LesionGen","5","0.004988897933342296","0.44138213190744935","0.3795357329647639","0.625","1.0"
"efficientnet_b0","macro_auc_ovr","ArSDM","Siamese","5","0.006611992945326306","0.8870961626296778","0.11831232604203523","0.1875","1.0"
"efficientnet_b0","macro_auc_ovr","ArSDM","T2I-Adapter","5","-0.0010874372541039624","-0.18702474227940452","0.6972768541550861","0.8125","1.0"
"efficientnet_b0","macro_auc_ovr","ArSDM","baseline","5","-0.022255844978067253","-1.910267950542197","0.012934813856177401","0.0625","0.3902886534547582"
"efficientnet_b0","macro_auc_ovr","ArSDM","flow","5","-0.0014538054538054679","-0.09898592145275781","0.8356683756907289","1.0","1.0"
"efficientnet_b0","macro_auc_ovr","Controlnet","DFMGAN","5","0.02734925157147381","3.1695520748729633","0.0020925240644943974","0.0625","0.0795159144507871"
"efficientnet_b0","macro_auc_ovr","Controlnet","Derm-T2IM","5","0.002248451137340024","0.26219433640794165","0.5891731510986244","0.8125","1.0"
"efficientnet_b0","macro_auc_ovr","Controlnet","DreamBooth","5","0.03854617193506078","10.304067706451299","2.102529705647897e-05","0.0625","0.0009461383675415536"
"efficientnet_b0","macro_auc_ovr","Controlnet","LesionGen","5","0.01681929181929176","1.5481299300835036","0.02577722348155416","0.0625","0.5627625106001729"
"efficientnet_b0","macro_auc_ovr","Controlnet","Siamese","5","0.01844238683127577","1.9012557420849854","0.01314404605627034","0.0625","0.3902886534547582"
"efficientnet_b0","macro_auc_ovr","Controlnet","T2I-Adapter","5","0.010742956631845501","1.4102517686719118","0.03440079211238325","0.125","0.688015842247665"
"efficientnet_b0","macro_auc_ovr","Controlnet","baseline","5","-0.010425451092117788","-0.9571069369883347","0.09907043355411731","0.125","1.0"
"efficientnet_b0","macro_auc_ovr","Controlnet","flow","5","0.010376588432143997","0.8587157232748224","0.1272500081044545","0.1875","1.0"
"efficientnet_b0","macro_auc_ovr","DFMGAN","Derm-T2IM","5","-0.025100800434133784","-2.542966865452455","0.004722998724675894","0.0625","0.16530495536365628"
"efficientnet_b0","macro_auc_ovr","DFMGAN","DreamBooth","5","0.01119692036358697","1.8901197664079648","0.013408257949086608","0.0625","0.3902886534547582"
"efficientnet_b0","macro_auc_ovr","DFMGAN","LesionGen","5","-0.01052995975218205","-0.7958868866863549","0.14974409540640046","0.3125","1.0"
"efficientnet_b0","macro_auc_ovr","DFMGAN","Siamese","5","-0.008906864740198039","-0.7894478005571979","0.15227943408046024","0.1875","1.0"
"efficientnet_b0","macro_auc_ovr","DFMGAN","T2I-Adapter","5","-0.016606294939628306","-1.8430930885643","0.014597185552373439","0.0625","0.39412400991408286"
"efficientnet_b0","macro_auc_ovr","DFMGAN","baseline","5","-0.0377747026635916","-3.445327496741627","0.0015276227938649182","0.0625","0.05957728896073181"
"efficientnet_b0","macro_auc_ovr","DFMGAN","flow","5","-0.016972663139329814","-1.2501169077979977","0.04904372691456685","0.125","0.7853521778738376"
"efficientnet_b0","macro_auc_ovr","Derm-T2IM","DreamBooth","5","0.036297720797720756","4.076073816762072","0.0008038404575182702","0.0625","0.03295745875824908"
"efficientnet_b0","macro_auc_ovr","Derm-T2IM","LesionGen","5","0.014570840681951736","1.6314816241883845","0.02180794405986029","0.0625","0.5015827133767866"
"efficientnet_b0","macro_auc_ovr","Derm-T2IM","Siamese","5","0.016193935693935745","3.9923796874251103","0.0008705635096025296","0.0625","0.03482254038410119"
"efficientnet_b0","macro_auc_ovr","Derm-T2IM","T2I-Adapter","5","0.008494505494505478","1.3963673266334162","0.0354452921328461","0.125","0.688015842247665"
"efficientnet_b0","macro_auc_ovr","Derm-T2IM","baseline","5","-0.012673902229457811","-1.8192097945815064","0.01524954688618913","0.0625","0.39648821904091736"
"efficientnet_b0","macro_auc_ovr","Derm-T2IM","flow","5","0.008128137294803972","0.5685882629910167","0.27248513358549353","0.3125","1.0"
"efficientnet_b0","macro_auc_ovr","DreamBooth","LesionGen","5","-0.02172688011576902","-1.9435341293851354","0.012196520420461194","0.0625","0.3902886534547582"
"efficientnet_b0","macro_auc_ovr","DreamBooth","Siamese","5","-0.02010378510378501","-1.9324330552024804","0.012437090138126347","0.0625","0.3902886534547582"
"efficientnet_b0","macro_auc_ovr","DreamBooth","T2I-Adapter","5","-0.02780321530321528","-3.1202456683446926","0.002219231908111111","0.0625","0.0821115806001111"
"efficientnet_b0","macro_auc_ovr","DreamBooth","baseline","5","-0.04897162302717857","-4.974313893067762","0.0003717332046368808","0.0625","0.015984527799385875"
"efficientnet_b0","macro_auc_ovr","DreamBooth","flow","5","-0.028169583502916783","-2.2644461327255194","0.007163171020123255","0.0625","0.24354781468419068"
"efficientnet_b0","macro_auc_ovr","LesionGen","Siamese","5","0.0016230950119840103","0.26812968303742535","0.581109537978657","1.0","1.0"
"efficientnet_b0","macro_auc_ovr","LesionGen","T2I-Adapter","5","-0.006076335187446258","-0.5906706786384633","0.2570701910676411","0.3125","1.0"
"efficientnet_b0","macro_auc_ovr","LesionGen","baseline","5","-0.027244742911409547","-5.163532627002258","0.0003213744397620238","0.0625","0.014140475349529048"
"efficientnet_b0","macro_auc_ovr","LesionGen","flow","5","-0.006442703387147764","-0.7685629657698578","0.16082104740618125","0.1875","1.0"
"efficientnet_b0","macro_auc_ovr","Siamese","T2I-Adapter","5","-0.0076994301994302685","-1.3050084260496446","0.04332620722556414","0.0625","0.7798717300601545"
"efficientnet_b0","macro_auc_ovr","Siamese","baseline","5","-0.028867837923393556","-4.624336274187203","0.0004936384484269434","0.0625","0.02073281483393162"
"efficientnet_b0","macro_auc_ovr","Siamese","flow","5","-0.008065798399131774","-0.7002198263854081","0.19246712114469852","0.1875","1.0"
"efficientnet_b0","macro_auc_ovr","T2I-Adapter","baseline","5","-0.02116840772396329","-1.9933042456105179","0.011184727199153347","0.0625","0.36909599757206046"
"efficientnet_b0","macro_auc_ovr","T2I-Adapter","flow","5","-0.0003663681997015056","-0.031082086666348728","0.9479261468204323","1.0","1.0"
"efficientnet_b0","macro_auc_ovr","baseline","flow","5","0.020802039524261785","1.7336663445300666","0.01789291732485388","0.0625","0.42943001579649315"
"efficientnet_b0","macro_f1","ArSDM","Controlnet","5","-0.031840919799952294","-3.786612021090415","0.0010662639397259499","0.0625","0.04265055758903799"
"efficientnet_b0","macro_f1","ArSDM","DFMGAN","5","0.029114962331508964","1.8307273217002815","0.014930661428691747","0.0625","0.4180585200033689"
"efficientnet_b0","macro_f1","ArSDM","Derm-T2IM","5","-0.012190048838864676","-0.5949079337737408","0.25421067409393117","0.3125","1.0"
"efficientnet_b0","macro_f1","ArSDM","DreamBooth","5","0.05908877490070093","4.3200026678901615","0.0006424910785724195","0.0625","0.02698462530004162"
"efficientnet_b0","macro_f1","ArSDM","LesionGen","5","-0.03560291509402287","-0.9534316241925365","0.09998975217936508","0.1875","1.0"
"efficientnet_b0","macro_f1","ArSDM","Siamese","5","-0.03377129656898363","-1.7603902029353011","0.01701186728158966","0.0625","0.45932041660292083"
"efficientnet_b0","macro_f1","ArSDM","T2I-Adapter","5","-0.029882023351902553","-1.6122596067536552","0.02265464590082773","0.0625","0.5663661475206933"
"efficientnet_b0","macro_f1","ArSDM","baseline","5","-0.053805223893671414","-1.5124812212346666","0.027733863350750433","0.0625","0.6656127204180105"
"efficientnet_b0","macro_f1","ArSDM","flow","5","-0.04048486307552972","-2.0788643264107316","0.009672426227439817","0.0625","0.2901727868231945"
"efficientnet_b0","macro_f1","Controlnet","DFMGAN","5","0.06095588213146126","3.4368059754674984","0.00154202214110085","0.0625","0.058596841361832304"
"efficientnet_b0","macro_f1","Controlnet","Derm-T2IM","5","0.01965087096108762","0.7162255533269751","0.18451651542607014","0.1875","1.0"
"efficientnet_b0","macro_f1","Controlnet","DreamBooth","5","0.09092969470065322","10.825018790006993","1.7281089557367865e-05","0.0625","0.0007776490300815539"
"efficientnet_b0","macro_f1","Controlnet","LesionGen","5","-0.003761995294070575","-0.11149180252736368","0.8154047609962158","1.0","1.0"
"efficientnet_b0","macro_f1","Controlnet","Siamese","5","-0.001930376769031339","-0.10333574732587797","0.8286016917015164","0.8125","1.0"
"efficientnet_b0","macro_f1","Controlnet","T2I-Adapter","5","0.0019588964480497404","0.10193357953729494","0.8308775388748494","1.0","1.0"
"efficientnet_b0","macro_f1","Controlnet","baseline","5","-0.021964304093719123","-0.5915694886720366","0.25646101960103895","0.3125","1.0"
"efficientnet_b0","macro_f1","Controlnet","flow","5","-0.008643943275577427","-0.5025150507259762","0.32403342929728063","0.4375","1.0"
"efficientnet_b0","macro_f1","DFMGAN","Derm-T2IM","5","-0.04130501117037364","-2.4238087617230204","0.005617755344805349","0.0625","0.17976817103377116"
"efficientnet_b0","macro_f1","DFMGAN","DreamBooth","5","0.02997381256919196","1.737190371543278","0.01777365268063988","0.0625","0.46211496969663685"
"efficientnet_b0","macro_f1","DFMGAN","LesionGen","5","-0.06471787742553184","-2.108138644949851","0.009212771959951845","0.0625","0.2855959307585072"
"efficientnet_b0","macro_f1","DFMGAN","Siamese","5","-0.0628862589004926","-1.9825620186792092","0.011394241133804411","0.0625","0.3304329928803279"
"efficientnet_b0","macro_f1","DFMGAN","T2I-Adapter","5","-0.05899698568341152","-2.5587238076885277","0.004618179862044971","0.0625","0.15701811530952903"
"efficientnet_b0","macro_f1","DFMGAN","baseline","5","-0.08292018622518038","-3.097351600315111","0.002281277278674356","0.0625","0.08212598203227682"
"efficientnet_b0","macro_f1","DFMGAN","flow","5","-0.06959982540703868","-2.584185104859713","0.004454762061815424","0.0625","0.15591667216353983"
"efficientnet_b0","macro_f1","Derm-T2IM","DreamBooth","5","0.0712788237395656","2.5290817205485707","0.004817791536882575","0.0625","0.15898712071712498"
"efficientnet_b0","macro_f1","Derm-T2IM","LesionGen","5","-0.023412866255158194","-0.5662380632098364","0.2741772695554441","0.3125","1.0"
"efficientnet_b0","macro_f1","Derm-T2IM","Siamese","5","-0.021581247730118956","-0.61562756873937","0.24067057335256342","0.3125","1.0"
"efficientnet_b0","macro_f1","Derm-T2IM","T2I-Adapter","5","-0.01769197451303788","-0.6054303424583728","0.24724342121442547","0.3125","1.0"
"efficientnet_b0","macro_f1","Derm-T2IM","baseline","5","-0.04161517505480674","-1.4827789972405943","0.029499704214615608","0.0625","0.678493196936159"
"efficientnet_b0","macro_f1","Derm-T2IM","flow","5","-0.028294814236665043","-0.8700695925113194","0.12358913477553816","0.125","1.0"
"efficientnet_b0","macro_f1","DreamBooth","LesionGen","5","-0.0946916899947238","-3.667926341748651","0.001204116584965878","0.0625","0.046960546813669235"
"efficientnet_b0","macro_f1","DreamBooth","Siamese","5","-0.09286007146968456","-4.463047186983195","0.0005664473015039266","0.0625","0.024357233964668844"
"efficientnet_b0","macro_f1","DreamBooth","T2I-Adapter","5","-0.08897079825260348","-4.105677532636431","0.0007817674053700525","0.0625","0.03205246362017215"
"efficientnet_b0","macro_f1","DreamBooth","baseline","5","-0.11289399879437234","-3.4319530167339085","0.00155029749493733","0.0625","0.058596841361832304"
"efficientnet_b0","macro_f1","DreamBooth","flow","5","-0.09957363797623064","-7.3972771277154425","7.823747687604949e-05","0.0625","0.0034424489825461775"
"efficientnet_b0","macro_f1","LesionGen","Siamese","5","0.0018316185250392357","0.046054602191993574","0.9229342556361971","1.0","1.0"
"efficientnet_b0","macro_f1","LesionGen","T2I-Adapter","5","0.005720891742120315","0.1559977923129081","0.7448103995371456","0.8125","1.0"
"efficientnet_b0","macro_f1","LesionGen","baseline","5","-0.01820230879964855","-0.5236283228164086","0.3066444655257624","0.3125","1.0"
"efficientnet_b0","macro_f1","LesionGen","flow","5","-0.004881947981506851","-0.17585946886284357","0.7142054509495614","1.0","1.0"
"efficientnet_b0","macro_f1","Siamese","T2I-Adapter","5","0.0038892732170810796","0.2133095944171097","0.6582698562462266","0.625","1.0"
"efficientnet_b0","macro_f1","Siamese","baseline","5","-0.020033927324687784","-0.4032170424644882","0.4182395235650593","0.4375","1.0"
"efficientnet_b0","macro_f1","Siamese","flow","5","-0.006713566506546087","-0.5119455292105749","0.3161569409271344","0.4375","1.0"
"efficientnet_b0","macro_f1","T2I-Adapter","baseline","5","-0.023923200541768865","-0.5044930135816973","0.322366617999391","0.3125","1.0"
"efficientnet_b0","macro_f1","T2I-Adapter","flow","5","-0.010602839723627166","-0.496333714464287","0.3292933302979164","0.3125","1.0"
"efficientnet_b0","macro_f1","baseline","flow","5","0.013320360818141697","0.3291925623029968","0.5025066416601961","0.4375","1.0"
"efficientnet_b0","macro_precision","ArSDM","Controlnet","5","-0.02261957151786669","-0.8674975803398108","0.12440829598095036","0.0625","1.0"
"efficientnet_b0","macro_precision","ArSDM","DFMGAN","5","-0.02934015892666737","-1.9813750073773337","0.011417682709840097","0.0625","0.3653658467148831"
"efficientnet_b0","macro_precision","ArSDM","Derm-T2IM","5","-0.0057045515270432775","-0.2197793105993616","0.6488599718351133","0.625","1.0"
"efficientnet_b0","macro_precision","ArSDM","DreamBooth","5","0.036509921452659744","2.047380779186297","0.010198228036691095","0.0625","0.35194762292929194"
"efficientnet_b0","macro_precision","ArSDM","LesionGen","5","-0.046831850543559296","-2.008399758836686","0.010898133916476347","0.0625","0.3596384192437195"
"efficientnet_b0","macro_precision","ArSDM","Siamese","5","0.0010350866174490658","0.03843779720615501","0.9356368712738259","1.0","1.0"
"efficientnet_b0","macro_precision","ArSDM","T2I-Adapter","5","-0.0050099985864188405","-0.21307516297645482","0.6586122816628482","1.0","1.0"
"efficientnet_b0","macro_precision","ArSDM","baseline","5","-0.07388741069005549","-4.812966238003379","0.00042263648488874775","0.0625","0.0185960053351049"
"efficientnet_b0","macro_precision","ArSDM","flow","5","-0.017672002383884534","-1.4162269706610826","0.03396246132537765","0.0625","0.9509489171105742"
"efficientnet_b0","macro_precision","Controlnet","DFMGAN","5","-0.006720587408800683","-0.20026708760416453","0.6774724067616943","0.8125","1.0"
"efficientnet_b0","macro_precision","Controlnet","Derm-T2IM","5","0.01691501999082341","0.4905953569307949","0.3342458016349138","0.3125","1.0"
"efficientnet_b0","macro_precision","Controlnet","DreamBooth","5","0.05912949297052643","2.056040726918573","0.010050213804465502","0.0625","0.35194762292929194"
"efficientnet_b0","macro_precision","Controlnet","LesionGen","5","-0.024212279025692608","-0.7469858177516643","0.17017902517092853","0.1875","1.0"
"efficientnet_b0","macro_precision","Controlnet","Siamese","5","0.023654658135315754","0.86956311011829","0.12374997944328653","0.1875","1.0"
"efficientnet_b0","macro_precision","Controlnet","T2I-Adapter","5","0.017609572931447846","1.262184370393852","0.047715057812325816","0.125","1.0"
"efficientnet_b0","macro_precision","Controlnet","baseline","5","-0.0512678391721888","-1.4007529722829937","0.03511138871135814","0.125","0.9509489171105742"
"efficientnet_b0","macro_precision","Controlnet","flow","5","0.004947569133982155","0.23316139345020423","0.6296471296230439","1.0","1.0"
"efficientnet_b0","macro_precision","DFMGAN","Derm-T2IM","5","0.023635607399624094","0.6851880102741796","0.20025502395439584","0.3125","1.0"
"efficientnet_b0","macro_precision","DFMGAN","DreamBooth","5","0.06585008037932712","5.100458717442966","0.0003371606563971404","0.0625","0.015172229537871318"
"efficientnet_b0","macro_precision","DFMGAN","LesionGen","5","-0.017491691616891923","-1.0330585298711437","0.08203327029836464","0.0625","1.0"
"efficientnet_b0","macro_precision","DFMGAN","Siamese","5","0.030375245544116435","0.8892478171000875","0.11766318730988855","0.1875","1.0"
"efficientnet_b0","macro_precision","DFMGAN","T2I-Adapter","5","0.02433016034024853","0.8069690242153303","0.1454853465235081","0.1875","1.0"
"efficientnet_b0","macro_precision","DFMGAN","baseline","5","-0.04454725176338812","-3.0664413974651","0.00236847951065308","0.0625","0.0947391804261232"
"efficientnet_b0","macro_precision","DFMGAN","flow","5","0.011668156542782837","0.5710908438852818","0.2706943149268349","0.3125","1.0"
"efficientnet_b0","macro_precision","Derm-T2IM","DreamBooth","5","0.04221447297970302","1.0164410137316695","0.08546002002136387","0.125","1.0"
"efficientnet_b0","macro_precision","Derm-T2IM","LesionGen","5","-0.04112729901651602","-1.2371855607701723","0.050515392005521007","0.125","1.0"
"efficientnet_b0","macro_precision","Derm-T2IM","Siamese","5","0.0067396381444923435","0.1501007983180278","0.7540115035752063","0.625","1.0"
"efficientnet_b0","macro_precision","Derm-T2IM","T2I-Adapter","5","0.0006945529406244377","0.021818260469002166","0.9634277975998791","0.625","1.0"
"efficientnet_b0","macro_precision","Derm-T2IM","baseline","5","-0.06818285916301221","-2.7372217086281387","0.0036089689843515713","0.0625","0.14074979038971128"
"efficientnet_b0","macro_precision","Derm-T2IM","flow","5","-0.011967450856841255","-0.3713262531250061","0.45304609684568947","0.4375","1.0"
"efficientnet_b0","macro_precision","DreamBooth","LesionGen","5","-0.08334177199621903","-3.8674280766346563","0.0009834814104952782","0.0625","0.04130621924080168"
"efficientnet_b0","macro_precision","DreamBooth","Siamese","5","-0.035474834835210675","-1.378150277168552","0.03687280785181281","0.125","0.958693004147133"
"efficientnet_b0","macro_precision","DreamBooth","T2I-Adapter","5","-0.04151992003907858","-1.5768495530406983","0.02431933130776415","0.0625","0.7295799392329245"
"efficientnet_b0","macro_precision","DreamBooth","baseline","5","-0.11039733214271523","-4.516928089274661","0.0005407255634050446","0.0625","0.023251199226416917"
"efficientnet_b0","macro_precision","DreamBooth","flow","5","-0.05418192383654428","-3.3600241163020534","0.0016796385413258453","0.0625","0.06886518019435965"
"efficientnet_b0","macro_precision","LesionGen","Siamese","5","0.04786693716100836","1.36788986220243","0.0377065175861895","0.125","0.958693004147133"
"efficientnet_b0","macro_precision","LesionGen","T2I-Adapter","5","0.04182185195714046","1.7154112861322626","0.01852631429719044","0.0625","0.5743157432129037"
"efficientnet_b0","macro_precision","LesionGen","baseline","5","-0.027055560146496193","-1.5747219504015244","0.02442391206164453","0.0625","0.7295799392329245"
"efficientnet_b0","macro_precision","LesionGen","flow","5","0.02915984815967476","1.2867301688654134","0.045139378787568414","0.125","1.0"
"efficientnet_b0","macro_precision","Siamese","T2I-Adapter","5","-0.006045085203867906","-0.28760223179863026","0.5551724799287467","0.4375","1.0"
"efficientnet_b0","macro_precision","Siamese","baseline","5","-0.07492249730750455","-2.0724810657403543","0.009776322859146999","0.0625","0.35194762292929194"
"efficientnet_b0","macro_precision","Siamese","flow","5","-0.0187070890013336","-1.2016321213281553","0.054832421389328","0.125","1.0"
"efficientnet_b0","macro_precision","T2I-Adapter","baseline","5","-0.06887741210363665","-2.302271120501338","0.006753627616364475","0.0625","0.24988422180548558"
"efficientnet_b0","macro_precision","T2I-Adapter","flow","5","-0.012662003797465692","-0.845996837678595","0.131491246069937","0.1875","1.0"
"efficientnet_b0","macro_precision","baseline","flow","5","0.05621540830617096","2.547380358949056","0.0046933477836954745","0.0625","0.17834721578042803"
"efficientnet_b0","macro_recall","ArSDM","Controlnet","5","-0.03663003663003654","-3.800361896136071","0.0010515867449373108","0.0625","0.04092082148818742"
"efficientnet_b0","macro_recall","ArSDM","DFMGAN","5","0.03389499389499393","3.132516503749562","0.002186833208139523","0.0625","0.0765391622848833"
"efficientnet_b0","macro_recall","ArSDM","Derm-T2IM","5","-0.017435897435897418","-1.075717278617078","0.07392412293682374","0.0625","1.0"
"efficientnet_b0","macro_recall","ArSDM","DreamBooth","5","0.05357753357753361","5.628555973627428","0.00022938385353019273","0.0625","0.01009288955532848"
"efficientnet_b0","macro_recall","ArSDM","LesionGen","5","-0.030891330891330848","-0.9328270621817345","0.105321931020795","0.14412703481601533","1.0"
"efficientnet_b0","macro_recall","ArSDM","Siamese","5","-0.03948717948717943","-2.5769292432323967","0.004500599673696176","0.0625","0.1305173905371891"
"efficientnet_b0","macro_recall","ArSDM","T2I-Adapter","5","-0.030671550671550606","-1.8797793467861394","0.013659353788223761","0.0625","0.3551431984938178"
"efficientnet_b0","macro_recall","ArSDM","baseline","5","-0.049865689865689865","-1.5288665260781396","0.02681340758259175","0.0625","0.6703351895647938"
"efficientnet_b0","macro_recall","ArSDM","flow","5","-0.04229548229548228","-1.9990652674927893","0.01107428759323464","0.0625","0.2990057650173353"
"efficientnet_b0","macro_recall","Controlnet","DFMGAN","5","0.07052503052503048","4.2265086664996545","0.0006991076856339732","0.0625","0.02796430742535893"
"efficientnet_b0","macro_recall","Controlnet","Derm-T2IM","5","0.019194139194139127","0.7773258300115016","0.15717693357971363","0.1875","1.0"
"efficientnet_b0","macro_recall","Controlnet","DreamBooth","5","0.09020757020757016","13.131861941622557","8.008580215273463e-06","0.0625","0.0003603861096873058"
"efficientnet_b0","macro_recall","Controlnet","LesionGen","5","0.005738705738705696","0.16858498416464884","0.7253437304665482","0.8125","1.0"
"efficientnet_b0","macro_recall","Controlnet","Siamese","5","-0.0028571428571428914","-0.17020184972705135","0.722860830218414","0.625","1.0"
"efficientnet_b0","macro_recall","Controlnet","T2I-Adapter","5","0.005958485958485938","0.27163266026387345","0.5763848124686826","0.625","1.0"
"efficientnet_b0","macro_recall","Controlnet","baseline","5","-0.013235653235653322","-0.3844810557085199","0.4384143975032068","0.625","1.0"
"efficientnet_b0","macro_recall","Controlnet","flow","5","-0.005665445665445734","-0.27617433126674634","0.5702973369942161","0.625","1.0"
"efficientnet_b0","macro_recall","DFMGAN","Derm-T2IM","5","-0.051330891330891346","-3.8025711999212994","0.0010492518330304467","0.0625","0.04092082148818742"
"efficientnet_b0","macro_recall","DFMGAN","DreamBooth","5","0.01968253968253968","1.4245586480307606","0.03336219117580655","0.0625","0.8006925882193572"
"efficientnet_b0","macro_recall","DFMGAN","LesionGen","5","-0.06478632478632478","-2.154245930148756","0.008541399816505575","0.0625","0.2391591948621561"
"efficientnet_b0","macro_recall","DFMGAN","Siamese","5","-0.07338217338217337","-2.9173038682992645","0.00285189601772188","0.0625","0.08840877654937827"
"efficientnet_b0","macro_recall","DFMGAN","T2I-Adapter","5","-0.06456654456654454","-3.3621769421431753","0.0016755779768461558","0.0625","0.06199638514330776"
"efficientnet_b0","macro_recall","DFMGAN","baseline","5","-0.0837606837606838","-3.0056369111769645","0.0025523391962920055","0.0625","0.08422719347763619"
"efficientnet_b0","macro_recall","DFMGAN","flow","5","-0.07619047619047621","-2.7424663833111214","0.0035836518739757683","0.0625","0.10750955621927305"
"efficientnet_b0","macro_recall","Derm-T2IM","DreamBooth","5","0.07101343101343102","2.985301393102291","0.0026177268549078545","0.0625","0.08422719347763619"
"efficientnet_b0","macro_recall","Derm-T2IM","LesionGen","5","-0.01345543345543343","-0.3581100136539311","0.4681348206556825","0.625","1.0"
"efficientnet_b0","macro_recall","Derm-T2IM","Siamese","5","-0.02205128205128202","-0.774477715581446","0.15835167271517397","0.1875","1.0"
"efficientnet_b0","macro_recall","Derm-T2IM","T2I-Adapter","5","-0.013235653235653188","-0.5396823188938543","0.29400744748206","0.625","1.0"
"efficientnet_b0","macro_recall","Derm-T2IM","baseline","5","-0.03242979242979245","-1.1470000872915902","0.062322586747089743","0.0625","1.0"
"efficientnet_b0","macro_recall","Derm-T2IM","flow","5","-0.02485958485958486","-0.7690727147447503","0.16060663659464475","0.3125","1.0"
"efficientnet_b0","macro_recall","DreamBooth","LesionGen","5","-0.08446886446886445","-3.051764155079216","0.002411323894103117","0.0625","0.08198501239950598"
"efficientnet_b0","macro_recall","DreamBooth","Siamese","5","-0.09306471306471305","-5.370109641053577","0.0002757154598443002","0.0625","0.01185576477330491"
"efficientnet_b0","macro_recall","DreamBooth","T2I-Adapter","5","-0.08424908424908421","-4.265806682940468","0.0006745850728543105","0.0625","0.02765798798702673"
"efficientnet_b0","macro_recall","DreamBooth","baseline","5","-0.10344322344322347","-3.2118871353772023","0.0019907872212811006","0.0625","0.07166833996611963"
"efficientnet_b0","macro_recall","DreamBooth","flow","5","-0.09587301587301589","-5.3642965808662","0.00027688548564556536","0.0625","0.01185576477330491"
"efficientnet_b0","macro_recall","LesionGen","Siamese","5","-0.008595848595848587","-0.2270893307006409","0.6383224707335655","1.0","1.0"
"efficientnet_b0","macro_recall","LesionGen","T2I-Adapter","5","0.0002197802197802412","0.005880070708929335","0.9901391767795105","1.0","1.0"
"efficientnet_b0","macro_recall","LesionGen","baseline","5","-0.018974358974359017","-0.6195179533835938","0.23820863944588605","0.3125","1.0"
"efficientnet_b0","macro_recall","LesionGen","flow","5","-0.01140415140415143","-0.4327563057061863","0.388005234500627","0.625","1.0"
"efficientnet_b0","macro_recall","Siamese","T2I-Adapter","5","0.008815628815628829","0.5038711056564135","0.32288984516200814","0.3125","1.0"
"efficientnet_b0","macro_recall","Siamese","baseline","5","-0.01037851037851043","-0.23295803670353646","0.6299365188834598","0.8125","1.0"
"efficientnet_b0","macro_recall","Siamese","flow","5","-0.0028083028083028426","-0.1697960382552832","0.7234836188272469","1.0","1.0"
"efficientnet_b0","macro_recall","T2I-Adapter","baseline","5","-0.01919413919413926","-0.42140274495732827","0.3993995803282401","0.625","1.0"
"efficientnet_b0","macro_recall","T2I-Adapter","flow","5","-0.01162393162393167","-0.41479729250416386","0.4061585040132743","0.3125","1.0"
"efficientnet_b0","macro_recall","baseline","flow","5","0.0075702075702075875","0.2037589450049818","0.6723013041803513","0.8125","1.0"
"resnet18","accuracy","ArSDM","Controlnet","5","0.010666666666666668","0.4159001959280292","0.4050233143090603","0.4142161782425252","1.0"
"resnet18","accuracy","ArSDM","DFMGAN","5","0.02533333333333332","0.9298766900415517","0.10611086227491988","0.125","1.0"
"resnet18","accuracy","ArSDM","Derm-T2IM","5","0.0040000000000000036","0.155962573473011","0.7448652012024435","0.8125","1.0"
"resnet18","accuracy","ArSDM","DreamBooth","5","0.046666666666666655","1.1430952132988157","0.06290146986161563","0.125","1.0"
"resnet18","accuracy","ArSDM","LesionGen","5","0.006666666666666687","0.15617376188860654","0.7445366124931958","0.625","1.0"
"resnet18","accuracy","ArSDM","Siamese","5","0.03466666666666669","1.4312528946642675","0.03288893339651387","0.125","1.0"
"resnet18","accuracy","ArSDM","T2I-Adapter","5","0.01866666666666663","0.8016376680394129","0.14751776679723716","0.1875","1.0"
"resnet18","accuracy","ArSDM","baseline","5","0.001333333333333342","0.06984302957695822","0.8834610671467289","0.8539232992870668","1.0"
"resnet18","accuracy","ArSDM","flow","5","-0.0013333333333333196","-0.0678063503620804","0.8868266377960954","0.625","1.0"
"resnet18","accuracy","Controlnet","DFMGAN","5","0.01466666666666665","0.39074465832896266","0.4315830197542572","0.4375","1.0"
"resnet18","accuracy","Controlnet","Derm-T2IM","5","-0.006666666666666665","-0.1622214211307626","0.7351552035225443","0.8125","1.0"
"resnet18","accuracy","Controlnet","DreamBooth","5","0.03599999999999999","0.719680213175431","0.1828454753790304","0.3125","1.0"
"resnet18","accuracy","Controlnet","LesionGen","5","-0.003999999999999981","-0.08180128247238139","0.8637629700202586","0.8125","1.0"
"resnet18","accuracy","Controlnet","Siamese","5","0.02400000000000002","0.8090398349558908","0.14470399860633018","0.3125","1.0"
"resnet18","accuracy","Controlnet","T2I-Adapter","5","0.007999999999999962","0.31844693546056335","0.5157515286227041","0.625","1.0"
"resnet18","accuracy","Controlnet","baseline","5","-0.009333333333333327","-0.27562473083535494","0.5710316963233388","0.4652088184521418","1.0"
"resnet18","accuracy","Controlnet","flow","5","-0.011999999999999988","-0.4055453181533995","0.4157867964424602","0.4652088184521418","1.0"
"resnet18","accuracy","DFMGAN","Derm-T2IM","5","-0.021333333333333315","-0.4897066942262712","0.33501877757589993","0.27332167829229814","1.0"
"resnet18","accuracy","DFMGAN","DreamBooth","5","0.021333333333333336","1.0550087574332583","0.07774164094789997","0.125","1.0"
"resnet18","accuracy","DFMGAN","LesionGen","5","-0.01866666666666663","-0.6956655929999329","0.19479327227466275","0.1875","1.0"
"resnet18","accuracy","DFMGAN","Siamese","5","0.00933333333333337","0.41647488211611133","0.40443286409221313","0.4614509878333607","1.0"
"resnet18","accuracy","DFMGAN","T2I-Adapter","5","-0.006666666666666687","-0.29488391230979477","0.5456804162715576","0.8125","1.0"
"resnet18","accuracy","DFMGAN","baseline","5","-0.023999999999999976","-0.8194526164907723","0.1408426053934379","0.3125","1.0"
"resnet18","accuracy","DFMGAN","flow","5","-0.026666666666666637","-1.2344267996967349","0.05083594085586077","0.06788915486182899","1.0"
"resnet18","accuracy","Derm-T2IM","DreamBooth","5","0.04266666666666665","0.9208871409103265","0.10855515056508873","0.125","1.0"
"resnet18","accuracy","Derm-T2IM","LesionGen","5","0.002666666666666684","0.056121353326631755","0.9061891454139103","0.8539232992870668","1.0"
"resnet18","accuracy","Derm-T2IM","Siamese","5","0.030666666666666686","0.8885675206791948","0.11786800599682966","0.06788915486182899","1.0"
"resnet18","accuracy","Derm-T2IM","T2I-Adapter","5","0.014666666666666628","0.3656523724229926","0.45947611220273704","0.8125","1.0"
"resnet18","accuracy","Derm-T2IM","baseline","5","-0.002666666666666662","-0.08989331499509884","0.8505000000000001","0.625","1.0"
"resnet18","accuracy","Derm-T2IM","flow","5","-0.005333333333333324","-0.12101780416321013","0.8000847592752035","0.7150006546880893","1.0"
"resnet18","accuracy","DreamBooth","LesionGen","5","-0.039999999999999966","-2.0579830217101063","0.010017375052780556","0.0625","0.4407645023223445"
"resnet18","accuracy","DreamBooth","Siamese","5","-0.011999999999999966","-0.40554531815339845","0.4157867964424611","0.4652088184521418","1.0"
"resnet18","accuracy","DreamBooth","T2I-Adapter","5","-0.028000000000000025","-0.7909057560124456","0.15170140245231392","0.10247043485974937","1.0"
"resnet18","accuracy","DreamBooth","baseline","5","-0.045333333333333316","-1.1461397661875115","0.06244960020616303","0.0625","1.0"
"resnet18","accuracy","DreamBooth","flow","5","-0.04799999999999997","-1.172632215572021","0.05867089793058615","0.125","1.0"
"resnet18","accuracy","LesionGen","Siamese","5","0.028000000000000004","1.283977465083062","0.04542003267455361","0.0625","1.0"
"resnet18","accuracy","LesionGen","T2I-Adapter","5","0.011999999999999945","0.4162475610565908","0.4046663339862376","0.625","1.0"
"resnet18","accuracy","LesionGen","baseline","5","-0.005333333333333345","-0.1609687273171072","0.7370939339788807","0.7150006546880893","1.0"
"resnet18","accuracy","LesionGen","flow","5","-0.008000000000000007","-0.19543870259533722","0.6846582528552103","0.625","1.0"
"resnet18","accuracy","Siamese","T2I-Adapter","5","-0.01600000000000006","-1.5825131361498936","0.024043528799373538","0.0625","1.0"
"resnet18","accuracy","Siamese","baseline","5","-0.03333333333333335","-2.132007163556103","0.008857517491461199","0.0625","0.39858828711575395"
"resnet18","accuracy","Siamese","flow","5","-0.03600000000000001","-1.4279918904394517","0.033118478813918495","0.06788915486182899","1.0"
"resnet18","accuracy","T2I-Adapter","baseline","5","-0.01733333333333329","-0.997054485501578","0.08966251702034596","0.1875","1.0"
"resnet18","accuracy","T2I-Adapter","flow","5","-0.019999999999999952","-1.09544511501033","0.07048399691022032","0.125","1.0"
"resnet18","accuracy","baseline","flow","5","-0.002666666666666662","-0.11405318970243995","0.8112752692411516","1.0","1.0"
"resnet18","balanced_accuracy","ArSDM","Controlnet","5","0.02324786324786323","0.6969413902713084","0.1941387390575985","0.3125","1.0"
"resnet18","balanced_accuracy","ArSDM","DFMGAN","5","0.02761904761904761","0.8597982710791049","0.12689592929439034","0.1875","1.0"
"resnet18","balanced_accuracy","ArSDM","Derm-T2IM","5","0.005054945054945104","0.10906117165032687","0.8193301658600025","0.8125","1.0"
"resnet18","balanced_accuracy","ArSDM","DreamBooth","5","0.054920634920634925","1.1311233850738185","0.06471498058448422","0.125","1.0"
"resnet18","balanced_accuracy","ArSDM","LesionGen","5","0.01868131868131868","0.293915717824756","0.5469359466894029","0.625","1.0"
"resnet18","balanced_accuracy","ArSDM","Siamese","5","0.03663003663003668","1.1701532474534377","0.05901312397291883","0.125","1.0"
"resnet18","balanced_accuracy","ArSDM","T2I-Adapter","5","0.03028083028083035","1.0595775280681121","0.07688059487059717","0.125","1.0"
"resnet18","balanced_accuracy","ArSDM","baseline","5","0.014481074481074474","0.4000829493922326","0.42156007543251606","0.8125","1.0"
"resnet18","balanced_accuracy","ArSDM","flow","5","0.0018803418803418515","0.0804264726750337","0.8660218635130787","1.0","1.0"
"resnet18","balanced_accuracy","Controlnet","DFMGAN","5","0.004371184371184378","0.079582539593715","0.8674092641839977","0.8125","1.0"
"resnet18","balanced_accuracy","Controlnet","Derm-T2IM","5","-0.01819291819291813","-0.3872207273247775","0.4354156455787062","0.625","1.0"
"resnet18","balanced_accuracy","Controlnet","DreamBooth","5","0.031672771672771695","0.49250898759969486","0.33258677793245106","0.3125","1.0"
"resnet18","balanced_accuracy","Controlnet","LesionGen","5","-0.0045665445665445505","-0.06318281529874185","0.8944775289147324","1.0","1.0"
"resnet18","balanced_accuracy","Controlnet","Siamese","5","0.013382173382173446","0.42940853925029243","0.391335810718626","0.3125","1.0"
"resnet18","balanced_accuracy","Controlnet","T2I-Adapter","5","0.007032967032967119","0.2517642191342326","0.6035185396847915","0.8125","1.0"
"resnet18","balanced_accuracy","Controlnet","baseline","5","-0.008766788766788759","-0.22573906691295323","0.6402612566294543","1.0","1.0"
"resnet18","balanced_accuracy","Controlnet","flow","5","-0.021367521367521382","-0.804867843501237","0.14628276499477663","0.0625","1.0"
"resnet18","balanced_accuracy","DFMGAN","Derm-T2IM","5","-0.022564102564102507","-0.386818578277801","0.4358547784156848","0.8125","1.0"
"resnet18","balanced_accuracy","DFMGAN","DreamBooth","5","0.027301587301587316","0.7904228753143683","0.1518925900080774","0.3125","1.0"
"resnet18","balanced_accuracy","DFMGAN","LesionGen","5","-0.008937728937728928","-0.1999491071923367","0.6779443801109963","0.8125","1.0"
"resnet18","balanced_accuracy","DFMGAN","Siamese","5","0.009010989010989068","0.2732102477995132","0.5742653736388856","0.8125","1.0"
"resnet18","balanced_accuracy","DFMGAN","T2I-Adapter","5","0.002661782661782741","0.08375532361547884","0.8605550797712923","1.0","1.0"
"resnet18","balanced_accuracy","DFMGAN","baseline","5","-0.013137973137973135","-0.40316793267579876","0.41829138745126837","0.625","1.0"
"resnet18","balanced_accuracy","DFMGAN","flow","5","-0.025738705738705757","-0.8273177079230187","0.13799929426524954","0.1875","1.0"
"resnet18","balanced_accuracy","Derm-T2IM","DreamBooth","5","0.04986568986568982","0.9791814016076713","0.09374269549037735","0.125","1.0"
"resnet18","balanced_accuracy","Derm-T2IM","LesionGen","5","0.013626373626373579","0.20319248175466273","0.6731387054754182","0.8125","1.0"
"resnet18","balanced_accuracy","Derm-T2IM","Siamese","5","0.03157509157509157","0.7996739020848099","0.14827401452615668","0.0625","1.0"
"resnet18","balanced_accuracy","Derm-T2IM","T2I-Adapter","5","0.025225885225885248","0.5936198331270576","0.25507665254090217","0.1875","1.0"
"resnet18","balanced_accuracy","Derm-T2IM","baseline","5","0.00942612942612937","0.2298665836988323","0.6343457086312965","1.0","1.0"
"resnet18","balanced_accuracy","Derm-T2IM","flow","5","-0.0031746031746032522","-0.07584898867906414","0.8735539643058088","0.7150006546880893","1.0"
"resnet18","balanced_accuracy","DreamBooth","LesionGen","5","-0.03623931623931624","-1.5442694966409212","0.02598101342448929","0.0625","1.0"
"resnet18","balanced_accuracy","DreamBooth","Siamese","5","-0.01829059829059825","-0.5073255015102778","0.3199934013813984","0.3125","1.0"
"resnet18","balanced_accuracy","DreamBooth","T2I-Adapter","5","-0.024639804639804575","-0.6020978779445622","0.24942947108494218","0.3125","1.0"
"resnet18","balanced_accuracy","DreamBooth","baseline","5","-0.04043956043956045","-0.8776314060167281","0.12121458739700791","0.125","1.0"
"resnet18","balanced_accuracy","DreamBooth","flow","5","-0.05304029304029308","-1.130589654794004","0.06479721285820952","0.125","1.0"
"resnet18","balanced_accuracy","LesionGen","Siamese","5","0.017948717948717996","0.4188875780970441","0.40196189910425345","0.625","1.0"
"resnet18","balanced_accuracy","LesionGen","T2I-Adapter","5","0.01159951159951167","0.2443795091814936","0.6138084985457033","1.0","1.0"
"resnet18","balanced_accuracy","LesionGen","baseline","5","-0.004200244200244207","-0.0780261428605432","0.869969445167232","0.625","1.0"
"resnet18","balanced_accuracy","LesionGen","flow","5","-0.01680097680097683","-0.29901719427756507","0.5403432133794096","0.4375","1.0"
"resnet18","balanced_accuracy","Siamese","T2I-Adapter","5","-0.006349206349206327","-0.9515291208568485","0.10046934666617942","0.1875","1.0"
"resnet18","balanced_accuracy","Siamese","baseline","5","-0.022148962148962205","-1.0501825557595383","0.07866306231046151","0.125","1.0"
"resnet18","balanced_accuracy","Siamese","flow","5","-0.034749694749694825","-2.1181494348498915","0.009061703344328442","0.0625","0.3987149471504514"
"resnet18","balanced_accuracy","T2I-Adapter","baseline","5","-0.015799755799755878","-0.8390083167177507","0.13388653021701347","0.1875","1.0"
"resnet18","balanced_accuracy","T2I-Adapter","flow","5","-0.028400488400488498","-2.576141025272754","0.004505613846767725","0.0625","0.2027526231045476"
"resnet18","balanced_accuracy","baseline","flow","5","-0.012600732600732623","-0.8035156177168624","0.14679841641616742","0.125","1.0"
"resnet18","macro_auc_ovr","ArSDM","Controlnet","5","0.0002705874372541661","0.012803397337708314","0.9785317156104435","1.0","1.0"
"resnet18","macro_auc_ovr","ArSDM","DFMGAN","5","0.012224551168995634","1.5283563706105985","0.02684151413857548","0.0625","1.0"
"resnet18","macro_auc_ovr","ArSDM","Derm-T2IM","5","0.0023489124044679733","0.10396560064293177","0.8275800420865922","1.0","1.0"
"resnet18","macro_auc_ovr","ArSDM","DreamBooth","5","0.04606722290055627","1.2818394931399921","0.045639412893430126","0.0625","1.0"
"resnet18","macro_auc_ovr","ArSDM","LesionGen","5","0.012047098991543414","0.9299545697486513","0.10608995355242992","0.125","1.0"
"resnet18","macro_auc_ovr","ArSDM","Siamese","5","0.020204540315651377","1.4180208097698952","0.03383215378798471","0.125","1.0"
"resnet18","macro_auc_ovr","ArSDM","T2I-Adapter","5","0.0012983991317325084","0.09206862026987801","0.8469445900664581","1.0","1.0"
"resnet18","macro_auc_ovr","ArSDM","baseline","5","0.0034663546330212514","0.1941870793897458","0.6865276293964061","1.0","1.0"
"resnet18","macro_auc_ovr","ArSDM","flow","5","0.006539886039886045","0.4507784161952129","0.37049236341496994","0.625","1.0"
"resnet18","macro_auc_ovr","Controlnet","DFMGAN","5","0.011953963731741468","0.5681413756850824","0.2728061169978652","0.3125","1.0"
"resnet18","macro_auc_ovr","Controlnet","Derm-T2IM","5","0.002078324967213807","0.07340782464358267","0.8775775213048936","1.0","1.0"
"resnet18","macro_auc_ovr","Controlnet","DreamBooth","5","0.04579663546330211","0.8660753502915584","0.12486379635970872","0.1875","1.0"
"resnet18","macro_auc_ovr","Controlnet","LesionGen","5","0.011776511554289248","0.4350870222752106","0.3857008653859807","0.4375","1.0"
"resnet18","macro_auc_ovr","Controlnet","Siamese","5","0.01993395287839721","1.0656776120584897","0.07574771968112214","0.125","1.0"
"resnet18","macro_auc_ovr","Controlnet","T2I-Adapter","5","0.0010278116944783422","0.04362991661594779","0.9269751307704945","0.625","1.0"
"resnet18","macro_auc_ovr","Controlnet","baseline","5","0.0031957671957670852","0.1448821299307366","0.7621956667265504","0.625","1.0"
"resnet18","macro_auc_ovr","Controlnet","flow","5","0.006269298602631879","0.24161253695101406","0.6176920871357575","0.625","1.0"
"resnet18","macro_auc_ovr","DFMGAN","Derm-T2IM","5","-0.00987563876452766","-0.47811857567000343","0.34524722429547167","0.4375","1.0"
"resnet18","macro_auc_ovr","DFMGAN","DreamBooth","5","0.033842671731560636","0.9011343005594283","0.11414663245829283","0.0625","1.0"
"resnet18","macro_auc_ovr","DFMGAN","LesionGen","5","-0.00017745217745221976","-0.015317535011873953","0.9743179892109216","1.0","1.0"
"resnet18","macro_auc_ovr","DFMGAN","Siamese","5","0.007979989146655741","1.0150989961842616","0.08574370820621066","0.125","1.0"
"resnet18","macro_auc_ovr","DFMGAN","T2I-Adapter","5","-0.010926152037263126","-1.7189319993424448","0.018402089654335624","0.0625","0.7912898551364318"
"resnet18","macro_auc_ovr","DFMGAN","baseline","5","-0.008758196535974382","-0.6480691818824666","0.2208908179692945","0.3125","1.0"
"resnet18","macro_auc_ovr","DFMGAN","flow","5","-0.0056846651291095895","-0.5399329999356993","0.293814054590955","0.4375","1.0"
"resnet18","macro_auc_ovr","Derm-T2IM","DreamBooth","5","0.0437183104960883","1.0712854058144536","0.07472292011087507","0.0625","1.0"
"resnet18","macro_auc_ovr","Derm-T2IM","LesionGen","5","0.009698186587075441","0.5119351154604148","0.3161655406083453","0.4375","1.0"
"resnet18","macro_auc_ovr","Derm-T2IM","Siamese","5","0.017855627911183402","1.044082728598452","0.07984534036397997","0.0625","1.0"
"resnet18","macro_auc_ovr","Derm-T2IM","T2I-Adapter","5","-0.001050513272735465","-0.05306292982137703","0.9112708053655945","0.625","1.0"
"resnet18","macro_auc_ovr","Derm-T2IM","baseline","5","0.001117442228553278","0.10300973233977725","0.8291306635161712","1.0","1.0"
"resnet18","macro_auc_ovr","Derm-T2IM","flow","5","0.004190973635418071","0.3544683815081041","0.47236088262430737","0.625","1.0"
"resnet18","macro_auc_ovr","DreamBooth","LesionGen","5","-0.03402012390901286","-1.2296517390796033","0.05139635211041391","0.0625","1.0"
"resnet18","macro_auc_ovr","DreamBooth","Siamese","5","-0.025862682584904893","-0.6251948047940816","0.2346608680382391","0.3125","1.0"
"resnet18","macro_auc_ovr","DreamBooth","T2I-Adapter","5","-0.04476882376882376","-1.1758915496709914","0.05822440675575978","0.0625","1.0"
"resnet18","macro_auc_ovr","DreamBooth","baseline","5","-0.04260086826753502","-0.9660137308745701","0.09688123968270909","0.125","1.0"
"resnet18","macro_auc_ovr","DreamBooth","flow","5","-0.039527336860670226","-1.0526405458307242","0.07819224861903103","0.125","1.0"
"resnet18","macro_auc_ovr","LesionGen","Siamese","5","0.00815744132410796","0.5879971323694242","0.25889053482083557","0.3125","1.0"
"resnet18","macro_auc_ovr","LesionGen","T2I-Adapter","5","-0.010748699859810907","-0.8935031491732655","0.11639082229276","0.125","1.0"
"resnet18","macro_auc_ovr","LesionGen","baseline","5","-0.008580744358522163","-0.4787555601584809","0.34467776189872523","0.3125","1.0"
"resnet18","macro_auc_ovr","LesionGen","flow","5","-0.00550721295165737","-0.4289013780466451","0.3918424951601886","0.4375","1.0"
"resnet18","macro_auc_ovr","Siamese","T2I-Adapter","5","-0.018906141183918868","-3.1510271957694354","0.0021390555970149487","0.0625","0.0962575018656727"
"resnet18","macro_auc_ovr","Siamese","baseline","5","-0.016738185682630125","-1.9001102106953103","0.013170933096191637","0.0625","0.579521056232432"
"resnet18","macro_auc_ovr","Siamese","flow","5","-0.01366465427576533","-1.379396807488124","0.03677300195568705","0.0625","1.0"
"resnet18","macro_auc_ovr","T2I-Adapter","baseline","5","0.002167955501288743","0.1745798146210465","0.7161586688784534","0.625","1.0"
"resnet18","macro_auc_ovr","T2I-Adapter","flow","5","0.005241486908153537","0.5284835188009014","0.30277003680908204","0.3125","1.0"
"resnet18","macro_auc_ovr","baseline","flow","5","0.0030735314068647936","0.4102323475796325","0.4108855444778772","0.3125","1.0"
"resnet18","macro_f1","ArSDM","Controlnet","5","0.024662548115514514","0.7719928284470795","0.15938418217269815","0.125","1.0"
"resnet18","macro_f1","ArSDM","DFMGAN","5","0.03601764400489087","1.329098181006705","0.04106471048968025","0.0625","1.0"
"resnet18","macro_f1","ArSDM","Derm-T2IM","5","0.0030630523717043224","0.07590185529889956","0.873466879487289","0.8125","1.0"
"resnet18","macro_f1","ArSDM","DreamBooth","5","0.06055717918554586","1.244081155202066","0.04972435903076865","0.125","1.0"
"resnet18","macro_f1","ArSDM","LesionGen","5","0.021029749943327115","0.3323054017704474","0.4987174503537084","0.625","1.0"
"resnet18","macro_f1","ArSDM","Siamese","5","0.043335963276817525","1.70738667349107","0.0188132300788346","0.0625","0.8089688933898878"
"resnet18","macro_f1","ArSDM","T2I-Adapter","5","0.03345428135605644","1.5900907186233204","0.02368031987048092","0.0625","0.9708931146897176"
"resnet18","macro_f1","ArSDM","baseline","5","0.02024973105378347","0.6110256681929086","0.24361523675621508","0.3125","1.0"
"resnet18","macro_f1","ArSDM","flow","5","-0.0013011304464622953","-0.06900568476692816","0.8848444071589727","1.0","1.0"
"resnet18","macro_f1","Controlnet","DFMGAN","5","0.011355095889376355","0.20395381069731447","0.6720133673445362","0.8125","1.0"
"resnet18","macro_f1","Controlnet","Derm-T2IM","5","-0.021599495743810194","-0.43700004105898943","0.38381827563539805","0.4375","1.0"
"resnet18","macro_f1","Controlnet","DreamBooth","5","0.035894631070031345","0.5100826526819197","0.3176987425870308","0.3125","1.0"
"resnet18","macro_f1","Controlnet","LesionGen","5","-0.0036327981721874015","-0.04565504030681356","0.9235999584170476","1.0","1.0"
"resnet18","macro_f1","Controlnet","Siamese","5","0.018673415161303008","0.5258963849181001","0.3048288405639873","0.3125","1.0"
"resnet18","macro_f1","Controlnet","T2I-Adapter","5","0.008791733240541921","0.2794020112579479","0.5659974555201879","0.625","1.0"
"resnet18","macro_f1","Controlnet","baseline","5","-0.004412817061731045","-0.10124331633695431","0.8319986385452335","0.8125","1.0"
"resnet18","macro_f1","Controlnet","flow","5","-0.02596367856197681","-0.820217554943371","0.14056332997193016","0.125","1.0"
"resnet18","macro_f1","DFMGAN","Derm-T2IM","5","-0.03295459163318655","-0.5716835476843922","0.27027184378140334","0.3125","1.0"
"resnet18","macro_f1","DFMGAN","DreamBooth","5","0.024539535180654992","0.6613374691972217","0.2132779848188478","0.1875","1.0"
"resnet18","macro_f1","DFMGAN","LesionGen","5","-0.014987894061563756","-0.3025934451942476","0.5357551043132585","1.0","1.0"
"resnet18","macro_f1","DFMGAN","Siamese","5","0.007318319271926654","0.21753925029729929","0.6521092124467701","0.8125","1.0"
"resnet18","macro_f1","DFMGAN","T2I-Adapter","5","-0.002563362648834433","-0.08173323225636336","0.8638747437123496","0.8125","1.0"
"resnet18","macro_f1","DFMGAN","baseline","5","-0.0157679129511074","-0.39532442357302794","0.4266433034041198","0.4375","1.0"
"resnet18","macro_f1","DFMGAN","flow","5","-0.03731877445135316","-1.2196647234788875","0.05259171988466032","0.0625","1.0"
"resnet18","macro_f1","Derm-T2IM","DreamBooth","5","0.05749412681384154","1.0051125906944478","0.08788822434455995","0.125","1.0"
"resnet18","macro_f1","Derm-T2IM","LesionGen","5","0.01796669757162279","0.24486780573363381","0.6131247288653165","0.625","1.0"
"resnet18","macro_f1","Derm-T2IM","Siamese","5","0.0402729109051132","0.9736237889237856","0.0950533402344479","0.0625","1.0"
"resnet18","macro_f1","Derm-T2IM","T2I-Adapter","5","0.030391228984352113","0.6833149268995685","0.20124781832218355","0.0625","1.0"
"resnet18","macro_f1","Derm-T2IM","baseline","5","0.017186678682079147","0.3851083050293393","0.4377263571297359","0.625","1.0"
"resnet18","macro_f1","Derm-T2IM","flow","5","-0.004364182818166617","-0.08858929965009853","0.8526334070041344","0.7150006546880893","1.0"
"resnet18","macro_f1","DreamBooth","LesionGen","5","-0.03952742924221875","-1.7026940940428272","0.018983477742247772","0.0625","0.8089688933898878"
"resnet18","macro_f1","DreamBooth","Siamese","5","-0.017221215908728337","-0.4446262029258828","0.37639205407935694","0.3125","1.0"
"resnet18","macro_f1","DreamBooth","T2I-Adapter","5","-0.027102897829489426","-0.5873932352104331","0.2593034443703133","0.1875","1.0"
"resnet18","macro_f1","DreamBooth","baseline","5","-0.04030744813176239","-0.7217637726264979","0.18184523730839147","0.1875","1.0"
"resnet18","macro_f1","DreamBooth","flow","5","-0.061858309632008154","-1.117500143809417","0.06685177979374954","0.125","1.0"
"resnet18","macro_f1","LesionGen","Siamese","5","0.02230621333349041","0.4831331971681266","0.3407869386400525","0.4375","1.0"
"resnet18","macro_f1","LesionGen","T2I-Adapter","5","0.012424531412729322","0.23200367062517138","0.631295712429188","1.0","1.0"
"resnet18","macro_f1","LesionGen","baseline","5","-0.0007800188895436433","-0.01254541807883854","0.9789641428606721","1.0","1.0"
"resnet18","macro_f1","LesionGen","flow","5","-0.02233088038978941","-0.3488111978241478","0.4789846045655879","0.4375","1.0"
"resnet18","macro_f1","Siamese","T2I-Adapter","5","-0.009881681920761087","-0.9363749725777322","0.10438178573047266","0.1875","1.0"
"resnet18","macro_f1","Siamese","baseline","5","-0.023086232223034055","-0.8794111497390544","0.12066297224417678","0.3125","1.0"
"resnet18","macro_f1","Siamese","flow","5","-0.04463709372327982","-1.8671865749217447","0.013972848744832438","0.0625","0.6148053447726273"
"resnet18","macro_f1","T2I-Adapter","baseline","5","-0.013204550302272966","-0.635047641195218","0.2286275116917754","0.1875","1.0"
"resnet18","macro_f1","T2I-Adapter","flow","5","-0.03475541180251873","-2.5454966197190254","0.004705975225806582","0.0625","0.2117688851612962"
"resnet18","macro_f1","baseline","flow","5","-0.021550861500245766","-1.0170512639964193","0.08533136833010038","0.0625","1.0"
"resnet18","macro_precision","ArSDM","Controlnet","5","0.02036603009217186","0.4644250000189176","0.3576942721286538","0.4375","1.0"
"resnet18","macro_precision","ArSDM","DFMGAN","5","0.044280880404197906","0.8137027382241048","0.14296100430174374","0.1875","1.0"
"resnet18","macro_precision","ArSDM","Derm-T2IM","5","0.00499626690427093","0.14189669403991595","0.7668946253766438","0.8125","1.0"
"resnet18","macro_precision","ArSDM","DreamBooth","5","0.07408506072825757","1.116059723738314","0.0670823808979591","0.125","1.0"
"resnet18","macro_precision","ArSDM","LesionGen","5","0.017793331600516993","0.292788658320983","0.5484000297472276","0.4375","1.0"
"resnet18","macro_precision","ArSDM","Siamese","5","0.06308834256702218","1.9941034594278952","0.01116932673557023","0.0625","0.49145037636509015"
"resnet18","macro_precision","ArSDM","T2I-Adapter","5","0.02256114795351325","0.7637192919743859","0.16287353107376146","0.1875","1.0"
"resnet18","macro_precision","ArSDM","baseline","5","0.012659688126270562","0.4813458025406722","0.3423707699558107","0.4375","1.0"
"resnet18","macro_precision","ArSDM","flow","5","-0.005689298290999112","-0.13774357493720768","0.7734516351853886","0.8125","1.0"
"resnet18","macro_precision","Controlnet","DFMGAN","5","0.02391485031202605","0.4460121932738088","0.37505586217485604","0.4375","1.0"
"resnet18","macro_precision","Controlnet","Derm-T2IM","5","-0.01536976318790093","-0.24164795947741496","0.6176422738439347","0.8125","1.0"
"resnet18","macro_precision","Controlnet","DreamBooth","5","0.05371903063608572","0.7266022299351462","0.17954432841361728","0.3125","1.0"
"resnet18","macro_precision","Controlnet","LesionGen","5","-0.002572698491654868","-0.03573413076406992","0.9401516196863785","0.8125","1.0"
"resnet18","macro_precision","Controlnet","Siamese","5","0.042722312474850324","0.9204171645138246","0.10868463500985194","0.1875","1.0"
"resnet18","macro_precision","Controlnet","T2I-Adapter","5","0.002195117861341389","0.049876565513714416","0.9165705041764038","1.0","1.0"
"resnet18","macro_precision","Controlnet","baseline","5","-0.0077063419659012975","-0.13412026046069983","0.7791909387439631","1.0","1.0"
"resnet18","macro_precision","Controlnet","flow","5","-0.026055328383170973","-0.47245629912188364","0.3503464381463912","0.4375","1.0"
"resnet18","macro_precision","DFMGAN","Derm-T2IM","5","-0.03928461349992698","-0.582780457610093","0.26247856227975147","0.3125","1.0"
"resnet18","macro_precision","DFMGAN","DreamBooth","5","0.02980418032405967","0.8082218786158606","0.1450120882892486","0.1875","1.0"
"resnet18","macro_precision","DFMGAN","LesionGen","5","-0.026487548803680917","-0.5324990367649178","0.2996002728600503","0.3125","1.0"
"resnet18","macro_precision","DFMGAN","Siamese","5","0.018807462162824272","0.5150665245996202","0.31358933203485034","0.4375","1.0"
"resnet18","macro_precision","DFMGAN","T2I-Adapter","5","-0.02171973245068466","-0.5255807670045525","0.3050808968902768","0.4375","1.0"
"resnet18","macro_precision","DFMGAN","baseline","5","-0.03162119227792735","-0.48349977517660636","0.34046292609090895","0.4375","1.0"
"resnet18","macro_precision","DFMGAN","flow","5","-0.04997017869519702","-1.1436568604009243","0.06281782979527187","0.0625","1.0"
"resnet18","macro_precision","Derm-T2IM","DreamBooth","5","0.06908879382398665","0.9985554646921595","0.08932900360352106","0.125","1.0"
"resnet18","macro_precision","Derm-T2IM","LesionGen","5","0.012797064696246063","0.1692462114149958","0.7243278371676471","1.0","1.0"
"resnet18","macro_precision","Derm-T2IM","Siamese","5","0.05809207566275125","1.2324538429486465","0.05106662942331486","0.0625","1.0"
"resnet18","macro_precision","Derm-T2IM","T2I-Adapter","5","0.01756488104924232","0.31022909150114175","0.5260520632505634","0.8125","1.0"
"resnet18","macro_precision","Derm-T2IM","baseline","5","0.007663421221999633","0.14064267996031185","0.7688720304422441","0.8125","1.0"
"resnet18","macro_precision","Derm-T2IM","flow","5","-0.01068556519527004","-0.15099263259023704","0.7526167461753259","0.7150006546880893","1.0"
"resnet18","macro_precision","DreamBooth","LesionGen","5","-0.05629172912774059","-1.7006022615897396","0.019059964155917528","0.0625","0.8195784587044537"
"resnet18","macro_precision","DreamBooth","Siamese","5","-0.010996718161235397","-0.29540776804319185","0.5450019348929177","0.8125","1.0"
"resnet18","macro_precision","DreamBooth","T2I-Adapter","5","-0.05152391277474433","-1.0321152072855087","0.08222360386986183","0.125","1.0"
"resnet18","macro_precision","DreamBooth","baseline","5","-0.061425372601987015","-0.8735248221472515","0.12249790254497232","0.125","1.0"
"resnet18","macro_precision","DreamBooth","flow","5","-0.0797743590192567","-1.1500672896761701","0.06187216307879433","0.125","1.0"
"resnet18","macro_precision","LesionGen","Siamese","5","0.04529501096650519","1.3858479679253797","0.03626151732075884","0.0625","1.0"
"resnet18","macro_precision","LesionGen","T2I-Adapter","5","0.004767816352996257","0.13342850566979259","0.780288626205367","1.0","1.0"
"resnet18","macro_precision","LesionGen","baseline","5","-0.00513364347424643","-0.09850839189999809","0.8364453250801579","1.0","1.0"
"resnet18","macro_precision","LesionGen","flow","5","-0.023482629891516105","-0.3795171746051758","0.4438902653245127","0.625","1.0"
"resnet18","macro_precision","Siamese","T2I-Adapter","5","-0.040527194613508934","-2.350703874987449","0.006270111586653501","0.0625","0.28215502139940757"
"resnet18","macro_precision","Siamese","baseline","5","-0.05042865444075162","-1.393978401169258","0.03562874422766779","0.0625","1.0"
"resnet18","macro_precision","Siamese","flow","5","-0.0687776408580213","-1.4899250787323606","0.029062984669824498","0.0625","1.0"
"resnet18","macro_precision","T2I-Adapter","baseline","5","-0.009901459827242687","-0.37106019843738136","0.4533460024806488","0.625","1.0"
"resnet18","macro_precision","T2I-Adapter","flow","5","-0.02825044624451236","-0.801937079422341","0.14740282530904875","0.1875","1.0"
"resnet18","macro_precision","baseline","flow","5","-0.018348986417269675","-0.4035958962244027","0.4178396028240409","0.8125","1.0"
"resnet18","macro_recall","ArSDM","Controlnet","5","0.02324786324786323","0.6969413902713084","0.1941387390575985","0.3125","1.0"
"resnet18","macro_recall","ArSDM","DFMGAN","5","0.02761904761904761","0.8597982710791049","0.12689592929439034","0.1875","1.0"
"resnet18","macro_recall","ArSDM","Derm-T2IM","5","0.005054945054945104","0.10906117165032687","0.8193301658600025","0.8125","1.0"
"resnet18","macro_recall","ArSDM","DreamBooth","5","0.054920634920634925","1.1311233850738185","0.06471498058448422","0.125","1.0"
"resnet18","macro_recall","ArSDM","LesionGen","5","0.01868131868131868","0.293915717824756","0.5469359466894029","0.625","1.0"
"resnet18","macro_recall","ArSDM","Siamese","5","0.03663003663003668","1.1701532474534377","0.05901312397291883","0.125","1.0"
"resnet18","macro_recall","ArSDM","T2I-Adapter","5","0.03028083028083035","1.0595775280681121","0.07688059487059717","0.125","1.0"
"resnet18","macro_recall","ArSDM","baseline","5","0.014481074481074474","0.4000829493922326","0.42156007543251606","0.8125","1.0"
"resnet18","macro_recall","ArSDM","flow","5","0.0018803418803418515","0.0804264726750337","0.8660218635130787","1.0","1.0"
"resnet18","macro_recall","Controlnet","DFMGAN","5","0.004371184371184378","0.079582539593715","0.8674092641839977","0.8125","1.0"
"resnet18","macro_recall","Controlnet","Derm-T2IM","5","-0.01819291819291813","-0.3872207273247775","0.4354156455787062","0.625","1.0"
"resnet18","macro_recall","Controlnet","DreamBooth","5","0.031672771672771695","0.49250898759969486","0.33258677793245106","0.3125","1.0"
"resnet18","macro_recall","Controlnet","LesionGen","5","-0.0045665445665445505","-0.06318281529874185","0.8944775289147324","1.0","1.0"
"resnet18","macro_recall","Controlnet","Siamese","5","0.013382173382173446","0.42940853925029243","0.391335810718626","0.3125","1.0"
"resnet18","macro_recall","Controlnet","T2I-Adapter","5","0.007032967032967119","0.2517642191342326","0.6035185396847915","0.8125","1.0"
"resnet18","macro_recall","Controlnet","baseline","5","-0.008766788766788759","-0.22573906691295323","0.6402612566294543","1.0","1.0"
"resnet18","macro_recall","Controlnet","flow","5","-0.021367521367521382","-0.804867843501237","0.14628276499477663","0.0625","1.0"
"resnet18","macro_recall","DFMGAN","Derm-T2IM","5","-0.022564102564102507","-0.386818578277801","0.4358547784156848","0.8125","1.0"
"resnet18","macro_recall","DFMGAN","DreamBooth","5","0.027301587301587316","0.7904228753143683","0.1518925900080774","0.3125","1.0"
"resnet18","macro_recall","DFMGAN","LesionGen","5","-0.008937728937728928","-0.1999491071923367","0.6779443801109963","0.8125","1.0"
"resnet18","macro_recall","DFMGAN","Siamese","5","0.009010989010989068","0.2732102477995132","0.5742653736388856","0.8125","1.0"
"resnet18","macro_recall","DFMGAN","T2I-Adapter","5","0.002661782661782741","0.08375532361547884","0.8605550797712923","1.0","1.0"
"resnet18","macro_recall","DFMGAN","baseline","5","-0.013137973137973135","-0.40316793267579876","0.41829138745126837","0.625","1.0"
"resnet18","macro_recall","DFMGAN","flow","5","-0.025738705738705757","-0.8273177079230187","0.13799929426524954","0.1875","1.0"
"resnet18","macro_recall","Derm-T2IM","DreamBooth","5","0.04986568986568982","0.9791814016076713","0.09374269549037735","0.125","1.0"
"resnet18","macro_recall","Derm-T2IM","LesionGen","5","0.013626373626373579","0.20319248175466273","0.6731387054754182","0.8125","1.0"
"resnet18","macro_recall","Derm-T2IM","Siamese","5","0.03157509157509157","0.7996739020848099","0.14827401452615668","0.0625","1.0"
"resnet18","macro_recall","Derm-T2IM","T2I-Adapter","5","0.025225885225885248","0.5936198331270576","0.25507665254090217","0.1875","1.0"
"resnet18","macro_recall","Derm-T2IM","baseline","5","0.00942612942612937","0.2298665836988323","0.6343457086312965","1.0","1.0"
"resnet18","macro_recall","Derm-T2IM","flow","5","-0.0031746031746032522","-0.07584898867906414","0.8735539643058088","0.7150006546880893","1.0"
"resnet18","macro_recall","DreamBooth","LesionGen","5","-0.03623931623931624","-1.5442694966409212","0.02598101342448929","0.0625","1.0"
"resnet18","macro_recall","DreamBooth","Siamese","5","-0.01829059829059825","-0.5073255015102778","0.3199934013813984","0.3125","1.0"
"resnet18","macro_recall","DreamBooth","T2I-Adapter","5","-0.024639804639804575","-0.6020978779445622","0.24942947108494218","0.3125","1.0"
"resnet18","macro_recall","DreamBooth","baseline","5","-0.04043956043956045","-0.8776314060167281","0.12121458739700791","0.125","1.0"
"resnet18","macro_recall","DreamBooth","flow","5","-0.05304029304029308","-1.130589654794004","0.06479721285820952","0.125","1.0"
"resnet18","macro_recall","LesionGen","Siamese","5","0.017948717948717996","0.4188875780970441","0.40196189910425345","0.625","1.0"
"resnet18","macro_recall","LesionGen","T2I-Adapter","5","0.01159951159951167","0.2443795091814936","0.6138084985457033","1.0","1.0"
"resnet18","macro_recall","LesionGen","baseline","5","-0.004200244200244207","-0.0780261428605432","0.869969445167232","0.625","1.0"
"resnet18","macro_recall","LesionGen","flow","5","-0.01680097680097683","-0.29901719427756507","0.5403432133794096","0.4375","1.0"
"resnet18","macro_recall","Siamese","T2I-Adapter","5","-0.006349206349206327","-0.9515291208568485","0.10046934666617942","0.1875","1.0"
"resnet18","macro_recall","Siamese","baseline","5","-0.022148962148962205","-1.0501825557595383","0.07866306231046151","0.125","1.0"
"resnet18","macro_recall","Siamese","flow","5","-0.034749694749694825","-2.1181494348498915","0.009061703344328442","0.0625","0.3987149471504514"
"resnet18","macro_recall","T2I-Adapter","baseline","5","-0.015799755799755878","-0.8390083167177507","0.13388653021701347","0.1875","1.0"
"resnet18","macro_recall","T2I-Adapter","flow","5","-0.028400488400488498","-2.576141025272754","0.004505613846767725","0.0625","0.2027526231045476"
"resnet18","macro_recall","baseline","flow","5","-0.012600732600732623","-0.8035156177168624","0.14679841641616742","0.125","1.0"
"resnet50","accuracy","ArSDM","Controlnet","5","-0.016000000000000035","-0.7869910029407465","0.15325877700281587","0.125","1.0"
"resnet50","accuracy","ArSDM","DFMGAN","5","-0.013333333333333374","-0.8164965809277279","0.14192744777405478","0.1875","1.0"
"resnet50","accuracy","ArSDM","Derm-T2IM","5","-0.002666666666666706","-0.13116516715679258","0.7838844433882776","0.4652088184521418","1.0"
"resnet50","accuracy","ArSDM","DreamBooth","5","0.04533333333333334","2.534210374499758","0.004782509480212023","0.0625","0.1865178697282689"
"resnet50","accuracy","ArSDM","LesionGen","5","-0.018666666666666675","-1.2278812270298436","0.05160595781117442","0.125","1.0"
"resnet50","accuracy","ArSDM","Siamese","5","0.0040000000000000036","0.2738612787525838","0.5733922538253544","0.5929800980174267","1.0"
"resnet50","accuracy","ArSDM","T2I-Adapter","5","-0.01733333333333331","-0.9623031732568869","0.09778665378822479","0.125","1.0"
"resnet50","accuracy","ArSDM","baseline","5","-0.03866666666666667","-1.5963974594332229","0.02338299841230723","0.0625","0.7376116804237954"
"resnet50","accuracy","ArSDM","flow","5","-0.024","-1.8467610337532834","0.014499999999999841","0.0625","0.47849999999999476"
"resnet50","accuracy","Controlnet","DFMGAN","5","0.002666666666666662","0.10968169942141617","0.818327415082649","0.7854947471183542","1.0"
"resnet50","accuracy","Controlnet","Derm-T2IM","5","0.01333333333333333","0.8528028654224427","0.12920298463940977","0.10880943004054568","1.0"
"resnet50","accuracy","Controlnet","DreamBooth","5","0.06133333333333337","2.4855788440081783","0.005130258552042721","0.0625","0.1948974188270956"
"resnet50","accuracy","Controlnet","LesionGen","5","-0.0026666666666666393","-0.3508232077228083","0.4766206672728453","0.5929800980174267","1.0"
"resnet50","accuracy","Controlnet","Siamese","5","0.02000000000000004","1.6035674514745506","0.023050365013243607","0.0625","0.7376116804237954"
"resnet50","accuracy","Controlnet","T2I-Adapter","5","-0.0013333333333332754","-0.18257418583504778","0.7040000000000115","0.8125","1.0"
"resnet50","accuracy","Controlnet","baseline","5","-0.022666666666666634","-1.180157228651058","0.0576459485354993","0.06788915486182899","1.0"
"resnet50","accuracy","Controlnet","flow","5","-0.007999999999999962","-0.3852967794407601","0.43751978747716075","0.8125","1.0"
"resnet50","accuracy","DFMGAN","Derm-T2IM","5","0.010666666666666668","0.7715885154726599","0.1595528526983936","0.10880943004054568","1.0"
"resnet50","accuracy","DFMGAN","DreamBooth","5","0.058666666666666714","19.67739820199804","1.5953152568230489e-06","0.0625","7.178918655703719e-05"
"resnet50","accuracy","DFMGAN","LesionGen","5","-0.005333333333333301","-0.2793721183078296","0.566037177700043","0.4614509878333607","1.0"
"resnet50","accuracy","DFMGAN","Siamese","5","0.017333333333333378","0.675837818383049","0.20526123434133633","0.1875","1.0"
"resnet50","accuracy","DFMGAN","T2I-Adapter","5","-0.003999999999999937","-0.16452254913212197","0.7316000830813256","1.0","1.0"
"resnet50","accuracy","DFMGAN","baseline","5","-0.025333333333333298","-1.3270175619621982","0.04125450358411427","0.06788915486182899","1.0"
"resnet50","accuracy","DFMGAN","flow","5","-0.010666666666666625","-0.8207826816681193","0.1403573866189959","0.3125","1.0"
"resnet50","accuracy","Derm-T2IM","DreamBooth","5","0.04800000000000004","3.513240262614723","0.0014186112260286686","0.0625","0.059581671493204084"
"resnet50","accuracy","Derm-T2IM","LesionGen","5","-0.01599999999999997","-1.4342743312012702","0.032677923336803145","0.0625","0.9476597767672912"
"resnet50","accuracy","Derm-T2IM","Siamese","5","0.00666666666666671","0.3244428422615272","0.5083296622422144","0.4375","1.0"
"resnet50","accuracy","Derm-T2IM","T2I-Adapter","5","-0.014666666666666606","-0.9214785982417275","0.10839243802227459","0.06559969214707187","1.0"
"resnet50","accuracy","Derm-T2IM","baseline","5","-0.03599999999999996","-3.2271172452028543","0.001955686270106476","0.0625","0.07934353153888696"
"resnet50","accuracy","Derm-T2IM","flow","5","-0.021333333333333294","-1.153199952250315","0.06141597352517052","0.06559969214707187","1.0"
"resnet50","accuracy","DreamBooth","LesionGen","5","-0.06400000000000002","-3.236159339823562","0.001935208086314316","0.0625","0.07934353153888696"
"resnet50","accuracy","DreamBooth","Siamese","5","-0.04133333333333333","-1.564738841887713","0.024921827605154327","0.0625","0.7476548281546298"
"resnet50","accuracy","DreamBooth","T2I-Adapter","5","-0.06266666666666665","-2.485763661135341","0.005128879442818306","0.0625","0.1948974188270956"
"resnet50","accuracy","DreamBooth","baseline","5","-0.084","-4.831879429738444","0.0004162391951277987","0.0625","0.018314524585623142"
"resnet50","accuracy","DreamBooth","flow","5","-0.06933333333333333","-4.517471324735913","0.0005404737035850435","0.0625","0.02324036925415687"
"resnet50","accuracy","LesionGen","Siamese","5","0.02266666666666668","2.241893609545681","0.007421788771994151","0.0625","0.2597626070197953"
"resnet50","accuracy","LesionGen","T2I-Adapter","5","0.001333333333333364","0.23904572186688444","0.6213082950374889","0.27630291733748347","1.0"
"resnet50","accuracy","LesionGen","baseline","5","-0.019999999999999997","-1.2247448713915896","0.051979694201925886","0.0625","1.0"
"resnet50","accuracy","LesionGen","flow","5","-0.005333333333333324","-0.309066963714502","0.5275206451698229","0.4652088184521418","1.0"
"resnet50","accuracy","Siamese","T2I-Adapter","5","-0.021333333333333315","-2.4542879643115834","0.005370441980612591","0.0625","0.1948974188270956"
"resnet50","accuracy","Siamese","baseline","5","-0.04266666666666667","-1.9038851753879333","0.013082580216561411","0.0625","0.444807727363088"
"resnet50","accuracy","Siamese","flow","5","-0.028000000000000004","-1.254990039801116","0.04850207488314659","0.125","1.0"
"resnet50","accuracy","T2I-Adapter","baseline","5","-0.02133333333333336","-1.0274580785086982","0.08317058534153095","0.06788915486182899","1.0"
"resnet50","accuracy","T2I-Adapter","flow","5","-0.006666666666666687","-0.32444284226152653","0.5083296622422152","0.28504940740261275","1.0"
"resnet50","accuracy","baseline","flow","5","0.014666666666666672","0.5552299116375763","0.2822379266039486","0.3125","1.0"
"resnet50","balanced_accuracy","ArSDM","Controlnet","5","-0.010989010989010973","-0.36839947793737704","0.4563539414851584","0.625","1.0"
"resnet50","balanced_accuracy","ArSDM","DFMGAN","5","-0.014114774114774065","-0.5090150664649836","0.3185854459581988","0.4375","1.0"
"resnet50","balanced_accuracy","ArSDM","Derm-T2IM","5","0.007130647130647127","0.1724656154767444","0.7193914587340012","0.8125","1.0"
"resnet50","balanced_accuracy","ArSDM","DreamBooth","5","0.052112332112332085","1.6002964752341333","0.02320140940030722","0.0625","0.9048549666119816"
"resnet50","balanced_accuracy","ArSDM","LesionGen","5","-0.015531135531135498","-0.6377867109915145","0.226977893984621","0.1875","1.0"
"resnet50","balanced_accuracy","ArSDM","Siamese","5","0.0020268620268620195","0.13818563041642712","0.7727526099423716","0.8125","1.0"
"resnet50","balanced_accuracy","ArSDM","T2I-Adapter","5","-0.00246642246642248","-0.10784313039602367","0.8212996907063537","0.8125","1.0"
"resnet50","balanced_accuracy","ArSDM","baseline","5","-0.03821733821733821","-1.1504321140975173","0.061818836695217275","0.0625","1.0"
"resnet50","balanced_accuracy","ArSDM","flow","5","-0.02617826617826615","-1.0408404719609416","0.08048191298480471","0.125","1.0"
"resnet50","balanced_accuracy","Controlnet","DFMGAN","5","-0.0031257631257630924","-0.10480428778566943","0.8262202955482179","0.8125","1.0"
"resnet50","balanced_accuracy","Controlnet","Derm-T2IM","5","0.0181196581196581","0.9140957291222412","0.11044289635433732","0.1875","1.0"
"resnet50","balanced_accuracy","Controlnet","DreamBooth","5","0.06310134310134305","1.756242052754703","0.017145153715601925","0.0625","0.685806148624077"
"resnet50","balanced_accuracy","Controlnet","LesionGen","5","-0.004542124542124526","-0.312774053255427","0.522846303245779","0.8125","1.0"
"resnet50","balanced_accuracy","Controlnet","Siamese","5","0.013015873015872991","0.7561748179161435","0.1661256245959573","0.1875","1.0"
"resnet50","balanced_accuracy","Controlnet","T2I-Adapter","5","0.008522588522588493","0.7399949330985681","0.1733321645655248","0.3125","1.0"
"resnet50","balanced_accuracy","Controlnet","baseline","5","-0.027228327228327243","-0.7944373735417177","0.1503108848030839","0.1875","1.0"
"resnet50","balanced_accuracy","Controlnet","flow","5","-0.01518925518925518","-0.5105298374454851","0.3173280011029596","0.4375","1.0"
"resnet50","balanced_accuracy","DFMGAN","Derm-T2IM","5","0.02124542124542119","0.8190661676484617","0.1409839223712143","0.0625","1.0"
"resnet50","balanced_accuracy","DFMGAN","DreamBooth","5","0.06622710622710615","9.66447332110015","2.7122151358835024e-05","0.0625","0.0012204968111475761"
"resnet50","balanced_accuracy","DFMGAN","LesionGen","5","-0.0014163614163614335","-0.06842877832676443","0.885797777901318","1.0","1.0"
"resnet50","balanced_accuracy","DFMGAN","Siamese","5","0.016141636141636086","0.5404289005683092","0.29343183521072524","0.4375","1.0"
"resnet50","balanced_accuracy","DFMGAN","T2I-Adapter","5","0.011648351648351585","0.6098829276340657","0.24435194216526987","0.3125","1.0"
"resnet50","balanced_accuracy","DFMGAN","baseline","5","-0.02410256410256415","-1.06054260259758","0.07670009644095238","0.125","1.0"
"resnet50","balanced_accuracy","DFMGAN","flow","5","-0.012063492063492087","-0.8050045283199001","0.14623075001886782","0.1875","1.0"
"resnet50","balanced_accuracy","Derm-T2IM","DreamBooth","5","0.044981684981684956","1.4817567018977835","0.029562812756915906","0.125","1.0"
"resnet50","balanced_accuracy","Derm-T2IM","LesionGen","5","-0.022661782661782627","-1.039131183566891","0.08081981108537029","0.125","1.0"
"resnet50","balanced_accuracy","Derm-T2IM","Siamese","5","-0.005103785103785108","-0.15496826472905306","0.7464131302981101","0.8125","1.0"
"resnet50","balanced_accuracy","Derm-T2IM","T2I-Adapter","5","-0.009597069597069607","-0.5012341267605441","0.32511705960610465","0.625","1.0"
"resnet50","balanced_accuracy","Derm-T2IM","baseline","5","-0.04534798534798534","-1.443402060287117","0.03205009159437807","0.0625","1.0"
"resnet50","balanced_accuracy","Derm-T2IM","flow","5","-0.03330891330891328","-1.1172570789435274","0.06689062925305445","0.0625","1.0"
"resnet50","balanced_accuracy","DreamBooth","LesionGen","5","-0.06764346764346758","-2.5017470138798603","0.005011309405981205","0.0625","0.2104749950512106"
"resnet50","balanced_accuracy","DreamBooth","Siamese","5","-0.05008547008547006","-1.3852599215790418","0.03630779339242517","0.0625","1.0"
"resnet50","balanced_accuracy","DreamBooth","T2I-Adapter","5","-0.054578754578754565","-2.152786110460039","0.00856172555080102","0.0625","0.3510307475828418"
"resnet50","balanced_accuracy","DreamBooth","baseline","5","-0.09032967032967029","-3.3451765785302197","0.0017079769212448687","0.0625","0.07344300761352936"
"resnet50","balanced_accuracy","DreamBooth","flow","5","-0.07829059829059823","-4.555694199218603","0.0005231124457246179","0.0625","0.023016947611883186"
"resnet50","balanced_accuracy","LesionGen","Siamese","5","0.01755799755799752","1.0214598581896184","0.0844083940727158","0.0625","1.0"
"resnet50","balanced_accuracy","LesionGen","T2I-Adapter","5","0.013064713064713018","1.206327982145992","0.05423848249543849","0.0625","1.0"
"resnet50","balanced_accuracy","LesionGen","baseline","5","-0.022686202686202715","-1.0584669652566698","0.0770888989035487","0.125","1.0"
"resnet50","balanced_accuracy","LesionGen","flow","5","-0.010647130647130654","-0.39681194275966686","0.4250488879806489","0.3125","1.0"
"resnet50","balanced_accuracy","Siamese","T2I-Adapter","5","-0.004493284493284499","-0.2915616431055927","0.5499970618275829","0.8125","1.0"
"resnet50","balanced_accuracy","Siamese","baseline","5","-0.04024420024420024","-1.222424620817738","0.052258196599388","0.0625","1.0"
"resnet50","balanced_accuracy","Siamese","flow","5","-0.02820512820512817","-1.011078902533033","0.08659985886271725","0.125","1.0"
"resnet50","balanced_accuracy","T2I-Adapter","baseline","5","-0.035750915750915734","-1.2764539222150222","0.046197519750416104","0.125","1.0"
"resnet50","balanced_accuracy","T2I-Adapter","flow","5","-0.02371184371184367","-1.2419230744881307","0.049970371617294715","0.125","1.0"
"resnet50","balanced_accuracy","baseline","flow","5","0.012039072039072063","0.34535679486036014","0.48306425751790744","0.4375","1.0"
"resnet50","macro_auc_ovr","ArSDM","Controlnet","5","-0.010779021390132471","-0.789261874777601","0.15235331575878","0.1875","1.0"
"resnet50","macro_auc_ovr","ArSDM","DFMGAN","5","-0.0157960701849591","-1.2860566763438013","0.04520785823249126","0.125","0.9041571646498252"
"resnet50","macro_auc_ovr","ArSDM","Derm-T2IM","5","0.002326595215484062","0.4151038609728473","0.40584269278438145","0.4375","1.0"
"resnet50","macro_auc_ovr","ArSDM","DreamBooth","5","0.021449283227060988","1.5982401854249266","0.023296966843000366","0.0625","0.5824241710750091"
"resnet50","macro_auc_ovr","ArSDM","LesionGen","5","-0.002527495138606306","-0.4588447543866728","0.3628797385963658","0.3125","1.0"
"resnet50","macro_auc_ovr","ArSDM","Siamese","5","0.00759598426265089","1.7950743315044042","0.015944782154618087","0.0625","0.49031368392482105"
"resnet50","macro_auc_ovr","ArSDM","T2I-Adapter","5","-0.026048749604305234","-2.3665485507580257","0.006121176168092586","0.0625","0.23260469438751827"
"resnet50","macro_auc_ovr","ArSDM","baseline","5","-0.020106362773029508","-1.7961695010763155","0.015912419944885313","0.0625","0.49031368392482105"
"resnet50","macro_auc_ovr","ArSDM","flow","5","-0.019490073712295962","-1.5787560245126349","0.02422607248950462","0.0625","0.5824241710750091"
"resnet50","macro_auc_ovr","Controlnet","DFMGAN","5","-0.005017048794826629","-0.6233732283788648","0.2357935224872086","0.3125","1.0"
"resnet50","macro_auc_ovr","Controlnet","Derm-T2IM","5","0.013105616605616533","0.8652937353815158","0.1251148973686884","0.125","1.0"
"resnet50","macro_auc_ovr","Controlnet","DreamBooth","5","0.03222830461719346","2.432618850867056","0.005544862937048076","0.0625","0.21624965454487494"
"resnet50","macro_auc_ovr","Controlnet","LesionGen","5","0.008251526251526165","0.6746893928462864","0.2058848494103225","0.3125","1.0"
"resnet50","macro_auc_ovr","Controlnet","Siamese","5","0.018375005652783362","1.2186403622038204","0.05271613577654359","0.125","1.0"
"resnet50","macro_auc_ovr","Controlnet","T2I-Adapter","5","-0.015269728214172763","-1.946934598025974","0.012123957532136864","0.0625","0.4000905985605165"
"resnet50","macro_auc_ovr","Controlnet","baseline","5","-0.009327341382897036","-2.1345157571366027","0.008821154938558173","0.0625","0.31756157778809424"
"resnet50","macro_auc_ovr","Controlnet","flow","5","-0.008711052322163492","-1.0522786625809606","0.07826136498812139","0.125","1.0"
"resnet50","macro_auc_ovr","DFMGAN","Derm-T2IM","5","0.01812266540044316","1.7153303524444299","0.018529181754082587","0.0625","0.5002879073602299"
"resnet50","macro_auc_ovr","DFMGAN","DreamBooth","5","0.03724535341202009","3.560666819657368","0.001348153323882902","0.0625","0.05931874625084769"
"resnet50","macro_auc_ovr","DFMGAN","LesionGen","5","0.013268575046352793","1.0120399903345365","0.08639430891063807","0.1875","1.0"
"resnet50","macro_auc_ovr","DFMGAN","Siamese","5","0.02339205444760999","1.4991068175450635","0.02851304034324896","0.125","0.6557999278947261"
"resnet50","macro_auc_ovr","DFMGAN","T2I-Adapter","5","-0.010252679419346133","-1.044969156999216","0.07967229243322912","0.125","1.0"
"resnet50","macro_auc_ovr","DFMGAN","baseline","5","-0.004310292588070408","-0.9314962853448175","0.10567697685231035","0.125","1.0"
"resnet50","macro_auc_ovr","DFMGAN","flow","5","-0.0036940035273368642","-0.5023934384923218","0.32413616803496664","0.4375","1.0"
"resnet50","macro_auc_ovr","Derm-T2IM","DreamBooth","5","0.019122688011576926","1.477220195391079","0.029844795115984882","0.125","0.6557999278947261"
"resnet50","macro_auc_ovr","Derm-T2IM","LesionGen","5","-0.004854090354090368","-0.498298387184135","0.3276131348674597","0.625","1.0"
"resnet50","macro_auc_ovr","Derm-T2IM","Siamese","5","0.005269389047166828","0.548152011899621","0.2875394406300711","0.3125","1.0"
"resnet50","macro_auc_ovr","Derm-T2IM","T2I-Adapter","5","-0.028375344819789296","-2.282784808892946","0.006960938247750205","0.0625","0.2575547151667576"
"resnet50","macro_auc_ovr","Derm-T2IM","baseline","5","-0.02243295798851357","-1.944855213165566","0.012168267493414906","0.0625","0.4000905985605165"
"resnet50","macro_auc_ovr","Derm-T2IM","flow","5","-0.021816668927780024","-1.7581641161130754","0.017083239559423414","0.0625","0.49031368392482105"
"resnet50","macro_auc_ovr","DreamBooth","LesionGen","5","-0.023976778365667296","-1.4960009612170075","0.028697676816078804","0.0625","0.6557999278947261"
"resnet50","macro_auc_ovr","DreamBooth","Siamese","5","-0.013853298964410099","-0.8379257160065631","0.13426178202306285","0.1875","1.0"
"resnet50","macro_auc_ovr","DreamBooth","T2I-Adapter","5","-0.04749803283136622","-2.7260842189506205","0.003663464689159045","0.0625","0.15020205225552083"
"resnet50","macro_auc_ovr","DreamBooth","baseline","5","-0.0415556460000905","-3.3869243524931885","0.001629760474672595","0.0625","0.07007970041092158"
"resnet50","macro_auc_ovr","DreamBooth","flow","5","-0.04093935693935695","-5.416610434411615","0.0002665740026669353","0.0625","0.011995830120012088"
"resnet50","macro_auc_ovr","LesionGen","Siamese","5","0.010123479401257195","2.067615127206943","0.00985643371256266","0.0625","0.34497517993969307"
"resnet50","macro_auc_ovr","LesionGen","T2I-Adapter","5","-0.023521254465698926","-2.69209886359478","0.0038361200317230024","0.0625","0.1534448012689201"
"resnet50","macro_auc_ovr","LesionGen","baseline","5","-0.0175788676344232","-1.6921746907793185","0.01937187517693136","0.0625","0.5036687546002153"
"resnet50","macro_auc_ovr","LesionGen","flow","5","-0.016962578573689657","-1.1835705262227139","0.05718783867330512","0.0625","1.0"
"resnet50","macro_auc_ovr","Siamese","T2I-Adapter","5","-0.03364473386695612","-2.8330181647101105","0.0031790871133282926","0.0625","0.1335216587597883"
"resnet50","macro_auc_ovr","Siamese","baseline","5","-0.0277023470356804","-2.0558573601999424","0.010053320762715938","0.0625","0.34497517993969307"
"resnet50","macro_auc_ovr","Siamese","flow","5","-0.027086057974946853","-1.7994289253250264","0.015816570449187776","0.0625","0.49031368392482105"
"resnet50","macro_auc_ovr","T2I-Adapter","baseline","5","0.005942386831275725","0.967716206658866","0.09646894131013753","0.125","1.0"
"resnet50","macro_auc_ovr","T2I-Adapter","flow","5","0.006558675892009269","0.5262495817598801","0.30454700353966874","0.3125","1.0"
"resnet50","macro_auc_ovr","baseline","flow","5","0.0006162890607335436","0.0772816196117675","0.8711948264808713","1.0","1.0"
"resnet50","macro_f1","ArSDM","Controlnet","5","-0.01658225939703788","-0.6107756400794756","0.24377623839951748","0.3125","1.0"
"resnet50","macro_f1","ArSDM","DFMGAN","5","-0.020844751353687973","-0.6632641031247254","0.21219479132606103","0.1875","1.0"
"resnet50","macro_f1","ArSDM","Derm-T2IM","5","0.006196827313352959","0.1495186000291925","0.7549226279755731","0.8125","1.0"
"resnet50","macro_f1","ArSDM","DreamBooth","5","0.05010279121153205","1.4873506153679408","0.029219430891880442","0.0625","1.0"
"resnet50","macro_f1","ArSDM","LesionGen","5","-0.02002722705145401","-0.8434416734374224","0.13236160537238742","0.1875","1.0"
"resnet50","macro_f1","ArSDM","Siamese","5","0.0023794672728621345","0.1523559168671444","0.7504868854881395","0.8125","1.0"
"resnet50","macro_f1","ArSDM","T2I-Adapter","5","-0.010011868475671348","-0.33925050691617076","0.4903407385828115","0.8125","1.0"
"resnet50","macro_f1","ArSDM","baseline","5","-0.04171142191967936","-1.2049751141317535","0.05440883045203582","0.0625","1.0"
"resnet50","macro_f1","ArSDM","flow","5","-0.02470944146240166","-0.955422501665784","0.0994905975683502","0.125","1.0"
"resnet50","macro_f1","Controlnet","DFMGAN","5","-0.004262491956650094","-0.14434558962279487","0.7630392549441718","0.8125","1.0"
"resnet50","macro_f1","Controlnet","Derm-T2IM","5","0.02277908671039084","1.0048701815986834","0.08794102254317004","0.125","1.0"
"resnet50","macro_f1","Controlnet","DreamBooth","5","0.06668505060856993","1.9179723923371923","0.012759125623925185","0.0625","0.5103650249570074"
"resnet50","macro_f1","Controlnet","LesionGen","5","-0.0034449676544161313","-0.3059897772678105","0.531423518728297","0.4375","1.0"
"resnet50","macro_f1","Controlnet","Siamese","5","0.018961726669900016","1.1233490968284823","0.06592465300956958","0.125","1.0"
"resnet50","macro_f1","Controlnet","T2I-Adapter","5","0.006570390921366531","0.6235058138265035","0.23571089822498467","0.3125","1.0"
"resnet50","macro_f1","Controlnet","baseline","5","-0.02512916252264148","-0.7782734302080027","0.15678813281163823","0.1875","1.0"
"resnet50","macro_f1","Controlnet","flow","5","-0.00812718206536378","-0.27890640464336836","0.5666562686025398","0.625","1.0"
"resnet50","macro_f1","DFMGAN","Derm-T2IM","5","0.027041578667040933","1.1822691041546498","0.05736201086057605","0.0625","1.0"
"resnet50","macro_f1","DFMGAN","DreamBooth","5","0.07094754256522003","12.679824684949777","9.207997579675458e-06","0.0625","0.0004143598910853956"
"resnet50","macro_f1","DFMGAN","LesionGen","5","0.0008175243022339629","0.03620773729753655","0.9393605599313966","0.625","1.0"
"resnet50","macro_f1","DFMGAN","Siamese","5","0.02322421862655011","0.6599088909441531","0.2140847698122652","0.3125","1.0"
"resnet50","macro_f1","DFMGAN","T2I-Adapter","5","0.010832882878016625","0.5041438562120574","0.3226602772919439","0.4375","1.0"
"resnet50","macro_f1","DFMGAN","baseline","5","-0.020866670565991386","-0.9380262018493393","0.10394739960620131","0.125","1.0"
"resnet50","macro_f1","DFMGAN","flow","5","-0.0038646901087136865","-0.2030808583163567","0.6733037857613319","0.625","1.0"
"resnet50","macro_f1","Derm-T2IM","DreamBooth","5","0.04390596389817909","1.5715721848894952","0.024579720663718573","0.125","0.9340293852213057"
"resnet50","macro_f1","Derm-T2IM","LesionGen","5","-0.02622405436480697","-1.2410726770024973","0.05006770073051021","0.0625","1.0"
"resnet50","macro_f1","Derm-T2IM","Siamese","5","-0.0038173600404908248","-0.10545457708913078","0.8251665013884044","0.8125","1.0"
"resnet50","macro_f1","Derm-T2IM","T2I-Adapter","5","-0.016208695789024306","-1.1778469201068131","0.057958418974877524","0.0625","1.0"
"resnet50","macro_f1","Derm-T2IM","baseline","5","-0.047908249233032316","-1.6581055744626259","0.020696731740423302","0.0625","0.8071725378765088"
"resnet50","macro_f1","Derm-T2IM","flow","5","-0.03090626877575462","-0.9963070789875025","0.08982910815208223","0.0625","1.0"
"resnet50","macro_f1","DreamBooth","LesionGen","5","-0.07013001826298607","-2.550260413401008","0.0046741218171887505","0.0625","0.19631311632192752"
"resnet50","macro_f1","DreamBooth","Siamese","5","-0.04772332393866992","-1.2156398047185866","0.053082536724375774","0.0625","1.0"
"resnet50","macro_f1","DreamBooth","T2I-Adapter","5","-0.0601146596872034","-2.2249375311357915","0.007623751273105448","0.0625","0.31257380219732334"
"resnet50","macro_f1","DreamBooth","baseline","5","-0.09181421313121141","-3.7998366582469494","0.0010521427914478645","0.0625","0.04629428282370604"
"resnet50","macro_f1","DreamBooth","flow","5","-0.0748122326739337","-3.5802577873837875","0.0013203153669361606","0.0625","0.056773560778254906"
"resnet50","macro_f1","LesionGen","Siamese","5","0.022406694324316145","1.3276331798945178","0.04119824061955876","0.125","1.0"
"resnet50","macro_f1","LesionGen","T2I-Adapter","5","0.010015358575782663","0.8625008109516662","0.12601664316208713","0.1875","1.0"
"resnet50","macro_f1","LesionGen","baseline","5","-0.02168419486822535","-1.0169386172523915","0.08535509990527079","0.125","1.0"
"resnet50","macro_f1","LesionGen","flow","5","-0.00468221441094765","-0.16878322528795697","0.7250390858184653","0.8125","1.0"
"resnet50","macro_f1","Siamese","T2I-Adapter","5","-0.012391335748533483","-0.5209748996039988","0.3087813564152456","0.3125","1.0"
"resnet50","macro_f1","Siamese","baseline","5","-0.04409088919254149","-1.304472885488016","0.043378110445077764","0.0625","1.0"
"resnet50","macro_f1","Siamese","flow","5","-0.027088908735263796","-0.832464634858345","0.1361720746355716","0.1875","1.0"
"resnet50","macro_f1","T2I-Adapter","baseline","5","-0.03169955344400801","-1.1074148918915598","0.06848556791021804","0.125","1.0"
"resnet50","macro_f1","T2I-Adapter","flow","5","-0.014697572986730311","-0.6263948068695931","0.23391766119895754","0.3125","1.0"
"resnet50","macro_f1","baseline","flow","5","0.017001980457277698","0.45100365021963734","0.3702779138085691","0.4375","1.0"
"resnet50","macro_precision","ArSDM","Controlnet","5","-0.030630863954278033","-1.7572875964072363","0.017111440954536504","0.0625","0.5989004334087776"
"resnet50","macro_precision","ArSDM","DFMGAN","5","-0.034923106288023954","-1.2165853610408692","0.05296675729993288","0.125","1.0"
"resnet50","macro_precision","ArSDM","Derm-T2IM","5","-0.012560796504758586","-0.3844985470282098","0.43839519910804464","0.4375","1.0"
"resnet50","macro_precision","ArSDM","DreamBooth","5","0.05120855550251104","1.7877192613840782","0.016164186778213064","0.0625","0.5819107240156703"
"resnet50","macro_precision","ArSDM","LesionGen","5","-0.027127540430772236","-1.1530606687363043","0.061436174392851796","0.125","1.0"
"resnet50","macro_precision","ArSDM","Siamese","5","0.008647046964468807","0.4474582164709965","0.37366619438957965","0.3125","1.0"
"resnet50","macro_precision","ArSDM","T2I-Adapter","5","-0.0449385362583735","-1.2823566166905962","0.04558623729884592","0.125","1.0"
"resnet50","macro_precision","ArSDM","baseline","5","-0.04681867861564015","-1.428547215598874","0.03307925585161464","0.0625","1.0"
"resnet50","macro_precision","ArSDM","flow","5","-0.02704090170832485","-1.6859686518243187","0.019605477294510575","0.0625","0.6665862280133595"
"resnet50","macro_precision","Controlnet","DFMGAN","5","-0.0042922423337459215","-0.15827062653659432","0.7412776715629975","0.8125","1.0"
"resnet50","macro_precision","Controlnet","Derm-T2IM","5","0.018070067449519445","0.4871716989975633","0.3372326689484368","0.4375","1.0"
"resnet50","macro_precision","Controlnet","DreamBooth","5","0.08183941945678908","3.528405839989773","0.0013955958981225936","0.0625","0.05861502772114893"
"resnet50","macro_precision","Controlnet","LesionGen","5","0.003503323523505797","0.2381242651178877","0.6226096383841276","0.625","1.0"
"resnet50","macro_precision","Controlnet","Siamese","5","0.03927791091874684","1.8479536284717815","0.01446856920084463","0.0625","0.5353370604312513"
"resnet50","macro_precision","Controlnet","T2I-Adapter","5","-0.014307672304095465","-0.5437033893748882","0.2909197446898784","0.4375","1.0"
"resnet50","macro_precision","Controlnet","baseline","5","-0.01618781466136212","-0.8464372616999303","0.13134185157260175","0.1875","1.0"
"resnet50","macro_precision","Controlnet","flow","5","0.0035899622459531822","0.16166224873321708","0.7360203126510672","1.0","1.0"
"resnet50","macro_precision","DFMGAN","Derm-T2IM","5","0.022362309783265366","1.2642311281777545","0.04749387061648302","0.125","1.0"
"resnet50","macro_precision","DFMGAN","DreamBooth","5","0.086131661790535","7.455872095312515","7.58354035676501e-05","0.0625","0.0034125931605442548"
"resnet50","macro_precision","DFMGAN","LesionGen","5","0.007795565857251718","0.2804354947159909","0.5646253101182603","0.4375","1.0"
"resnet50","macro_precision","DFMGAN","Siamese","5","0.04357015325249276","1.0055972254620347","0.08778277436488903","0.125","1.0"
"resnet50","macro_precision","DFMGAN","T2I-Adapter","5","-0.010015429970349543","-0.2203486137183839","0.6480356873891779","0.4375","1.0"
"resnet50","macro_precision","DFMGAN","baseline","5","-0.0118955723276162","-0.4593866711359043","0.36237326775788825","0.4375","1.0"
"resnet50","macro_precision","DFMGAN","flow","5","0.007882204579699103","0.2867660145541596","0.5562698033377124","0.625","1.0"
"resnet50","macro_precision","Derm-T2IM","DreamBooth","5","0.06376935200726963","3.2250132100159976","0.0019604897155686453","0.0625","0.08038007833831445"
"resnet50","macro_precision","Derm-T2IM","LesionGen","5","-0.014566743926013648","-0.39611049803616066","0.42580012841146675","0.4375","1.0"
"resnet50","macro_precision","Derm-T2IM","Siamese","5","0.021207843469227394","0.4474159180799823","0.3737067805560209","0.4375","1.0"
"resnet50","macro_precision","Derm-T2IM","T2I-Adapter","5","-0.03237773975361491","-0.5937995057141864","0.25495568773326865","0.4375","1.0"
"resnet50","macro_precision","Derm-T2IM","baseline","5","-0.034257882110881564","-0.9764257013227717","0.09439003384490267","0.125","1.0"
"resnet50","macro_precision","Derm-T2IM","flow","5","-0.014480105203566263","-0.38876018408340235","0.4337379365190495","0.8125","1.0"
"resnet50","macro_precision","DreamBooth","LesionGen","5","-0.07833609593328328","-3.5699932516201436","0.0013348112048810722","0.0625","0.0573968818098861"
"resnet50","macro_precision","DreamBooth","Siamese","5","-0.042561508538042234","-1.092957570449176","0.07090758864294927","0.0625","1.0"
"resnet50","macro_precision","DreamBooth","T2I-Adapter","5","-0.09614709176088454","-2.419035240004916","0.005657739768405696","0.0625","0.22065185096782214"
"resnet50","macro_precision","DreamBooth","baseline","5","-0.0980272341181512","-6.025169484111826","0.0001756100383335215","0.0625","0.007726841686674946"
"resnet50","macro_precision","DreamBooth","flow","5","-0.0782494572108359","-2.4660109061457223","0.005278878827008557","0.0625","0.21115515308034227"
"resnet50","macro_precision","LesionGen","Siamese","5","0.035774587395241045","1.5133870772880884","0.027682007664053127","0.0625","0.8858242452497"
"resnet50","macro_precision","LesionGen","T2I-Adapter","5","-0.01781099582760126","-0.9824459255319092","0.09298222795085688","0.125","1.0"
"resnet50","macro_precision","LesionGen","baseline","5","-0.019691138184867917","-1.042852880434731","0.08008613322684563","0.0625","1.0"
"resnet50","macro_precision","LesionGen","flow","5","8.663872244738525e-05","0.0033463807130278108","0.9943880143981245","1.0","1.0"
"resnet50","macro_precision","Siamese","T2I-Adapter","5","-0.053585583222842306","-2.165069154343474","0.008392519656244928","0.0625","0.31891574693730723"
"resnet50","macro_precision","Siamese","baseline","5","-0.05546572558010896","-1.5603865699504638","0.02514267394985974","0.0625","0.8297082403453714"
"resnet50","macro_precision","Siamese","flow","5","-0.03568794867279366","-1.211995146821376","0.05353155368399756","0.125","1.0"
"resnet50","macro_precision","T2I-Adapter","baseline","5","-0.0018801423572666564","-0.05850942029205168","0.9022250609973144","1.0","1.0"
"resnet50","macro_precision","T2I-Adapter","flow","5","0.017897634550048648","0.4957046236310235","0.32983298883920553","0.3125","1.0"
"resnet50","macro_precision","baseline","flow","5","0.019777776907315303","0.5319214443298067","0.3000542910714756","0.3125","1.0"
"resnet50","macro_recall","ArSDM","Controlnet","5","-0.010989010989010973","-0.36839947793737704","0.4563539414851584","0.625","1.0"
"resnet50","macro_recall","ArSDM","DFMGAN","5","-0.014114774114774065","-0.5090150664649836","0.3185854459581988","0.4375","1.0"
"resnet50","macro_recall","ArSDM","Derm-T2IM","5","0.007130647130647127","0.1724656154767444","0.7193914587340012","0.8125","1.0"
"resnet50","macro_recall","ArSDM","DreamBooth","5","0.052112332112332085","1.6002964752341333","0.02320140940030722","0.0625","0.9048549666119816"
"resnet50","macro_recall","ArSDM","LesionGen","5","-0.015531135531135498","-0.6377867109915145","0.226977893984621","0.1875","1.0"
"resnet50","macro_recall","ArSDM","Siamese","5","0.0020268620268620195","0.13818563041642712","0.7727526099423716","0.8125","1.0"
"resnet50","macro_recall","ArSDM","T2I-Adapter","5","-0.00246642246642248","-0.10784313039602367","0.8212996907063537","0.8125","1.0"
"resnet50","macro_recall","ArSDM","baseline","5","-0.03821733821733821","-1.1504321140975173","0.061818836695217275","0.0625","1.0"
"resnet50","macro_recall","ArSDM","flow","5","-0.02617826617826615","-1.0408404719609416","0.08048191298480471","0.125","1.0"
"resnet50","macro_recall","Controlnet","DFMGAN","5","-0.0031257631257630924","-0.10480428778566943","0.8262202955482179","0.8125","1.0"
"resnet50","macro_recall","Controlnet","Derm-T2IM","5","0.0181196581196581","0.9140957291222412","0.11044289635433732","0.1875","1.0"
"resnet50","macro_recall","Controlnet","DreamBooth","5","0.06310134310134305","1.756242052754703","0.017145153715601925","0.0625","0.685806148624077"
"resnet50","macro_recall","Controlnet","LesionGen","5","-0.004542124542124526","-0.312774053255427","0.522846303245779","0.8125","1.0"
"resnet50","macro_recall","Controlnet","Siamese","5","0.013015873015872991","0.7561748179161435","0.1661256245959573","0.1875","1.0"
"resnet50","macro_recall","Controlnet","T2I-Adapter","5","0.008522588522588493","0.7399949330985681","0.1733321645655248","0.3125","1.0"
"resnet50","macro_recall","Controlnet","baseline","5","-0.027228327228327243","-0.7944373735417177","0.1503108848030839","0.1875","1.0"
"resnet50","macro_recall","Controlnet","flow","5","-0.01518925518925518","-0.5105298374454851","0.3173280011029596","0.4375","1.0"
"resnet50","macro_recall","DFMGAN","Derm-T2IM","5","0.02124542124542119","0.8190661676484617","0.1409839223712143","0.0625","1.0"
"resnet50","macro_recall","DFMGAN","DreamBooth","5","0.06622710622710615","9.66447332110015","2.7122151358835024e-05","0.0625","0.0012204968111475761"
"resnet50","macro_recall","DFMGAN","LesionGen","5","-0.0014163614163614335","-0.06842877832676443","0.885797777901318","1.0","1.0"
"resnet50","macro_recall","DFMGAN","Siamese","5","0.016141636141636086","0.5404289005683092","0.29343183521072524","0.4375","1.0"
"resnet50","macro_recall","DFMGAN","T2I-Adapter","5","0.011648351648351585","0.6098829276340657","0.24435194216526987","0.3125","1.0"
"resnet50","macro_recall","DFMGAN","baseline","5","-0.02410256410256415","-1.06054260259758","0.07670009644095238","0.125","1.0"
"resnet50","macro_recall","DFMGAN","flow","5","-0.012063492063492087","-0.8050045283199001","0.14623075001886782","0.1875","1.0"
"resnet50","macro_recall","Derm-T2IM","DreamBooth","5","0.044981684981684956","1.4817567018977835","0.029562812756915906","0.125","1.0"
"resnet50","macro_recall","Derm-T2IM","LesionGen","5","-0.022661782661782627","-1.039131183566891","0.08081981108537029","0.125","1.0"
"resnet50","macro_recall","Derm-T2IM","Siamese","5","-0.005103785103785108","-0.15496826472905306","0.7464131302981101","0.8125","1.0"
"resnet50","macro_recall","Derm-T2IM","T2I-Adapter","5","-0.009597069597069607","-0.5012341267605441","0.32511705960610465","0.625","1.0"
"resnet50","macro_recall","Derm-T2IM","baseline","5","-0.04534798534798534","-1.443402060287117","0.03205009159437807","0.0625","1.0"
"resnet50","macro_recall","Derm-T2IM","flow","5","-0.03330891330891328","-1.1172570789435274","0.06689062925305445","0.0625","1.0"
"resnet50","macro_recall","DreamBooth","LesionGen","5","-0.06764346764346758","-2.5017470138798603","0.005011309405981205","0.0625","0.2104749950512106"
"resnet50","macro_recall","DreamBooth","Siamese","5","-0.05008547008547006","-1.3852599215790418","0.03630779339242517","0.0625","1.0"
"resnet50","macro_recall","DreamBooth","T2I-Adapter","5","-0.054578754578754565","-2.152786110460039","0.00856172555080102","0.0625","0.3510307475828418"
"resnet50","macro_recall","DreamBooth","baseline","5","-0.09032967032967029","-3.3451765785302197","0.0017079769212448687","0.0625","0.07344300761352936"
"resnet50","macro_recall","DreamBooth","flow","5","-0.07829059829059823","-4.555694199218603","0.0005231124457246179","0.0625","0.023016947611883186"
"resnet50","macro_recall","LesionGen","Siamese","5","0.01755799755799752","1.0214598581896184","0.0844083940727158","0.0625","1.0"
"resnet50","macro_recall","LesionGen","T2I-Adapter","5","0.013064713064713018","1.206327982145992","0.05423848249543849","0.0625","1.0"
"resnet50","macro_recall","LesionGen","baseline","5","-0.022686202686202715","-1.0584669652566698","0.0770888989035487","0.125","1.0"
"resnet50","macro_recall","LesionGen","flow","5","-0.010647130647130654","-0.39681194275966686","0.4250488879806489","0.3125","1.0"
"resnet50","macro_recall","Siamese","T2I-Adapter","5","-0.004493284493284499","-0.2915616431055927","0.5499970618275829","0.8125","1.0"
"resnet50","macro_recall","Siamese","baseline","5","-0.04024420024420024","-1.222424620817738","0.052258196599388","0.0625","1.0"
"resnet50","macro_recall","Siamese","flow","5","-0.02820512820512817","-1.011078902533033","0.08659985886271725","0.125","1.0"
"resnet50","macro_recall","T2I-Adapter","baseline","5","-0.035750915750915734","-1.2764539222150222","0.046197519750416104","0.125","1.0"
"resnet50","macro_recall","T2I-Adapter","flow","5","-0.02371184371184367","-1.2419230744881307","0.049970371617294715","0.125","1.0"
"resnet50","macro_recall","baseline","flow","5","0.012039072039072063","0.34535679486036014","0.48306425751790744","0.4375","1.0"
